CREATE DATABASE IF NOT EXISTS projet;
USE projet;


-- Apartments & Availability

CREATE TABLE IF NOT EXISTS apartment(
    id VARCHAR(36) PRIMARY KEY,
    nb_piece INT NOT NULL,
    price INT NOT NULL,
    area INT NOT NULL,
    nb_people INT NOT NULL,
    adress VARCHAR(255),
    uuid VARCHAR(36),
    availability_id INT,
    INDEX idx_uuid (uuid),
    INDEX idx_availability_id (availability_id)
);


CREATE TABLE IF NOT EXISTS owner(
    uuid VARCHAR(36) PRIMARY KEY,
    id_address VARCHAR(36),
    name VARCHAR(255) NOT NULL,
    first_name VARCHAR(255) NOT NULL,
    email VARCHAR(255),
    personal_phone VARCHAR(255),
    job VARCHAR(255),
    work_phone VARCHAR(255)
);

CREATE TABLE IF NOT EXISTS apartmentavailability (
    id INT AUTO_INCREMENT PRIMARY KEY,
    availability VARCHAR(52) NOT NULL,
    year INT NOT NULL
);

INSERT INTO apartment (id, nb_piece, price, area, nb_people, adress, uuid, availability_id) VALUES
('3a51db0c-8ac7-4a89-bb3c-cd49710ec99a', 1, 800, 45, 1, '100 Main Street', 'a8dff5c7-8d88-4fcb-jklo-e4a09de05e36', 1),
('af22aac2-cf2e-44b6-bd9e-9dde37ad2d47', 2, 1200, 75, 3, '101 Elm Street', 'ecb9d879-9a9b-4d85-jklo-5867e827efb9', 2),
('15ed7376-8c9b-4521-b9eb-f8664434cf24', 3, 1600, 105, 5, '102 Oak Avenue', 'c3f207fa-6327-4d62-jklo-7ac621af68f9', 3),
('4c24ca97-742f-42b5-941b-35b84ba0d4e6', 4, 2000, 135, 4, '103 Pine Road', 'a8dff5c7-8d88-4fcb-jklo-e4a09de05e36', 4),
('33b2639d-2907-4eef-b42a-66b8da10f00f', 5, 2400, 165, 6, '104 Maple Boulevard', 'b4c8a9c2-e524-4f59-jklo-054b73057465', 5),
('7a853be7-c6d3-43af-a101-9598886cde5d', 1, 1300, 70, 3, '105 Sunset Drive', 'a8dff5c7-8d88-4fcb-jklo-e4a09de05e36', 6),
('5727b823-bb06-445a-ae53-5e838ad0b2ff', 2, 1700, 100, 2, '106 Birch Lane', 'a1b08f23-84b9-4eac-jklo-97c7cd1fd0c1', 7),
('bb66beb7-6eb2-45b8-8898-fc8bca90e795', 3, 2100, 130, 4, '107 Cedar Avenue', 'b4f9a7da-0b09-4e42-jklo-06be4327f1e4', 8),
('f7f1910f-c8e2-415a-843b-6d0204fc7026', 4, 2500, 160, 6, '108 Spruce Court', 'ecb9d879-9a9b-4d85-jklo-5867e827efb9', 9),
('47f18278-86c1-4d2d-b7c4-d813ca9ff721', 5, 2900, 190, 5, '109 Chestnut Avenue', 'b4c8a9c2-e524-4f59-jklo-054b73057465', 10),
('be06f608-83ab-4e42-b929-bb813618b3fd', 5, 2900, 190, 6, '149 Chestnut Avenue', 'c8bb4f84-d394-40c9-jklo-9b292f27f4ff', 11),
('c8b3e4a2-b916-4d87-9b3a-f51c01c4a71d', 1, 700, 40, 1, '150 Willow Lane', 'c8bb4f84-d394-40c9-jklo-9b292f27f4ff', 12),
('a0f2bdc5-8c59-4a60-ae95-7b6fcd1e6e18', 2, 1100, 65, 2, '151 Aspen Boulevard', 'a8dff5c7-8d88-4fcb-jklo-e4a09de05e36', 13),
('97c1b45e-7ed9-4856-9a69-fcc1d1f5c091', 3, 1500, 95, 3, '152 Redwood Street', 'b4f9a7da-0b09-4e42-jklo-06be4327f1e4', 14),
('d28a5f89-0ff4-44d7-b4b7-2e8d0c5ef468', 4, 1900, 125, 4, '153 Cypress Drive', 'c3f207fa-6327-4d62-jklo-7ac621af68f9', 15),
('17a6d348-b07a-4d83-b5ad-5e2a44d25bd9', 5, 2300, 155, 5, '154 Sequoia Avenue', 'ecb9d879-9a9b-4d85-jklo-5867e827efb9', 16),
('3c659fa4-7fc5-4ebf-b1a6-dcb598236816', 1, 850, 50, 2, '155 Poplar Lane', 'a8dff5c7-8d88-4fcb-jklo-e4a09de05e36', 17),
('06b6a5c3-b9eb-47c7-95f7-529b6dfbc5d2', 2, 1250, 85, 3, '156 Magnolia Street', 'b4c8a9c2-e524-4f59-jklo-054b73057465', 18),
('ff9187a8-6cb1-4b6a-8049-972e8e9b5b42', 3, 1750, 115, 4, '157 Alder Road', 'c8bb4f84-d394-40c9-jklo-9b292f27f4ff', 19),
('4897f619-d158-4e0d-bdc2-435cfdc10c94', 4, 2200, 145, 5, '158 Fir Avenue', 'a1b08f23-84b9-4eac-jklo-97c7cd1fd0c1', 20),
('e5c1fdbc-6b64-4c32-89ad-9b8fb4f79580', 5, 2600, 175, 6, '159 Pine Street', 'c3f207fa-6327-4d62-jklo-7ac621af68f9', 21),
('a6dbb5a8-6e87-4b91-ae87-b4d5e0984f45', 1, 750, 45, 1, '160 Walnut Lane', 'ecb9d879-9a9b-4d85-jklo-5867e827efb9', 22),
('b8719f27-1f12-4d9e-b435-d9841b9f3c57', 2, 1150, 70, 2, '161 Beech Avenue', 'b4f9a7da-0b09-4e42-jklo-06be4327f1e4', 23),
('4ccf29d3-fc48-4e02-b9a4-8d15a95f4371', 3, 1550, 100, 3, '162 Maple Court', 'a8dff5c7-8d88-4fcb-jklo-e4a09de05e36', 24),
('d3e0a5a6-4dfb-435f-8a36-b71f5dc85679', 4, 1950, 130, 4, '163 Cedar Street', 'c8bb4f84-d394-40c9-jklo-9b292f27f4ff', 25),
('6a5fbd97-97df-4cb3-8a18-57385e8e6f10', 5, 2350, 160, 5, '164 Oakwood Drive', 'b4f9a7da-0b09-4e42-jklo-06be4327f1e4', 26),
('80c5b492-7b12-44f6-bbfd-7b0df1e80b5d', 1, 800, 50, 2, '165 Birch Road', 'b4c8a9c2-e524-4f59-jklo-054b73057465', 27),
('f8b4e1cb-3b1d-4a49-a8d8-1a52f5d5f2af', 2, 1200, 80, 3, '166 Elmwood Street', 'ecb9d879-9a9b-4d85-jklo-5867e827efb9', 28),
('1d75b4e6-391a-4878-abc5-6b65f6f2b0f2', 3, 1700, 110, 4, '167 Fir Court', 'c8bb4f84-d394-40c9-jklo-9b292f27f4ff', 29),
('95c8f5a3-9c7b-42b3-a76e-f75c8bd2a5f1', 4, 2150, 140, 5, '168 Redwood Avenue', 'a1b08f23-84b9-4eac-jklo-97c7cd1fd0c1', 30),
('2e98c7b1-7f45-44b6-b74d-91e72dcbf9a5', 5, 2550, 170, 6, '169 Cypress Lane', 'a8dff5c7-8d88-4fcb-jklo-e4a09de05e36', 31),
('7d5b9f3c-5b34-4ebd-93cb-d8f4d89c5a17', 1, 770, 48, 1, '170 Aspen Lane', 'c8bb4f84-d394-40c9-jklo-9b292f27f4ff', 32),
('b6f3e9c7-43e7-4c12-ae7f-19d5f2b3e5c1', 2, 1170, 73, 2, '171 Alder Street', 'b4c8a9c2-e524-4f59-jklo-054b73057465', 33),
('4fd8a3e5-6e91-4f3b-a32d-c9a8f7d4e2a5', 3, 1570, 103, 3, '172 Birch Boulevard', 'ecb9d879-9a9b-4d85-jklo-5867e827efb9', 34),
('3e9d2c8b-57f2-4a9d-b74e-d3f6a2e1b8c9', 4, 1970, 133, 4, '173 Pinewood Drive', 'b4f9a7da-0b09-4e42-jklo-06be4327f1e4', 35),
('9b6e2c3d-4b8f-453a-b92e-f7d5a3c8e4f1', 5, 2370, 163, 5, '174 Willow Avenue', 'c8bb4f84-d394-40c9-jklo-9b292f27f4ff', 36),
('c8e9f5d3-7a5b-4cb8-9f7d-e3d6a9b1f5c7', 1, 850, 55, 2, '175 Elmwood Court', 'a8dff5c7-8d88-4fcb-jklo-e4a09de05e36', 37),
('d4f2a5b8-5c7f-493b-87d4-f9e8c7d2b5f1', 2, 1250, 85, 3, '176 Oak Lane', 'c3f207fa-6327-4d62-jklo-7ac621af68f9', 38),
('f7b3c8e9-4f9d-487b-a65c-d3e9a7b1f6c9', 3, 1750, 115, 4, '177 Maplewood Street', 'b4f9a7da-0b09-4e42-jklo-06be4327f1e4', 39),
('e1b6a3d7-5c4e-493b-97f2-b7c8d5f2a9e4', 4, 2150, 145, 5, '178 Sequoia Drive', 'ecb9d879-9a9b-4d85-jklo-5867e827efb9', 40),
('a9c7e5f2-7b4f-4d8b-b93e-f6d3e8b1c7f5', 5, 2550, 175, 6, '179 Cedarwood Lane', 'a1b08f23-84b9-4eac-jklo-97c7cd1fd0c1', 6),
('c4f8e3b1-9d6f-4a7b-8c3e-f5a9d2e7b6f4', 1, 780, 47, 1, '180 Oakwood Avenue', 'b4c8a9c2-e524-4f59-jklo-054b73057465', 17),
('b7c5e4a9-3f8d-4b7e-a65d-d9f2a7b3c8f9', 2, 1180, 72, 2, '181 Pinecone Street', 'a8dff5c7-8d88-4fcb-jklo-e4a09de05e36', 8),
('d6f2b8a3-5e7f-4c9b-a84d-c7f5a3e9b2c8', 3, 1580, 102, 3, '182 Birchwood Court', 'a8dff5c7-8d88-4fcb-jklo-e4a09de05e36', 29),
('e3c9b7d5-4f8a-493e-97c8-a5d9f7e3b6f2', 4, 1980, 132, 4, '183 Maplewood Lane', 'c3f207fa-6327-4d62-jklo-7ac621af68f9', 10),
('f9a7b5c3-8d2e-4f6b-a94c-d5c3e8b1f7a6', 5, 2380, 162, 5, '184 Redwood Boulevard', 'c8bb4f84-d394-40c9-jklo-9b292f27f4ff', 31),
('c8b7f5d3-4a9f-4e8b-96c3-f2a7d9b1e3c7', 1, 830, 53, 2, '185 Sequoia Avenue', 'a1b08f23-84b9-4eac-jklo-97c7cd1fd0c1', 12),
('a5c8e3d7-7b6f-4f9a-b84e-d3f2b9a7c8f5', 2, 1230, 83, 3, '186 Fir Street', 'ecb9d879-9a9b-4d85-jklo-5867e827efb9', 3),
('e9b2a7d5-5f8c-4d7b-a92e-f7d6a3c9b8f4', 3, 1730, 113, 4, '187 Cypress Road', 'b4f9a7da-0b09-4e42-jklo-06be4327f1e4', 14),
('b6f9c7e4-3d5f-493b-97a8-c5e8f2b1a9d7', 4, 2130, 143, 5, '188 Willow Lane', 'a8dff5c7-8d88-4fcb-jklo-e4a09de05e36', 35),
('d3f2a9b7-4f8e-4c6b-b93f-e7a5c8d9b1f6', 5, 2530, 173, 6, '189 Elm Avenue', 'a1b08f23-84b9-4eac-jklo-97c7cd1fd0c1', 1);

INSERT INTO owner (uuid, id_address, name, first_name, email, personal_phone, job, work_phone) VALUES
('a8dff5c7-8d88-4fcb-jklo-e4a09de05e36','a8dff5c7-8d88-4fcb-8d24-e4a09de05e36','Dupont','Jean','jean.dupont@example.com',601020304,'Développeur',140234567),
('ecb9d879-9a9b-4d85-jklo-5867e827efb9','ecb9d879-9a9b-4d85-b0b2-5867e827efb9','Martin','Sophie','sophie.martin@example.com',612345678,'Responsable RH',148765432),
('c3f207fa-6327-4d62-jklo-7ac621af68f9','c3f207fa-6327-4d62-9d56-7ac621af68f9','Lemoine','Pierre','pierre.lemoine@example.com',634567890,'Chef de projet',132456789),
('b4c8a9c2-e524-4f59-jklo-054b73057465','b4c8a9c2-e524-4f59-9f91-054b73057465','Leblanc','Claire','claire.leblanc@example.com',622334455,'Marketing Manager',145667788),
('a1b08f23-84b9-4eac-jklo-97c7cd1fd0c1','a1b08f23-84b9-4eac-9483-97c7cd1fd0c1','Pires','Lucas','lucas.pires@example.com',701020304,'Développeur Backend',150234567),
('b4f9a7da-0b09-4e42-jklo-06be4327f1e4','b4f9a7da-0b09-4e42-81c4-06be4327f1e4','Tremblay','Alice','alice.tremblay@example.com',712345678,'Chef de produit',178765432),
('c8bb4f84-d394-40c9-jklo-9b292f27f4ff','c8bb4f84-d394-40c9-b215-9b292f27f4ff','Fournier','Éric','eric.fournier@example.com',722334455,'Directeur technique',132345678);

INSERT INTO apartmentavailability (availability, year) VALUES
('1012022022120102021020201201212101020100201012020202', 2024),
('0001022022120100020102021102010202021001101201000100', 2024),
('1010101102021012022020201210012020201021201201020101', 2024),
('1201020202022011021021021201011022010210212002102010', 2024),
('1101100101022020212010211101200210210220201021210201', 2024),
('2012101020200101202012101102201010202110202010120120', 2024),
('0201201010220112102212020101010210102120201020211200', 2024),
('0011012121202121020202020202102011010102012010120201', 2024),
('1102021202011011021020102111001012020201012112010210', 2024),
('1202010120210101211202100220210110102002021202010212', 2024),
('1012022022120210202012012121010201002010120202020201', 2024),
('0001022001000201020211020102020210011012010021020100', 2024),
('1010020210120220202012100120202010212012020201020101', 2024),
('0202020220110210210212010110220102102101212002102010', 2024),
('1101100101022020212010211101102101120220201021210201', 2024),
('2012101020200101202012012010212010202110202010120120', 2024),
('0201201010220112102201012011010210102120201020211200', 2024),
('0011012121202121020210210202102011010102012010120201', 2024),
('1102021202011011022120102111001012020201012112010210', 2024),
('1202010120210120211202100220210110102002021202010212', 2024),
('1012022022020210202012012121010201002010120202020201', 2024),
('0001022022000201020211020102020210011012010021020100', 2024),
('1010101100120220202012100120202010212012020201020101', 2024),
('1201020220110210210212010110220102102101212002102010', 2024),
('1101100101022020212010211101102101120220201021210201', 2024),
('2012101020200101202012102010212010202110202010120120', 2024),
('0201201010220112102201012011010210102120201020211200', 2024),
('0011012121202121020210210202102011010102012010120201', 2024),
('1102021202010210202120102111001012020201012112010210', 2024),
('1202010120210101202021120220210110102002021202010212', 2024),
('1012022022120102021012012121010201002010120202020201', 2024),
('0001022022120100020102021102020210011012010021020100', 2024),
('1010101102021012022020100120202010212012020201020101', 2024),
('1201020202022011020212010110220102102101212002102010', 2024),
('1101100101022020102111012002102101120220201021210201', 2024),
('2012101020212020121011022010212010202110202010120120', 2024),
('0201201010220112102212020101010210102120201020211200', 2024),
('0011012121202121020202010202102011010102012010120201', 2024),
('1102021202011011021120102111001012020201012112010210', 2024),
('1202010120210100211202100220210110102002021202010212', 2024);

-- Products & Availability
CREATE TABLE IF NOT EXISTS `category` (
  `id_category` char(36) NOT NULL DEFAULT (uuid()),
  `name` varchar(50) DEFAULT NULL,
  `description` varchar(50) DEFAULT NULL,
  `date_created` datetime DEFAULT NULL,
  `bDelete` tinyint(4) DEFAULT NULL,
  PRIMARY KEY (`id_category`)
);

INSERT INTO `category` (`id_category`, `name`, `description`, `date_created`, `bDelete`) VALUES
	('8eb81bd5-cdbd-11ef-bd31-9822eff265f8', 'Électronique', 'Produits technologiques modernes', '2024-01-01 10:00:00', 0),
	('8ebdd532-cdbd-11ef-bd31-9822eff265f8', 'Vêtements', 'Articles vestimentaires variés', '2024-01-02 11:00:00', 0),
	('8ebdd856-cdbd-11ef-bd31-9822eff265f8', 'Mobilier', 'Meubles pour maison et bureau', '2024-01-03 12:00:00', 0),
	('8ebdd91d-cdbd-11ef-bd31-9822eff265f8', 'Cuisine', 'Ustensiles et appareils de cuisine', '2024-01-04 13:00:00', 0),
	('8ebdd9dd-cdbd-11ef-bd31-9822eff265f8', 'Jardinage', 'Outils et accessoires pour jardin', '2024-01-05 14:00:00', 0),
	('8ebdda89-cdbd-11ef-bd31-9822eff265f8', 'Beauté', 'Produits cosmétiques et soins', '2024-01-06 15:00:00', 0),
	('8ebddb41-cdbd-11ef-bd31-9822eff265f8', 'Livres', 'Fiction, non-fiction et manuels', '2024-01-07 16:00:00', 0),
	('8ebddbed-cdbd-11ef-bd31-9822eff265f8', 'Jouets', 'Jeux et jouets pour enfants', '2024-01-08 17:00:00', 0),
	('8ebddca9-cdbd-11ef-bd31-9822eff265f8', 'Audio', 'Casques, enceintes et accessoires audio', '2024-01-09 18:00:00', 0),
	('8ebddd48-cdbd-11ef-bd31-9822eff265f8', 'Sport', 'Équipements sportifs et vêtements', '2024-01-10 19:00:00', 0),
	('8ebdddeb-cdbd-11ef-bd31-9822eff265f8', 'Bricolage', 'Matériaux et outils pour bricolage', '2024-01-11 10:00:00', 0),
	('8ebdde95-cdbd-11ef-bd31-9822eff265f8', 'Automobile', 'Accessoires et pièces automobiles', '2024-01-12 11:00:00', 0),
	('8ebddf43-cdbd-11ef-bd31-9822eff265f8', 'Santé', 'Produits médicaux et de bien-être', '2024-01-13 12:00:00', 0),
	('8ebddfec-cdbd-11ef-bd31-9822eff265f8', 'Éclairage', 'Luminaires et lampes design', '2024-01-14 13:00:00', 0),
	('8ebde091-cdbd-11ef-bd31-9822eff265f8', 'Décoration', 'Accessoires déco pour intérieur', '2024-01-15 14:00:00', 0),
	('8ebde13c-cdbd-11ef-bd31-9822eff265f8', 'Technologie', 'Gadgets et accessoires innovants', '2024-01-16 15:00:00', 0),
	('8ebde1e2-cdbd-11ef-bd31-9822eff265f8', 'Bijoux', 'Montres et accessoires de luxe', '2024-01-17 16:00:00', 0),
	('8ebde295-cdbd-11ef-bd31-9822eff265f8', 'Papeterie', 'Fournitures scolaires et de bureau', '2024-01-18 17:00:00', 0),
	('8ebde33d-cdbd-11ef-bd31-9822eff265f8', 'Jeux vidéo', 'Consoles et jeux interactifs', '2024-01-19 18:00:00', 0),
	('8ebde3df-cdbd-11ef-bd31-9822eff265f8', 'Chaussures', 'Chaussures pour toutes occasions', '2024-01-20 19:00:00', 0),
	('8ebde485-cdbd-11ef-bd31-9822eff265f8', 'Accessoires mode', 'Sacs, ceintures et chapeaux', '2024-01-21 10:00:00', 0),
	('8ebde530-cdbd-11ef-bd31-9822eff265f8', 'Enfants', 'Articles pour bébés et jeunes enfants', '2024-01-22 11:00:00', 0),
	('8ebde5d1-cdbd-11ef-bd31-9822eff265f8', 'Animalerie', 'Produits pour animaux de compagnie', '2024-01-23 12:00:00', 0),
	('8ebde671-cdbd-11ef-bd31-9822eff265f8', 'Montagne', 'Équipements pour sports d’hiver', '2024-01-24 13:00:00', 0),
	('8ebde719-cdbd-11ef-bd31-9822eff265f8', 'Plage', 'Accessoires et vêtements de plage', '2024-01-25 14:00:00', 0),
	('8ebde7ba-cdbd-11ef-bd31-9822eff265f8', 'Voyage', 'Valises, sacs et accessoires de voyage', '2024-01-26 15:00:00', 0),
	('8ebde85a-cdbd-11ef-bd31-9822eff265f8', 'Produits bio', 'Alimentation et soins naturels', '2024-01-27 16:00:00', 0),
	('8ebde8f9-cdbd-11ef-bd31-9822eff265f8', 'Informatique', 'PC, périphériques et accessoires', '2024-01-28 17:00:00', 0),
	('8ebde99e-cdbd-11ef-bd31-9822eff265f8', 'Photographie', 'Caméras et accessoires photo', '2024-01-29 18:00:00', 0),
	('8ebdea45-cdbd-11ef-bd31-9822eff265f8', 'Loisirs', 'Activités et jeux récréatifs', '2024-01-30 19:00:00', 0),
	('8ebdeae6-cdbd-11ef-bd31-9822eff265f8', 'Alimentation', 'Produits alimentaires variés', '2024-01-31 10:00:00', 0),
	('8ebdeb87-cdbd-11ef-bd31-9822eff265f8', 'Santé et fitness', 'Accessoires pour fitness et yoga', '2024-02-01 11:00:00', 0),
	('8ebdec32-cdbd-11ef-bd31-9822eff265f8', 'Artisanat', 'Matériaux et outils créatifs', '2024-02-02 12:00:00', 0),
	('8ebdeccf-cdbd-11ef-bd31-9822eff265f8', 'Drones', 'Appareils volants télécommandés', '2024-02-03 13:00:00', 0),
	('8ebded74-cdbd-11ef-bd31-9822eff265f8', 'Gaming', 'Accessoires pour gamers', '2024-02-04 14:00:00', 0),
	('8ebdee14-cdbd-11ef-bd31-9822eff265f8', 'Musique', 'Instruments et accessoires musicaux', '2024-02-05 15:00:00', 0),
	('8ebdeeb6-cdbd-11ef-bd31-9822eff265f8', 'Énergie solaire', 'Panneaux et accessoires écologiques', '2024-02-06 16:00:00', 0),
	('8ebdef5b-cdbd-11ef-bd31-9822eff265f8', 'Voyage', 'Articles pour l’aventure et exploration', '2024-02-07 17:00:00', 0),
	('8ebdefff-cdbd-11ef-bd31-9822eff265f8', 'Smart Home', 'Produits pour maison connectée', '2024-02-08 18:00:00', 0),
	('8ebdf0a4-cdbd-11ef-bd31-9822eff265f8', 'Collectibles', 'Objets de collection', '2024-02-09 19:00:00', 0),
	('8ebdf146-cdbd-11ef-bd31-9822eff265f8', 'Piscine', 'Accessoires pour piscine et spa', '2024-02-10 10:00:00', 0),
	('8ebdf1e6-cdbd-11ef-bd31-9822eff265f8', 'Industrie', 'Matériel et équipements industriels', '2024-02-11 11:00:00', 0),
	('8ebdf288-cdbd-11ef-bd31-9822eff265f8', 'Accessoires maison', 'Produits utiles pour la maison', '2024-02-12 12:00:00', 0),
	('8ebdf32f-cdbd-11ef-bd31-9822eff265f8', 'Objets personnalisés', 'Cadeaux et créations uniques', '2024-02-13 13:00:00', 0),
	('8ebdf3db-cdbd-11ef-bd31-9822eff265f8', 'Produits ménagers', 'Produits de nettoyage et d’entretien', '2024-02-14 14:00:00', 0),
	('8ebdf487-cdbd-11ef-bd31-9822eff265f8', 'Montres connectées', 'Smartwatches et accessoires', '2024-02-15 15:00:00', 0),
	('8ebdf52a-cdbd-11ef-bd31-9822eff265f8', 'Équipements médicaux', 'Appareils et accessoires médicaux', '2024-02-16 16:00:00', 0),
	('8ebdf5db-cdbd-11ef-bd31-9822eff265f8', 'Ski', 'Matériel et vêtements pour sports d’hiver', '2024-02-17 17:00:00', 0);

CREATE TABLE IF NOT EXISTS `product` (
  `id_product` char(36) NOT NULL DEFAULT (uuid()),
  `name` varchar(50) DEFAULT NULL,
  `unit_price` float DEFAULT NULL,
  `status` varchar(50) DEFAULT NULL,
  `id_subcategory` int(11) DEFAULT NULL,
  `stock` int(11) DEFAULT NULL,
  `id_provider` varchar(30) DEFAULT NULL,
  `date_updated` datetime DEFAULT NULL,
  `date_created` datetime DEFAULT NULL,
  `bDelete` tinyint(4) DEFAULT NULL,
  PRIMARY KEY (`id_product`)
);

INSERT INTO `product` (`id_product`, `name`, `unit_price`, `status`, `id_subcategory`, `stock`, `id_provider`, `date_updated`, `date_created`, `bDelete`) VALUES
	('57d8722a-cdbe-11ef-bd31-9822eff265f8', 'iPhone 14', 999.99, 'Disponible', 1, 50, 'PROV001', '2024-01-10 10:00:00', '2024-01-01 10:00:00', 0),
	('57eca7d3-cdbe-11ef-bd31-9822eff265f8', 'Samsung Galaxy S23', 899.99, 'Disponible', 1, 70, 'PROV002', '2024-01-10 10:00:00', '2024-01-02 10:00:00', 0),
	('57ecab48-cdbe-11ef-bd31-9822eff265f8', 'MacBook Pro 16"', 2399.99, 'Disponible', 2, 30, 'PROV003', '2024-01-10 10:00:00', '2024-01-03 10:00:00', 0),
	('57ecac2c-cdbe-11ef-bd31-9822eff265f8', 'Dell XPS 15', 1799.99, 'Disponible', 2, 40, 'PROV004', '2024-01-10 10:00:00', '2024-01-04 10:00:00', 0),
	('57ecacfc-cdbe-11ef-bd31-9822eff265f8', 'AirPods Pro', 249.99, 'Disponible', 5, 200, 'PROV005', '2024-01-10 10:00:00', '2024-01-05 10:00:00', 0),
	('57ecadc2-cdbe-11ef-bd31-9822eff265f8', 'Baskets Nike Air', 129.99, 'Disponible', 3, 100, 'PROV006', '2024-01-10 10:00:00', '2024-01-06 10:00:00', 0),
	('57ecae94-cdbe-11ef-bd31-9822eff265f8', 'Canon EOS R6', 2499.99, 'Disponible', 4, 20, 'PROV007', '2024-01-10 10:00:00', '2024-01-07 10:00:00', 0),
	('57ecaf7d-cdbe-11ef-bd31-9822eff265f8', 'Sony WH-1000XM5', 399.99, 'Disponible', 5, 60, 'PROV008', '2024-01-10 10:00:00', '2024-01-08 10:00:00', 0),
	('57ecb04f-cdbe-11ef-bd31-9822eff265f8', 'Mixeur KitchenAid', 199.99, 'Disponible', 6, 80, 'PROV009', '2024-01-10 10:00:00', '2024-01-09 10:00:00', 0),
	('57ecb10f-cdbe-11ef-bd31-9822eff265f8', 'Liseuse Kindle', 129.99, 'Disponible', 7, 120, 'PROV010', '2024-01-10 10:00:00', '2024-01-10 10:00:00', 0),
	('57ecb1cc-cdbe-11ef-bd31-9822eff265f8', 'Jeu de société Monopoly', 29.99, 'Disponible', 8, 150, 'PROV011', '2024-01-10 10:00:00', '2024-01-11 10:00:00', 0),
	('57ecb299-cdbe-11ef-bd31-9822eff265f8', 'Tondeuse Bosch', 399.99, 'Disponible', 9, 25, 'PROV012', '2024-01-10 10:00:00', '2024-01-12 10:00:00', 0),
	('57ecb516-cdbe-11ef-bd31-9822eff265f8', 'Sweat à capuche Adidas', 49.99, 'Disponible', 10, 200, 'PROV013', '2024-01-10 10:00:00', '2024-01-13 10:00:00', 0),
	('57ecb5db-cdbe-11ef-bd31-9822eff265f8', 'Robe d’été Zara', 59.99, 'Disponible', 10, 180, 'PROV014', '2024-01-10 10:00:00', '2024-01-14 10:00:00', 0),
	('57ecb694-cdbe-11ef-bd31-9822eff265f8', 'Table en bois Ikea', 299.99, 'Disponible', 11, 40, 'PROV015', '2024-01-10 10:00:00', '2024-01-15 10:00:00', 0),
	('57ecb747-cdbe-11ef-bd31-9822eff265f8', 'Canapé 3 places', 799.99, 'Disponible', 11, 10, 'PROV016', '2024-01-10 10:00:00', '2024-01-16 10:00:00', 0),
	('57ecb7f6-cdbe-11ef-bd31-9822eff265f8', 'Lampe de bureau Philips', 49.99, 'Disponible', 12, 120, 'PROV017', '2024-01-10 10:00:00', '2024-01-17 10:00:00', 0),
	('57ecb8c3-cdbe-11ef-bd31-9822eff265f8', 'Cafetière Nespresso', 129.99, 'Disponible', 6, 90, 'PROV018', '2024-01-10 10:00:00', '2024-01-18 10:00:00', 0),
	('57ecb97c-cdbe-11ef-bd31-9822eff265f8', 'Livre Harry Potter', 19.99, 'Disponible', 7, 300, 'PROV019', '2024-01-10 10:00:00', '2024-01-19 10:00:00', 0),
	('57ecba40-cdbe-11ef-bd31-9822eff265f8', 'Outil multifonctions Bosch', 149.99, 'Disponible', 9, 50, 'PROV020', '2024-01-10 10:00:00', '2024-01-20 10:00:00', 0),
	('57ecbb02-cdbe-11ef-bd31-9822eff265f8', 'Sac à dos Herschel', 79.99, 'Disponible', 13, 80, 'PROV021', '2024-01-10 10:00:00', '2024-01-21 10:00:00', 0),
	('57ecbbc4-cdbe-11ef-bd31-9822eff265f8', 'Lunettes de soleil Ray-Ban', 159.99, 'Disponible', 13, 60, 'PROV022', '2024-01-10 10:00:00', '2024-01-22 10:00:00', 0),
	('57ecbc83-cdbe-11ef-bd31-9822eff265f8', 'Vélo électrique Trek', 1899.99, 'Disponible', 14, 15, 'PROV023', '2024-01-10 10:00:00', '2024-01-23 10:00:00', 0),
	('57ecbd4b-cdbe-11ef-bd31-9822eff265f8', 'Tapis de yoga Manduka', 79.99, 'Disponible', 14, 100, 'PROV024', '2024-01-10 10:00:00', '2024-01-24 10:00:00', 0),
	('57ecbe0e-cdbe-11ef-bd31-9822eff265f8', 'Barbecue Weber', 499.99, 'Disponible', 15, 20, 'PROV025', '2024-01-10 10:00:00', '2024-01-25 10:00:00', 0),
	('57ecbeb3-cdbe-11ef-bd31-9822eff265f8', 'Aspirateur Dyson V12', 599.99, 'Disponible', 16, 30, 'PROV026', '2024-01-10 10:00:00', '2024-01-26 10:00:00', 0),
	('57ecbf53-cdbe-11ef-bd31-9822eff265f8', 'Montre connectée Garmin', 199.99, 'Disponible', 17, 50, 'PROV027', '2024-01-10 10:00:00', '2024-01-27 10:00:00', 0),
	('57ecbff3-cdbe-11ef-bd31-9822eff265f8', 'Lunettes VR Oculus', 399.99, 'Disponible', 18, 20, 'PROV028', '2024-01-10 10:00:00', '2024-01-28 10:00:00', 0),
	('57ecc08e-cdbe-11ef-bd31-9822eff265f8', 'Appareil photo instantané Fujifilm', 129.99, 'Disponible', 19, 40, 'PROV029', '2024-01-10 10:00:00', '2024-01-29 10:00:00', 0),
	('57ecc132-cdbe-11ef-bd31-9822eff265f8', 'Chaussures de randonnée Salomon', 179.99, 'Disponible', 20, 50, 'PROV030', '2024-01-10 10:00:00', '2024-01-30 10:00:00', 0),
	('57ecc1d3-cdbe-11ef-bd31-9822eff265f8', 'Bureau ajustable', 599.99, 'Disponible', 11, 25, 'PROV031', '2024-01-10 10:00:00', '2024-01-31 10:00:00', 0),
	('57ecc270-cdbe-11ef-bd31-9822eff265f8', 'Casque gaming Logitech', 99.99, 'Disponible', 5, 80, 'PROV032', '2024-01-10 10:00:00', '2024-02-01 10:00:00', 0),
	('57ecc311-cdbe-11ef-bd31-9822eff265f8', 'Batterie externe Anker', 49.99, 'Disponible', 21, 200, 'PROV033', '2024-01-10 10:00:00', '2024-02-02 10:00:00', 0),
	('57ecc3aa-cdbe-11ef-bd31-9822eff265f8', 'Chargeur sans fil Belkin', 39.99, 'Disponible', 21, 150, 'PROV034', '2024-01-10 10:00:00', '2024-02-03 10:00:00', 0),
	('57ecc454-cdbe-11ef-bd31-9822eff265f8', 'Drone DJI Mini 3', 499.99, 'Disponible', 22, 30, 'PROV035', '2024-01-10 10:00:00', '2024-02-04 10:00:00', 0),
	('57ecc4ef-cdbe-11ef-bd31-9822eff265f8', 'Caméra de sécurité Arlo', 299.99, 'Disponible', 23, 20, 'PROV036', '2024-01-10 10:00:00', '2024-02-05 10:00:00', 0),
	('57ecc591-cdbe-11ef-bd31-9822eff265f8', 'Manette Xbox Series X', 59.99, 'Disponible', 24, 100, 'PROV037', '2024-01-10 10:00:00', '2024-02-06 10:00:00', 0),
	('57ecc62e-cdbe-11ef-bd31-9822eff265f8', 'Switch HDMI', 29.99, 'Disponible', 25, 200, 'PROV038', '2024-01-10 10:00:00', '2024-02-07 10:00:00', 0),
	('57ecc6cb-cdbe-11ef-bd31-9822eff265f8', 'Station météo Netatmo', 149.99, 'Disponible', 26, 15, 'PROV039', '2024-01-10 10:00:00', '2024-02-08 10:00:00', 0);


CREATE TABLE IF NOT EXISTS `subcategory` (
  `id_subcategory` char(36) NOT NULL DEFAULT (uuid()),
  `name` varchar(50) DEFAULT NULL,
  `active` tinyint(4) DEFAULT NULL,
  `id_category` int(11) NOT NULL DEFAULT 0,
  `date_created` datetime DEFAULT NULL,
  PRIMARY KEY (`id_subcategory`)
);

INSERT INTO `subcategory` (`id_subcategory`, `name`, `active`, `id_category`, `date_created`) VALUES
	('00463797-cdbe-11ef-bd31-9822eff265f8', 'Smartphones', 1, 1, '2024-01-01 10:00:00'),
	('004aa003-cdbe-11ef-bd31-9822eff265f8', 'Ordinateurs portables', 1, 1, '2024-01-02 11:00:00'),
	('004aa263-cdbe-11ef-bd31-9822eff265f8', 'Tablettes', 1, 1, '2024-01-03 12:00:00'),
	('004aa2c5-cdbe-11ef-bd31-9822eff265f8', 'Téléviseurs', 1, 1, '2024-01-04 13:00:00'),
	('004aa322-cdbe-11ef-bd31-9822eff265f8', 'Accessoires informatiques', 1, 1, '2024-01-05 14:00:00'),
	('004aa380-cdbe-11ef-bd31-9822eff265f8', 'Vêtements pour hommes', 1, 2, '2024-01-06 15:00:00'),
	('004aa3d2-cdbe-11ef-bd31-9822eff265f8', 'Vêtements pour femmes', 1, 2, '2024-01-07 16:00:00'),
	('004aa421-cdbe-11ef-bd31-9822eff265f8', 'Chaussures', 1, 2, '2024-01-08 17:00:00'),
	('004aa47a-cdbe-11ef-bd31-9822eff265f8', 'Sacs à main', 1, 2, '2024-01-09 18:00:00'),
	('004aa4c8-cdbe-11ef-bd31-9822eff265f8', 'Accessoires de mode', 1, 2, '2024-01-10 19:00:00'),
	('004aa51b-cdbe-11ef-bd31-9822eff265f8', 'Canapés', 1, 3, '2024-01-11 10:00:00'),
	('004aa570-cdbe-11ef-bd31-9822eff265f8', 'Chaises', 1, 3, '2024-01-12 11:00:00'),
	('004aa5be-cdbe-11ef-bd31-9822eff265f8', 'Tables', 1, 3, '2024-01-13 12:00:00'),
	('004aa60d-cdbe-11ef-bd31-9822eff265f8', 'Bureaux', 1, 3, '2024-01-14 13:00:00'),
	('004aa65b-cdbe-11ef-bd31-9822eff265f8', 'Rangements', 1, 3, '2024-01-15 14:00:00'),
	('004aa6ad-cdbe-11ef-bd31-9822eff265f8', 'Ustensiles de cuisine', 1, 4, '2024-01-16 15:00:00'),
	('004aa703-cdbe-11ef-bd31-9822eff265f8', 'Appareils électroménagers', 1, 4, '2024-01-17 16:00:00'),
	('004aa75c-cdbe-11ef-bd31-9822eff265f8', 'Vaisselle', 1, 4, '2024-01-18 17:00:00'),
	('004aa7a9-cdbe-11ef-bd31-9822eff265f8', 'Robots de cuisine', 1, 4, '2024-01-19 18:00:00'),
	('004aa843-cdbe-11ef-bd31-9822eff265f8', 'Casseroles et poêles', 1, 4, '2024-01-20 19:00:00'),
	('004aa898-cdbe-11ef-bd31-9822eff265f8', 'Outillage à main', 1, 5, '2024-01-21 10:00:00'),
	('004aa903-cdbe-11ef-bd31-9822eff265f8', 'Outillage électrique', 1, 5, '2024-01-22 11:00:00'),
	('004aa959-cdbe-11ef-bd31-9822eff265f8', 'Plantes et graines', 1, 5, '2024-01-23 12:00:00'),
	('004aa9a9-cdbe-11ef-bd31-9822eff265f8', 'Mobilier de jardin', 1, 5, '2024-01-24 13:00:00'),
	('004aa9f5-cdbe-11ef-bd31-9822eff265f8', 'Accessoires de jardinage', 1, 5, '2024-01-25 14:00:00'),
	('004aaa47-cdbe-11ef-bd31-9822eff265f8', 'Soins du visage', 1, 6, '2024-01-26 15:00:00'),
	('004aaa95-cdbe-11ef-bd31-9822eff265f8', 'Soins capillaires', 1, 6, '2024-01-27 16:00:00'),
	('004aaae1-cdbe-11ef-bd31-9822eff265f8', 'Produits de maquillage', 1, 6, '2024-01-28 17:00:00'),
	('004aab2f-cdbe-11ef-bd31-9822eff265f8', 'Parfums', 1, 6, '2024-01-29 18:00:00'),
	('004aab7b-cdbe-11ef-bd31-9822eff265f8', 'Soins corporels', 1, 6, '2024-01-30 19:00:00'),
	('004aabc4-cdbe-11ef-bd31-9822eff265f8', 'Romans', 1, 7, '2024-01-31 10:00:00'),
	('004aac10-cdbe-11ef-bd31-9822eff265f8', 'Livres éducatifs', 1, 7, '2024-02-01 11:00:00'),
	('004aac67-cdbe-11ef-bd31-9822eff265f8', 'Bandes dessinées', 1, 7, '2024-02-02 12:00:00'),
	('004aacba-cdbe-11ef-bd31-9822eff265f8', 'Livres pour enfants', 1, 7, '2024-02-03 13:00:00'),
	('004aad0b-cdbe-11ef-bd31-9822eff265f8', 'Livres audio', 1, 7, '2024-02-04 14:00:00'),
	('004aad5f-cdbe-11ef-bd31-9822eff265f8', 'Poupées', 1, 8, '2024-02-05 15:00:00'),
	('004aadb7-cdbe-11ef-bd31-9822eff265f8', 'Voitures miniatures', 1, 8, '2024-02-06 16:00:00'),
	('004aadfd-cdbe-11ef-bd31-9822eff265f8', 'Jeux de construction', 1, 8, '2024-02-07 17:00:00'),
	('004aae3e-cdbe-11ef-bd31-9822eff265f8', 'Peluches', 1, 8, '2024-02-08 18:00:00'),
	('004aae83-cdbe-11ef-bd31-9822eff265f8', 'Jeux éducatifs', 1, 8, '2024-02-09 19:00:00'),
	('004aaec8-cdbe-11ef-bd31-9822eff265f8', 'Casques audio', 1, 9, '2024-02-10 10:00:00'),
	('004aaf09-cdbe-11ef-bd31-9822eff265f8', 'Enceintes', 1, 9, '2024-02-11 11:00:00'),
	('004aaf4b-cdbe-11ef-bd31-9822eff265f8', 'Microphones', 1, 9, '2024-02-12 12:00:00'),
	('004aaf8e-cdbe-11ef-bd31-9822eff265f8', 'Amplificateurs', 1, 9, '2024-02-13 13:00:00'),
	('004aafd1-cdbe-11ef-bd31-9822eff265f8', 'Accessoires audio', 1, 9, '2024-02-14 14:00:00'),
	('004ab015-cdbe-11ef-bd31-9822eff265f8', 'Vélos', 1, 10, '2024-02-15 15:00:00'),
	('004ab058-cdbe-11ef-bd31-9822eff265f8', 'Équipements de fitness', 1, 10, '2024-02-16 16:00:00'),
	('004ab09b-cdbe-11ef-bd31-9822eff265f8', 'Matériel de yoga', 1, 10, '2024-02-17 17:00:00'),
	('004ab0e4-cdbe-11ef-bd31-9822eff265f8', 'Sports d’équipe', 1, 10, '2024-02-18 18:00:00'),
	('004ab12c-cdbe-11ef-bd31-9822eff265f8', 'Équipements de natation', 1, 10, '2024-02-19 19:00:00');


-- Contacts & Adresses
CREATE TABLE IF NOT EXISTS `contact_model` (
  `uuid` VARCHAR(1024),
  `id_address` VARCHAR(1024),
  `name` VARCHAR(1024),
  `first_name` VARCHAR(1024),
  `email` VARCHAR(1024),
  `personal_phone` BIGINT,
  `job` VARCHAR(1024),
  `work_phone` BIGINT
);

INSERT INTO `contact_model` (`uuid`,`id_address`,`name`,`first_name`,`email`,`personal_phone`,`job`,`work_phone`)
VALUES
('a8dff5c7-8d88-4fcb-jklo-e4a09de05e36','a8dff5c7-8d88-4fcb-8d24-e4a09de05e36','Dupont','Jean','jean.dupont@example.com',601020304,'Développeur',140234567),
('ecb9d879-9a9b-4d85-jklo-5867e827efb9','ecb9d879-9a9b-4d85-b0b2-5867e827efb9','Martin','Sophie','sophie.martin@example.com',612345678,'Responsable RH',148765432),
('c3f207fa-6327-4d62-jklo-7ac621af68f9','c3f207fa-6327-4d62-9d56-7ac621af68f9','Lemoine','Pierre','pierre.lemoine@example.com',634567890,'Chef de projet',132456789),
('b4c8a9c2-e524-4f59-jklo-054b73057465','b4c8a9c2-e524-4f59-9f91-054b73057465','Leblanc','Claire','claire.leblanc@example.com',622334455,'Marketing Manager',145667788),
('a1b08f23-84b9-4eac-jklo-97c7cd1fd0c1','a1b08f23-84b9-4eac-9483-97c7cd1fd0c1','Pires','Lucas','lucas.pires@example.com',701020304,'Développeur Backend',150234567),
('b4f9a7da-0b09-4e42-jklo-06be4327f1e4','b4f9a7da-0b09-4e42-81c4-06be4327f1e4','Tremblay','Alice','alice.tremblay@example.com',712345678,'Chef de produit',178765432),
('c8bb4f84-d394-40c9-jklo-9b292f27f4ff','c8bb4f84-d394-40c9-b215-9b292f27f4ff','Fournier','Éric','eric.fournier@example.com',722334455,'Directeur technique',132345678),
('d64f2b56-50ea-4e2f-8a00-c8cdbd0621c7','d64f2b56-50ea-4e2f-8a44-c8cdbd0621c7','Marchand','Laura','laura.marchand@example.com',733456677,'Responsable marketing',154234678),
('e62a75c4-37c5-4f7b-449c-90a7fc9b92f2','e62a75c4-37c5-4f7b-9cfd-90a7fc9b92f2','Roussel','François','francois.roussel@example.com',745567889,'Ingénieur QA',145896743),
('f8d66e9d-820a-4a96-4551-86b73d1d7c28','f8d66e9d-820a-4a96-b951-86b73d1d7c28','Vidal','Caroline','caroline.vidal@example.com',756678890,'Comptable',167890123),
('0630f2c5-0f1f-4e57-598a-4a3e0c52855b','0630f2c5-0f1f-4e57-b68a-4a3e0c52855b','Gauthier','David','david.gauthier@example.com',767889901,'Chargé de communication',154367982),
('178e38cd-1066-4c79-71b4-1bffcf87f85a','178e38cd-1066-4c79-92b4-1bffcf87f85a','Dupuis','Nathalie','nathalie.dupuis@example.com',778991234,'Assistante RH',149234567),
('2fa9d01b-bc5a-44b7-49d2-364437a0e6e4','2fa9d01b-bc5a-44b7-aad2-364437a0e6e4','Benoît','Marc','marc.benoit@example.com',789981122,'Responsable logistique',132435678),
('329fd313-9bb7-41c7-t747-d66b340ddfad','329fd313-9bb7-41c7-b347-d66b340ddfad','Leclerc','Sophie','sophie.leclerc@example.com',790012233,'Chargée de recrutement',141345678),
('1030bc1b-c8be-4ad2-z96e-9b270c76b5ff','1030bc1b-c8be-4ad2-b56e-9b270c76b5ff','Félix','Isabelle','isabelle.felix@example.com',912345678,'Responsable IT',145637281),
('2041de32-b439-42da-b67f-c23e3cfe39e1','2041de32-b439-42da-b67f-c23e3cfbe9e1','Henri','Julien','julien.henri@example.com',923456789,'Analyste financier',150345678),
('3052b681-7595-4d5d-b6f5-befe37b44162','3052b681-7595-4d5d-b6f5-befbc7b44162','Coulon','Rémi','remi.coulon@example.com',934567890,'Chef de service',178459012),
('4063c598-559e-4317-bb16-5a4507e3da3b','4063c598-559e-4317-bb16-5a4507cfda3b','Lemoine','Lucie','lucie.lemoine@example.com',945678901,'Consultant',192348765),
('5074d7e1-19c3-4e38-9e3a-9ed6bc74c7c4','5074d7e1-19c3-4e38-9d3a-9ed6bc74c7c4','Nicolas','Stéphane','stephane.nicolas@example.com',956789012,'Chef de projet digital',162548793),
('6085e52b-d47e-4e34-b42a-7ab5127f7c87','6085e52b-d47e-4714-b42a-7ab5127f7c87','Richard','Olivier','olivier.richard@example.com',967890123,'Directeur marketing',176352984),
('7096f63f-9e39-433d-804f-d0f0139630ed','7096f63f-9a49-433d-804f-d0f0139630ed','Benoit','Emilie','emilie.benoit@example.com',978901234,'Responsable formation',182346592),
('80a7d2f7-0fe3-4bb7-a631-e4d41ac75c06','80a7d2f7-0f77-4bb7-a631-e4d41ac75c06','Tournier','Pierre','pierre.tournier@example.com',989012345,'Architecte réseau',196754891),
('91b8e68e-5ae3-4bb7-b5d5-3c035bdaf695','91b8e68e-5a68-4bb7-b5d5-3c035bdaf695','Ferrer','Jacques','jacques.ferrer@example.com',990123456,'Responsable de la sécurité informatique',181236574),
('a2c9f1c4-c8e3-40f7-a120-f9b8572ffbc8','a2c9f1c4-c8a4-40f7-a120-f9b8572ffbc8','Lemoine','Sébastien','sebastien.lemoine@example.com',912347890,'Product Manager',164879032),
('479af307-66a4-41a0-e3cc-e5bff432d381','479af307-66a4-41a0-80cc-e5bff432d381','Caron','Elodie','elodie.caron@example.com',801020304,'Consultante',170123456),
('59b77a59-8f39-42d1-be30-c9117421ff3f','59b77a59-8f39-42d1-b9b0-c9117421ff3f','Dufresne','Jean-Pierre','jean-pierre.dufresne@example.com',812345678,'Directeur commercial',187654321),
('72b672d9-7995-4fe3-848d-c9ccae59e2c3','72b672d9-7995-4f93-848d-c9ccae59e2c3','Lambert','Nicolas','nicolas.lambert@example.com',834567890,'Ingénieur système',165823479),
('81c9777d-06b2-4f15-9b9e-e62a3c07a03d','81c9777d-06b2-4f15-9b9e-e62a3c07a03d','Chevalier','Amélie','amelie.chevalier@example.com',845678901,'Responsable de la production',193245876),
('97ed47b0-4b6a-e31f-bb89-10df3946e9b8','97ed47b0-4b6a-4c1f-bb89-10df3946e9b8','Bastien','Guillaume','guillaume.bastien@example.com',856789012,'Architecte logiciel',171234567),
('a1c9d5ed-b477-e3ef-b122-d27311a0c8ea','a1c9d5ed-b477-4fef-b122-d27311a0c8ea','Gros','Mélanie','melanie.gros@example.com',867890123,'Chargée de marketing digital',164789301),
('b5cc10e0-e18f-4429-be35-06a0adf41022','b5cc10e0-e18f-4429-bcd5-06a0adf41022','Petit','Pierre','pierre.petit@example.com',878901234,'Chef de projet IT',156234789),
('d2f7c77a-2e45-42c1-b5bb-e333f82622a4','d2f7c77a-2e45-42c1-b5bb-1633f82622a4','Collet','Marie','marie.collet@example.com',889012345,'Responsable de la sécurité',145729032),
('ea4154bc-9f5f-4f39-908b-e3ced58c4f2e','ea4154bc-9f5f-4f39-908b-1eced58c4f2e','Roche','David','david.roche@example.com',890123456,'Directeur administratif',141234567),
('b05a8d91-f4a2-4b76-b3b7-e33c429c15a3','b05a8d91-f4a2-4b76-b3b7-1a3c429c15a3','Guérin','Charlotte','charlotte.guerin@example.com',712345678,'Directrice RH',156723841),
('c14d6170-fd16-431a-a2ac-5e4e3a9a7ca2','c14d6170-fd16-431a-a2ac-5e4bfa9a7ca2','Robert','Pierre','pierre.robert@example.com',723456789,'Consultant IT',145786239),
('d25f4630-1ad5-46ea-a8a0-43059e30d372','d25f4630-1ad5-46ea-a8a0-43059830d372','Chauvet','Bénédicte','benedicte.chauvet@example.com',734567890,'Directrice commerciale',165328746),
('e35b7b35-3940-47a5-922f-5a08a0ee3e32','e35b7b35-3940-47a5-922f-5a08a0e29e32','Masson','Franck','franck.masson@example.com',745678901,'Développeur front-end',172356871),
('f47d9e80-6a2f-43a6-9106-df8de3e37b1c','f47d9e80-6a2f-43a6-9106-df8de3bc7b1c','Lemoine','Alice','alice.lemoine@example.com',756789012,'Ingénieur réseau',189456732),
('03f4a1c5-dcb2-4c39-a90c-5180e5e39985','03f4a1c5-dcb2-4c39-a90c-5180e5459985','Giraud','Nicolas','nicolas.giraud@example.com',767890123,'Responsable produit',193847562),
('14eac69c-64b3-4907-bd78-0d3e3998d84f','14eac69c-64b3-4907-bd78-0d3c8998d84f','Mallet','Jean','jean.mallet@example.com',778901234,'Architecte cloud',145263790),
('25a7b14f-f010-4a4b-906b-8e384611e5c1','25a7b14f-f010-4a4b-906b-82a84611e5c1','Girard','Caroline','caroline.girard@example.com',789012345,'Chef de projet marketing',192837465),
('36e1d2c8-15e1-4a9f-a3f3-7d1f2154a22a','36e1d2c8-15e1-4a9f-a3f3-7d1f2154a22a','Leroy','Sylvain','sylvain.leroy@example.com',790123456,'Directeur artistique',157234586),
('47b9a69b-8a0e-4a91-9ee3-e33996e6f2d0','47b9a69b-8a0e-4a91-9e3a-5c3996e6f2d0','Dupuis','Claire','claire.dupuis@example.com',701234567,'Responsable des opérations',148569234),
('58c129d6-0b9f-4534-a0e3-24e90735d5be','58c129d6-0b9f-4534-a0f7-24e90735d5be','Dujardin','François','francois.dujardin@example.com',712345678,'Chef d’équipe développement',167832054),
('69d0b4b1-bd64-48c6-8ae3-2d9b8f12503e','69d0b4b1-bd64-48c6-8ab6-2d9b8f12503e','Fournier','Sophie','sophie.fournier@example.com',723456789,'Responsable qualité',172638451),
('7adcf8bb-0c7a-4cf3-b0e3-0f06b201b6b7','7adcf8bb-0c7a-4cf3-b0f5-0f06b201b6b7','Tanguy','Laurent','laurent.tanguy@example.com',734567890,'Chargé de communication',182468359),
('8bf2630e-dbb9-47b5-83e3-bd94c5bc6742','8bf2630e-dbb9-47b5-8309-bd94c5bc6742','Pelletier','Véronique','veronique.pelletier@example.com',745678901,'Comptable',165937640),
('9e6ecb1f-d173-40fa-e34d-fca4d379413d','9e6ecb1f-d173-40fa-b94d-fca4d379413d','Vivier','Hélène','helene.vivier@example.com',756789012,'Responsable des ventes',173547853),
('ad1d678f-7f0d-4ff6-e333-0640b6b4fd68','ad1d678f-7f0d-4ff6-bd33-0640b6b4fd68','Leblanc','David','david.leblanc@example.com',767890123,'Chef de produit IT',192837460),
('bc4f5a67-2ec5-4170-e357-1f032ca9e898','bc4f5a67-2ec5-4170-9d57-1f032ca9e898','Lebrun','Catherine','catherine.lebrun@example.com',778901234,'Responsable développement',147536289),
('cd65ba24-c71e-46e3-a9b5-c6e3a6c81d44','cd65ba24-c71e-46d2-a9b5-c6e3a6c81d44','Pires','Julien','julien.pires@example.com',789012345,'Développeur logiciel',159876243),
('de56b1c2-8c3d-4ae3-b7f9-8cb3aee92c34','de56b1c2-8c3d-4a98-b7f9-8cb3aee92c34','Joly','Michel','michel.joly@example.com',790123456,'Responsable stratégie',172435867),
('ef23be8f-55e6-4ae3-aac1-55f7fce156ba','ef23be8f-55e6-4a5d-aac1-55f7fce156ba','Deschamps','Yannick','yannick.deschamps@example.com',701234567,'Responsable technique',198345678),
('101a2b8e-9b74-e32d-f99b-8e34bf90b263','101a2b8e-9b74-4f2d-b99b-8e34bf90b263','Renard','Florence','florence.renard@example.com',612345678,'Directrice générale',145789132),
('202b2c9f-d3de-e345-f9b0-8e36fbd64e3b','202b2c9f-d3de-4a45-b8b0-8e36fbd64e3b','Delacroix','Vincent','vincent.delacroix@example.com',623456789,'Responsable informatique',165246973),
('303c3e1d-8f9e-4b76-f982-b8f418f9cd3e','303c3e1d-8f9e-4b76-b382-b8f418f9cd3e','Michel','Alexandre','alexandre.michel@example.com',634567890,'Développeur full-stack',154312894),
('404d4f7b-3f51-4e9c-88f9-fd98a5ccff4c','404d4f7b-3f51-4e9c-88a0-fd98a5ccff4c','Perrot','Sophie','sophie.perrot@example.com',645678901,'Chef de projet marketing',175843209),
('505e5a2d-84d5-4cb0-bbf9-f92a3209c9cf','505e5a2d-84d5-4cb0-bb61-712a3209c9cf','Roche','Bruno','bruno.roche@example.com',656789012,'Responsable innovation',186745821),
('707a7c87-2569-4678-9b1b-f9df9ef83d7e','707a7c87-2569-4678-9b1b-06d13ef83d7e','Bernier','Juliette','juliette.bernier@example.com',678901234,'Directrice R&D',157629831),
('808b8e24-9d32-49e4-9fbc-cf9f9e3e4f27','808b8e24-9d32-49e4-9fbc-cfd1fe3e4f27','Caron','Maxime','maxime.caron@example.com',689012345,'Responsable juridique',173927584),
('909c9f9e-58cb-4920-b3a7-7f4f9f3678f1','909c9f9e-58cb-4920-b3a7-7f4bbf3678f1','Barbier','Chloé','chloe.barbier@example.com',690123456,'Responsable des achats',185146390),
('a10d1fb1-4a88-4c79-87d7-f9fe740c8d6e','a10d1fb1-4a88-4c79-87d7-ecfe740c8d6e','Renault','Benjamin','benjamin.renault@example.com',601234567,'Chargé de communication',176938472),
('b11e2f28-b290-4018-b8f2-f9f964decb1f','b11e2f28-b290-4018-b8f2-f9c564decb1f','Bourgeois','Lise','lise.bourgeois@example.com',612345678,'Responsable administrative',145789123),
('c12f3c3a-b951-43f2-b7b4-ff93bc5e6d9','c12f3c3a-b951-43f2-b7b4-ffad3bc5e6d9','Lemoine','Franck','franck.lemoine@example.com',623456789,'Consultant en stratégie',168475619),
('d13g4d0c-9c31-4c8c-9370-ff9d6f8267a3','d13g4d0c-9c31-4c8c-9370-6c8d6f8267a3','Pires','Sandrine','sandrine.pires@example.com',634567890,'Chef de service client',179562830),
('e14h5f4b-90fa-4fe6-a837-1cf97b60783d','e14h5f4b-90fa-4fe6-a837-1c6b7b60783d','Gibert','Frédéric','frederic.gibert@example.com',645678901,'Responsable des relations publiques',183715624),
('f15i6g7e-356f-4d5c-b9f0-f938fd988321','f15i6g7e-356f-4d5c-b9f0-9338fd988321','Dubreuil','Michel','michel.dubreuil@example.com',656789012,'Développeur back-end',196729384),
('a16j7h8e-054f-44b0-931f-f98cdd25fc45','a16j7h8e-054f-44b0-931f-788cdd25fc45','Couturier','Valérie','valerie.couturier@example.com',667890123,'Chef de produit marketing',175346920),
('b17k8i9e-71b8-4208-bd11-15f9a4fc54c2a7','b17k8i9e-71b8-4208-bd11-15a4fc54c2a7','Dufresne','Gérard','gerard.dufresne@example.com',678901234,'Chef d’équipe développement',184135627),
('c18l9j1f-6070-40ae-b902-89f98763b348','c18l9j1f-6070-40ae-b902-896e8763b348','Moulin','Alice','alice.moulin@example.com',689012345,'Responsable digital',159027638),
('d19m10g-70b8-485f-9053-74ff9875b6b5','d19m10g-70b8-485f-9053-74f6d875b6b5','Bazin','Claude','claude.bazin@example.com',690123456,'Directeur des opérations',172395847),
('a21n2b8f-7e11-4d19-a0bc-56f929d83311','a21n2b8f-7e11-4d19-a0bc-564f29d83311','Germain','Étienne','etienne.germain@example.com',612345789,'Chef de projet',145789642),
('b22o3c9g-9d4f-4e5a-b11b-7f9b324ef8a2','b22o3c9g-9d4f-4e5a-b11b-7a8b324ef8a2','Masson','Caroline','caroline.masson@example.com',623456790,'Responsable financier',165246830),
('c23p4d0h-45e7-47b8-b77b-f951f8a61d3b','c23p4d0h-45e7-47b8-b77b-3b51f8a61d3b','Dufresne','Lucas','lucas.dufresne@example.com',634567901,'Responsable marketing',174927635),
('d24q5e1i-67f7-e14d-f9f9-bcd80f5cfe13','d24q5e1i-67f7-484d-bcf9-bcd80f5cfe13','Dubois','Marc','marc.dubois@example.com',645678012,'Développeur web',186754328),
('e25r6f2j-57e1-e1fe-8a12-0a29db935c4f','e25r6f2j-57e1-43fe-8a12-0a29db935c4f','Sauvage','Isabelle','isabelle.sauvage@example.com',656789123,'Responsable RH',197623482),
('f26s7g3k-46f2-43e1-a901-9d2b493f7d5e','f26s7g3k-46f2-432f-a901-9d2b493f7d5e','Perrot','Denis','denis.perrot@example.com',667890234,'Directeur informatique',178594312),
('g27t8h4l-27b7-4be1-8ac5-dc2641b657f9','g27t8h4l-27b7-4b0d-8ac5-dc2641b657f9','Lemoine','Valérie','valerie.lemoine@example.com',678901345,'Consultante stratégique',189476125),
('h28u9i5m-75e8-4e4d-e1c0-e2a53b2a7c2f','h28u9i5m-75e8-4e4d-a1c0-e2a53b2a7c2f','Bazin','Jean','jean.bazin@example.com',689012456,'Chef de projet R&D',175849630),
('i29v0j6n-85b9-4f3c-e1a6-f9f0645a7f21','i29v0j6n-85b9-4f3c-b5a6-f9f0645a7f21','Lemoine','Gérard','gerard.lemoine@example.com',690123567,'Responsable commercial',182837364),
('j30w1k7o-76c0-45fe-e110-f8cfc0a70664','j30w1k7o-76c0-45fe-8f10-f8cfc0a70664','Caron','Sophie','sophie.caron@example.com',601234678,'Chargée de communication',173634939),
('k31x2l8p-87b1-40bc-e1d4-bf58204a6065','k31x2l8p-87b1-40bc-a4d4-bf58204a6065','Bourgeois','Géraldine','geraldine.bourgeois@example.com',612345789,'Responsable achats',188475362),
('l32y3m9q-98c2-45df-90e1-dbfadfa83177','l32y3m9q-98c2-45df-9058-dbfadfa83177','Joly','Jean-Pierre','jean-pierre.joly@example.com',623456790,'Directeur financier',172846931),
('m33z4n0r-09d3-44d5-97e1-e92937375e29','m33z4n0r-09d3-44d5-97ad-e92937375e29','Pires','Alice','alice.pires@example.com',634567901,'Responsable produit',186457034),
('n34a5o1s-29e6-49be-9ae1-b62fd278f929','n34a5o1s-29e6-49be-9a25-b62fd278f929','Lemoine','Thomas','thomas.lemoine@example.com',645678012,'Chargé de mission',192758496),
('o35b6p2t-30f7-47f9-b3e1-c0c12a3f5b16','o35b6p2t-30f7-47f9-b302-c0c12a3f5b16','Dubreuil','Christophe','christophe.dubreuil@example.com',656789123,'Consultant en transformation',173986710),
('p36c7q3u-41b8-45fa-bde1-45a2116b0b47','p36c7q3u-41b8-45fa-bd29-45a2116b0b47','Caron','Lucas','lucas.caron@example.com',667890234,'Responsable marketing',195843712),
('q37d8r4v-52c9-47da-b2e1-cab11f9c51d3','q37d8r4v-52c9-47da-b2b0-cab11f9c51d3','Renard','Sandrine','sandrine.renard@example.com',678901345,'Chef de projet stratégique',179518274),
('r38e9s5w-63b0-48fb-b0e1-35125c81b5c8','r38e9s5w-63b0-48fb-b0a7-35125c81b5c8','Bourgeois','Georges','georges.bourgeois@example.com',689012456,'Responsable digital',189574726),
('s39f0t6x-74d1-49fc-bde1-c2d2b6a7d7d9','s39f0t6x-74d1-49fc-bd67-c2d2b6a7d7d9','Barbier','Lucie','lucie.barbier@example.com',690123567,'Chef de service qualité',173517286),
('ebc2bc0d-230b-49f6-bdb3-e1424ecaf9f5','ebc2bc0d-230b-49f6-bdb3-3f424ecaf9f5','Durand','Nicolas','nicolas.durand@example.com',601234567,'Responsable Logistique',145781234),
('5a8b9f25-fb72-4fba-b3e5-e18b3a8ed1e5','5a8b9f25-fb72-4fba-b3e5-8c8b3a8ed1e5','Gauthier','Margaux','margaux.gauthier@example.com',698765432,'Responsable Marketing',151234567),
('b04e1d0c-0ca1-4620-b978-e1ff9f658db5','b04e1d0c-0ca1-4620-b978-47ff9f658db5','Perrin','Lucas','lucas.perrin@example.com',612345678,'Responsable des Ventes',165348732),
('15f9b7a9-689f-4b3d-986f-e17c23d9e48f','15f9b7a9-689f-4b3d-986f-107c23d9e48f','Marchand','Sophie','sophie.marchand@example.com',676543210,'Directrice des Ressources Humaines',132547891),
('68fe8a99-d50f-496a-9c87-e16fe62a1b19','68fe8a99-d50f-496a-9c87-3f6fe62a1b19','Benoit','Antoine','antoine.benoit@example.com',654321098,'Développeur Backend',159823467),
('6828f4d9-902e-43b2-91e2-77e1c3b6db99','6828f4d9-902e-43b2-91e2-77fbc3b6db99','Lemoine','Céline','celine.lemoine@example.com',692345789,'Chef de produit',147583942),
('92ab7db1-b9d9-4f11-bfe5-b1e149b7b85d','92ab7db1-b9d9-4f11-bfe5-b19c49b7b85d','Dufresne','Juliette','juliette.dufresne@example.com',678945671,'Chargée de communication',145682190),
('f90676cd-e1d4-4c1e-b9e9-eaee1b3c5de0','f90676cd-e1d4-4c1e-b9e9-eaf10b3c5de0','Roche','Florence','florence.roche@example.com',601987654,'Responsable Service Client',156789321),
('b264d50e-ea5f-48ab-bb13-8e3e1deaf48d','b264d50e-ea5f-48ab-bb13-8e399deaf48d','Collin','Victor','victor.collin@example.com',675647381,'Chef de projet Marketing',192856712),
('aad03ab5-5856-4fd9-a7b9-cabe13b9a4e1','aad03ab5-5856-4fd9-a7b9-cab983b9a4e1','Bernier','Emilie','emilie.bernier@example.com',609876543,'Assistante Administrative',143564789),
('02a1be7d-b049-49d3-b5b4-c70e1554bb1d','02a1be7d-b049-49d3-b5b4-c7072554bb1d','Hebert','Paul','paul.hebert@example.com',672135790,'Responsable IT',156921847),
('d5cb19a7-d3b3-4c28-b604-dace1c7f4412','d5cb19a7-d3b3-4c28-b604-dac8cc7f4412','Foucher','Sabrina','sabrina.foucher@example.com',617283950,'Consultante RH',148237415),
('9065c0fe-47bb-4e8c-93d0-bb8e1692cd3d','9065c0fe-47bb-4e8c-93d0-bb8d4692cd3d','Allard','Géraldine','geraldine.allard@example.com',684792301,'Chef de projet IT',197463847),
('f8b4e576-b987-42c7-bdc0-609ee17ab991','f8b4e576-b987-42c7-bdc0-6091c47ab991','Marin','Lucie','lucie.marin@example.com',692348901,'Responsable Marketing Digital',153567921),
('6b79f56d-716f-4ed8-9232-8d91e1b8f2e9','6b79f56d-716f-4ed8-9232-8d91cfb8f2e9','Leclerc','Thomas','thomas.leclerc@example.com',612349876,'Responsable Financier',145312567),
('fddaccc9-828e-44ea-8246-3389e1c06c66','fddaccc9-828e-44ea-8246-33897fc06c66','Rivière','Isabelle','isabelle.riviere@example.com',676541230,'Directrice Commerciale',156712345),
('52f1a62e-46ea-40f4-a674-fd4ce17f6cd2','52f1a62e-46ea-40f4-a674-fd4c347f6cd2','Meyer','Jean','jean.meyer@example.com',650123458,'Chef de projet Digital',194567321),
('edc993fd-5b77-43b3-b37a-4c1e113c9c6c','edc993fd-5b77-43b3-b37a-4c1f213c9c6c','Dupuis','Marie','marie.dupuis@example.com',698764321,'Assistante Marketing',132789456),
('122bd987-6874-45f2-a528-435e1333f10e','122bd987-6874-45f2-a528-43543333f10e','Charrier','Guillaume','guillaume.charrier@example.com',612348765,'Responsable Achats',145178362),
('b05c8f92-7b3f-4fe1-9fd1-b33e1d7093d9','b05c8f92-7b3f-4fe1-9fd1-b33e9d7093d9','Bertin','Claire','claire.bertin@example.com',690987654,'Développeur Front-End',156420987),
('7d4c2a3b-fc95-4c4a-9807-34de1c21a7d8','7d4c2a3b-fc95-4c4a-9807-34de1c21a7d8','Joly','Paul','paul.joly@example.com',673548971,'Responsable R&D',145682097),
('14e8b6e1-92c5-4cf5-bcb2-bc4e197cb8a7','14e8b6e1-92c5-4cf5-bcb2-bc4b597cb8a7','Legrand','Charlotte','charlotte.legrand@example.com',617254368,'Responsable Communication',136597854),
('df153354-8f0b-45b8-a5a6-c97e156a6f79','df153354-8f0b-45b8-a5a6-c97fc56a6f79','Robert','Éric','eric.robert@example.com',657892341,'Directeur Technique',198264735),
('a92bb2f0-41ea-4fef-a592-59be10983196','a92bb2f0-41ea-4fef-a592-59b0b0983196','Roux','Sophie','sophie.roux@example.com',671234569,'Responsable Produit',147259846),
('f378e9a2-e7f9-4e25-a660-b8ee1d71c5a4','f378e9a2-e7f9-4e25-a660-b8e48d71c5a4','Silva','Carlos','carlos.silva@example.com',612346789,'Responsable Export',156782345),
('7a0a5314-3fd4-4d8a-9908-f5cbe1272f74','7a0a5314-3fd4-4d8a-9908-f5cbd1272f74','Costa','Ana','ana.costa@example.com',676543210,'Responsable Partenariats',145639723),
('8d3fbd59-11d9-4c4f-ae59-0f3ce10c1498','8d3fbd59-11d9-4c4f-ae59-0f3ca00c1498','Sousa','João','joao.sousa@example.com',612348765,'Responsable des Opérations',145273698),
('e7e74d90-8a3e-4b2e-b7c7-62f8e1464519','e7e74d90-8a3e-4b2e-b7c7-62f8e8464519','Pereira','Maria','maria.pereira@example.com',671234569,'Responsable RH',136524789),
('943e4a8d-365f-47f5-8e2e-0880e1ecb3f6','943e4a8d-365f-47f5-8e2e-0880f6ecb3f6','Lima','Carlos','carlos.lima@example.com',650123458,'Chef de projet',148932576),
('3b02cbb4-d8bc-4407-9cfc-60c7e13d6cc2','3b02cbb4-d8bc-4407-9cfc-60c7a63d6cc2','Martins','Fernanda','fernanda.martins@example.com',698765432,'Responsable Commercial',192348675),
('575a52e5-d86e-4c99-93a6-92b06b2e1571','575a52e5-d86e-4c99-93a6-92b06b2a3571','Gomes','André','andre.gomes@example.com',689012345,'Développeur Full Stack',159827346),
('2c5d828f-d5b3-46b3-8c2c-f0552a9e12c9','2c5d828f-d5b3-46b3-8c2c-f0552a9752c9','Ferreira','Isabel','isabel.ferreira@example.com',623456789,'Responsable IT',192748635),
('d91f0151-3990-4967-a66c-56ec36be1b7e','d91f0151-3990-4967-a66c-56ec36b32b7e','Rodrigues','Paulo','paulo.rodrigues@example.com',645789230,'Chef de produit',147632519),
('ad4ec9c2-6a3a-4232-baf2-7a567ebe1a75','ad4ec9c2-6a3a-4232-baf2-7a567eb5fa75','Oliveira','Ricardo','ricardo.oliveira@example.com',690234567,'Responsable Marketing',136597420),
('5b2fa7cb-48f9-41d5-9574-e1d6859e1b60','5b2fa7cb-48f9-41d5-9574-e1d685925b60','Costa','Luísa','luisa.costa@example.com',612346578,'Chef de projet Digital',157389264),
('9dbf3e9d-0b2c-4b2d-a7b9-5e89a4ce1f70','9dbf3e9d-0b2c-4b2d-a7b9-5e89a4c97f70','Almeida','Rui','rui.almeida@example.com',687452389,'Développeur Backend',145638297),
('3fcd9d7e-4e27-43c7-bf85-7b31350e11ff','3fcd9d7e-4e27-43c7-bf85-7b31350b11ff','García','Carlos','carlos.garcia@example.com',612345678,'Responsable Financier',145236987),
('b5d03bfe-df52-45a2-9fa9-8254d36e1a65','b5d03bfe-df52-45a2-9fa9-8254d36c2a65','Martínez','Ana','ana.martinez@example.com',676541230,'Directrice Marketing',135879264),
('7555c5a1-8bc5-46a0-990b-073062fe1c8e','7555c5a1-8bc5-46a0-990b-073062f7ac8e','López','Miguel','miguel.lopez@example.com',650123458,'Responsable IT',147263957),
('af08e8c6-c784-4e50-bbc4-bc89e4be1e6c','af08e8c6-c784-4e50-bbc4-bc42e4b64e6c','Hernández','Laura','laura.hernandez@example.com',698765432,'Développeur Front-End',159634782),
('af08e8c6-c784-4e50-bbc4-bc42e4be1e6c','ad8e4ab2-4e2a-4f27-8b4e-b27f6c967742','Gómez','José','jose.gomez@example.com',689012345,'Chef de projet Digital',134256789),
('ccf023fa-b4f9-43f4-a96d-3bbf78fe1b3b','ccf023fa-b4f9-43f4-a96d-3bbf78f49b3b','Sánchez','Sara','sara.sanchez@example.com',623456789,'Responsable RH',145627348),
('d14ea74e-6d85-4a8d-98d0-c1a5e1c244e6','d14ea74e-6d85-4a8d-98d0-c1a518c244e6','Pérez','Juan','juan.perez@example.com',678234591,'Directeur Commercial',192746381),
('c1dfdb26-f12d-4f37-bd4b-7be0e1103fc2','c1dfdb26-f12d-4f37-bd4b-7be0d2103fc2','Torres','María','maria.torres@example.com',654789230,'Responsable Partenariats',136845327),
('6bce61ea-79db-49a7-b122-ff41e1450c4d','6bce61ea-79db-49a7-b122-ff41a4450c4d','Ramírez','Antonio','antonio.ramirez@example.com',687452369,'Chef de produit',145619723),
('45e3175f-5ad2-47f7-b6bc-ecc4e172cb12','45e3175f-5ad2-47f7-b6bc-ecc4db72cb12','Díaz','Carmen','carmen.diaz@example.com',612346578,'Responsable Marketing',158274930),
('e56dbbe3-3f84-4b34-b9e1-e49ee171a914','e56dbbe3-3f84-4b34-b9e1-e49e5071a914','Popescu','Andrei','andrei.popescu@example.com',612345678,'Responsable Finance',145236987),
('c8d4a763-c0d9-4fcb-b1f2-6fa5e1b7a943','c8d4a763-c0d9-4fcb-b1f2-6fa5d5b7a943','Ionescu','Maria','maria.ionescu@example.com',676541230,'Directrice RH',135879264),
('0f6c6a97-b1f2-44c1-bd91-c8d6e1e50f53','0f6c6a97-b1f2-44c1-bd91-c8d67fe50f53','Georgescu','Mihai','mihai.georgescu@example.com',650123458,'Responsable IT',147263957),
('de4a5236-44ea-4fd9-84ad-82a7e16bdbd8','de4a5236-44ea-4fd9-84ad-82a7736bdbd8','Vasilescu','Elena','elena.vasilescu@example.com',698765432,'Développeur Front-End',159634782),
('6cd2ff11-c88e-4780-bdf8-650de101e6b7','6cd2ff11-c88e-4780-bdf8-650d5f01e6b7','Dumitru','Ion','ion.dumitru@example.com',689012345,'Chef de projet Digital',134256789),
('4f9d1d6c-8cf4-46e9-9de9-7f6de13d9066','4f9d1d6c-8cf4-46e9-9de9-7f6d8a3d9066','Constantin','Ana','ana.constantin@example.com',623456789,'Responsable RH',145627348),
('7b23c897-e9d3-4021-bdb6-92c22e1151f1','7b23c897-e9d3-4021-bdb6-92c2212151f1','Marin','Alexandru','alexandru.marin@example.com',678234591,'Directeur Commercial',192746381),
('5a39f0b9-9f2b-42f3-bff2-506b5e15438f','5a39f0b9-9f2b-42f3-bff2-506b5105438f','Stanciu','Camelia','camelia.stanciu@example.com',654789230,'Responsable Partenariats',136845327),
('18c15b74-d332-4f26-bddf-b0103e183ff9','18c15b74-d332-4f26-bddf-b01034f83ff9','Radu','Florin','florin.radu@example.com',687452369,'Chef de produit',145619723),
('b5db3d7e-1f44-4ce1-bb7d-39e63e132a7a','b5db3d7e-1f44-4c77-bb7d-39e63f432a7a','Iliescu','Ioana','ioana.iliescu@example.com',612346578,'Responsable Marketing',158274930),
('aac9f084-6e6a-42e1-8b4c-54c25b44d31d','aac9f084-6e6a-42c3-8b4c-54c25b44d31d','Jensen','Lars','lars.jensen@example.com',612345678,'Responsable des ventes',145236987),
('b9cfa2e2-6b36-4e11-b75a-5075e83d65fd','b9cfa2e2-6b36-4bbf-b75a-5075e83d65fd','Andersen','Mette','mette.andersen@example.com',676541230,'Directrice Marketing',135879264),
('cd8b5452-0b09-4e11-8647-9a0b1fdbd9fa','cd8b5452-0b09-4ca1-8647-9a0b1fdbd9fa','Nielsen','Ole','ole.nielsen@example.com',650123458,'Chef de projet',147263957),
('785c91d4-4463-4ce1-9fa9-91a7ff3a6de6','785c91d4-4463-4c5d-9fa9-91a7ff3a6de6','Svensson','Karin','karin.svensson@example.com',698765432,'Développeur Backend',159634782),
('a327f132-1189-4fe1-a7a6-5d0ca35f5e9a','a327f132-1189-4f9f-a7a6-5d0ca35f5e9a','Pedersen','Kristian','kristian.pedersen@example.com',689012345,'Responsable IT',134256789),
('e0bc3997-d695-4be1-9c2e-d283174bd138','e0bc3997-d695-4b16-9c2e-d283174bd138','Olsson','Johanna','johanna.olsson@example.com',623456789,'Responsable RH',145627348),
('998f276d-202f-48e1-86f9-e80f08832792','998f276d-202f-4871-86f9-e80f08832792','Karlsson','Erik','erik.karlsson@example.com',678234591,'Chef de produit',192746381),
('81f7a0d4-cd9f-4ce1-85ac-e07e0b25ed4e','81f7a0d4-cd9f-4c21-85ac-e07e0b25ed4e','Lindberg','Eva','eva.lindberg@example.com',654789230,'Responsable Partenariats',136845327),
('0d6c6232-8502-46e1-9489-b9491b0c551f','0d6c6232-8502-4602-9489-b9491b0c551f','Bergström','Oskar','oskar.bergstrom@example.com',687452369,'Chef de projet Digital',145619723),
('7f66a5b0-2304-48e1-88f1-5f6ed6a23e7f','7f66a5b0-2304-48a3-88f1-5f6ed6a23e7f','Hansen','Helena','helena.hansen@example.com',612346578,'Responsable Commercial',158274930),
('f1a02a2d-f4cc-4ee1-b256-b5bb053227b4','f1a02a2d-f4cc-4e67-b256-b5bb053227b4','Johansson','Anna','anna.johansson@example.com',612345678,'Responsable Financier',145236987),
('7db6c9bc-e1b9-43e1-b2f4-5b7c7c5c8c98','7db6c9bc-e1b9-43c9-b2f4-5b7c7c5c8c98','Lundqvist','Erik','erik.lundqvist@example.com',676541230,'Directeur Commercial',135879264),
('d243d9d7-f464-4ae1-9c5f-91360b29a34c','d243d9d7-f464-4a9f-9c5f-91360b29a34c','Olsen','Sofie','sofie.olsen@example.com',650123458,'Responsable IT',147263957),
('e8f8d7b3-bf91-46e1-b7c4-d31a4ff10a97','e8f8d7b3-bf91-468d-b7c4-d31a4ff10a97','Bergman','Lars','lars.bergman@example.com',698765432,'Développeur Back-End',159634782),
('f48b2bc4-d9f7-4ce1-a054-704b2761a2e6','f48b2bc4-d9f7-4c3f-a054-704b2761a2e6','Mårtensson','Sara','sara.martensson@example.com',689012345,'Chef de projet',134256789),
('b1e4c429-3f8e-4ae1-9250-ff12e4fdd343','b1e4c429-3f8e-4a3a-9250-ff12e4fdd343','Axelsson','Karin','karin.axelsson@example.com',623456789,'Responsable Marketing',145627348),
('b988d5cf-daf1-4fe1-86b8-993edba251e2','b988d5cf-daf1-4f5a-86b8-993edba251e2','Karlsson','Filip','filip.karlsson@example.com',678234591,'Chef de produit',192746381),
('3798f4ca-92f6-4ce1-bf09-e28f8362c7bc','3798f4ca-92f6-4c77-bf09-e28f8362c7bc','Jensen','Henrik','henrik.jensen@example.com',654789230,'Responsable Partenariats',136845327),
('56d2f0ff-1b66-45e1-8309-b7319f8c5f13','56d2f0ff-1b66-45f7-8309-b7319f8c5f13','Sjöberg','Elin','elin.sjoberg@example.com',687452369,'Responsable RH',145619723),
('8a1f4d53-5a2e-4ae1-b084-e74572087c98','8a1f4d53-5a2e-4ad5-b084-e74572087c98','Nordström','Oskar','oskar.nordstrom@example.com',612346578,'Directeur IT',158274930),
('ae8f5f8b-7d93-40e1-b52d-6f3158e2fe83','ae8f5f8b-7d93-404f-b52d-6f3158e2fe83','O’Brien','Patrick','patrick.obrien@example.com',612345678,'Responsable Commercial',145236987),
('a4f6c3ab-2b8f-42e1-931f-ff62f3a9a452','a4f6c3ab-2b8f-42b1-931f-ff62f3a9a452','Smith','Emma','emma.smith@example.com',676541230,'Responsable Marketing',135879264),
('d3e1b8f9-5a51-44e1-e1f2-1a340b1f1a9d','d3e1b8f9-5a51-44f1-b7f2-1a340b1f1a9d','Johnson','Oliver','oliver.johnson@example.com',650123458,'Chef de projet',147263957),
('50aabb23-0a8d-44b0-e1de-6f82939a7f69','50aabb23-0a8d-44b0-90de-6f82939a7f69','Taylor','Amelia','amelia.taylor@example.com',698765432,'Développeur Full-Stack',159634782),
('8e7795f7-62ac-46fa-e15e-0243f018e8ff','8e7795f7-62ac-46fa-bf5e-0243f018e8ff','Doyle','Sean','sean.doyle@example.com',689012345,'Responsable IT',134256789),
('c04d5d2b-9bc0-4376-e1e4-4702f4f62c6d','c04d5d2b-9bc0-4376-8be4-4702f4f62c6d','Brown','Sophia','sophia.brown@example.com',623456789,'Responsable RH',145627348),
('d0c3a2c8-3f8f-4c2b-be14-d3955042f687','d0c3a2c8-3f8f-4c2b-bf74-d3955042f687','Wilson','Jack','jack.wilson@example.com',678234591,'Chef de produit',192746381),
('fbf73024-0a6c-48a3-bde1-e109d4fe9811','fbf73024-0a6c-48a3-bd8e-e109d4fe9811','O’Connor','Grace','grace.oconnor@example.com',654789230,'Responsable Partenariats',136845327),
('4a0c4a0e-d0ab-44f1-b4e1-79a3cdb1e16c','4a0c4a0e-d0ab-44f1-b49c-79a3cdb1e16c','Harris','Daniel','daniel.harris@example.com',687452369,'Chef de projet Digital',145619723),
('a4c5e3c4-1a3c-4f1f-a7e1-e5699b231440','a4c5e3c4-1a3c-4f1f-a75d-e5699b231440','Martin','Charlotte','charlotte.martin@example.com',612346578,'Responsable Commercial',158274930),
('c5d6f1c5-7891-4721-92e1-43c05b1e7f5c','c5d6f1c5-7891-4721-92db-43c05b1e7f5c','Wright','Ben','ben.wright@example.com',612345678,'Chef de projet',145236987),
('d4f5b8e6-4793-4881-93e1-25fd687fd870','d4f5b8e6-4793-4881-9301-25fd687fd870','King','Arthur','arthur.king@example.com',676541230,'Directeur des ventes',135879264),
('b2c4f7e2-8a0d-49f1-97e1-7b9b5f935e72','b2c4f7e2-8a0d-49f1-97b8-7b9b5f935e72','Page','Liam','liam.page@example.com',650123458,'Développeur Front-End',147263957),
('e5f6d7a8-4a65-4780-bde1-c2fe259b8367','e5f6d7a8-4a65-4780-bd3f-c2fe259b8367','Wood','Sarah','sarah.wood@example.com',698765432,'Responsable RH',159634782),
('ab2a5f7e-5d2b-4de6-8f5b-ee17c8a2c032','ab2a5f7e-5d2b-4de6-8f5b-e7a7c8a2c032','Stone','Mia','mia.stone@example.com',689012345,'Responsable Marketing',134256789),
('a9c3e2d7-17a3-44c0-b7e4-4de1383995fc','a9c3e2d7-17a3-44c0-b7e4-4d91383995fc','Green','Olivia','olivia.green@example.com',623456789,'Chef de produit',145627348),
('d0c1e0f2-8f8f-4480-b401-e0e1a93f3d2c','d0c1e0f2-8f8f-4480-b401-e07fa93f3d2c','Cole','James','james.cole@example.com',678234591,'Responsable Partenariats',192746381),
('f8d1b2c6-49cd-4e5e-89f7-90e1adf6d8e1','f8d1b2c6-49cd-4e5e-89f7-9020adf6d8e1','Pace','Sophie','sophie.pace@example.com',654789230,'Chef de projet Digital',136845327),
('a7c0f3b4-7b95-40e9-9b77-e2e154a8b29e','a7c0f3b4-7b95-40e9-9b77-e2ad54a8b29e','Mason','Ethan','ethan.mason@example.com',687452369,'Responsable Commercial',145619723),
('5f7c6d2d-d2c8-4c42-bb7b-73e17c8fdb92','5f7c6d2d-d2c8-4c42-bb7b-739f7c8fdb92','Grant','Charlotte','charlotte.grant@example.com',612346578,'Directeur IT',158274930);

CREATE TABLE IF NOT EXISTS `address_model` (
  `uuid` VARCHAR(1024),
  `number` BIGINT,
  `street` VARCHAR(1024),
  `postal_code` BIGINT,
  `city` VARCHAR(1024),
  `country` VARCHAR(1024),
  `address_complement` VARCHAR(1024),
  `additional_information` VARCHAR(1024)
);

INSERT INTO `address_model` (`uuid`,`number`,`street`,`postal_code`,`city`,`country`,`address_complement`,`additional_information`)
VALUES
('a8dff5c7-8d88-4fcb-8d24-e4a09de05e36',10,'Rue des Acacias',75001,'Paris','France','Appartement 12','Résidence sécurisée'),
('ecb9d879-9a9b-4d85-b0b2-5867e827efb9',25,'Avenue de la République',69001,'Lyon','France','Bâtiment B','Près du parc'),
('c3f207fa-6327-4d62-9d56-7ac621af68f9',45,'Boulevard de la Liberté',13001,'Marseille','France','Escalier A','Immeuble ancien'),
('b4c8a9c2-e524-4f59-9f91-054b73057465',3,'Place des Vosges',75003,'Paris','France','Rez-de-chaussée','Boutique en façade'),
('a1b08f23-84b9-4eac-9483-97c7cd1fd0c1',15,'Avenue des Champs-Élysées',75008,'Paris','France','Appartement 5','Immeuble moderne'),
('b4f9a7da-0b09-4e42-81c4-06be4327f1e4',100,'Rue de la Paix',69002,'Lyon','France','Bâtiment A','Près du centre commercial'),
('c8bb4f84-d394-40c9-b215-9b292f27f4ff',75,'Boulevard Haussmann',75009,'Paris','France','3ème étage','Immeuble bien situé'),
('d64f2b56-50ea-4e2f-8a44-c8cdbd0621c7',88,'Rue du Faubourg Saint-Antoine',75011,'Paris','France','Appartement 9','Près du métro'),
('e62a75c4-37c5-4f7b-9cfd-90a7fc9b92f2',56,'Rue de la République',69001,'Lyon','France','Appartement 10','Quartier animé'),
('f8d66e9d-820a-4a96-b951-86b73d1d7c28',23,'Place Vendôme',75001,'Paris','France','Bureau 3','Près de la place des Victoires'),
('0630f2c5-0f1f-4e57-b68a-4a3e0c52855b',10,'Avenue de la Liberté',13001,'Marseille','France','Rez-de-chaussée','Proche du vieux-port'),
('178e38cd-1066-4c79-92b4-1bffcf87f85a',120,'Rue de la Croix-Rouge',75010,'Paris','France','Appartement 3','Immeuble résidentiel'),
('2fa9d01b-bc5a-44b7-aad2-364437a0e6e4',42,'Boulevard Montparnasse',75014,'Paris','France','Bureau 12','Quartier animé'),
('329fd313-9bb7-41c7-b347-d66b340ddfad',33,'Rue de la Gare',75012,'Paris','France','4ème étage','Immeuble ancien'),
('479af307-66a4-41a0-80cc-e5bff432d381',22,'Rue du Général Leclerc',75014,'Paris','France','Appartement 8','Proche de la gare'),
('59b77a59-8f39-42d1-b9b0-c9117421ff3f',67,'Avenue Foch',69006,'Lyon','France','Bâtiment C','Quartier calme'),
('72b672d9-7995-4f93-848d-c9ccae59e2c3',33,'Rue des Martyrs',75009,'Paris','France','Appartement 12','Dans le quartier animé'),
('81c9777d-06b2-4f15-9b9e-e62a3c07a03d',54,'Rue de la République',13001,'Marseille','France','Appartement 22','Près du centre historique'),
('97ed47b0-4b6a-4c1f-bb89-10df3946e9b8',110,'Place de la Bastille',75011,'Paris','France','Bureau 5','Quartier populaire'),
('a1c9d5ed-b477-4fef-b122-d27311a0c8ea',5,'Rue de la Couronne',69002,'Lyon','France','Appartement 3','Près du Rhône'),
('b5cc10e0-e18f-4429-bcd5-06a0adf41022',80,'Avenue de l’Opéra',75009,'Paris','France','Immeuble 10','Au cœur de la ville'),
('d2f7c77a-2e45-42c1-b5bb-1633f82622a4',120,'Boulevard de Strasbourg',75010,'Paris','France','Appartement 4','Près de la gare de l’Est'),
('ea4154bc-9f5f-4f39-908b-1eced58c4f2e',200,'Avenue de la Porte de Versailles',75015,'Paris','France','Bureau 2','Proche des expositions'),
('1030bc1b-c8be-4ad2-b56e-9b270c76b5ff',21,'Avenue des Champs-Élysées',75008,'Paris','France','Appartement 10','Proche du rond-point des Champs'),
('2041de32-b439-42da-b67f-c23e3cfbe9e1',12,'Rue du Faubourg Saint-Honoré',75008,'Paris','France','Bureau 3','Immeuble haussmannien'),
('3052b681-7595-4d5d-b6f5-befbc7b44162',34,'Place de la Concorde',75008,'Paris','France','2ème étage','Quartier touristique'),
('4063c598-559e-4317-bb16-5a4507cfda3b',45,'Avenue de l’Opéra',75002,'Paris','France','Appartement 5','Près du Palais Garnier'),
('5074d7e1-19c3-4e38-9d3a-9ed6bc74c7c4',25,'Rue de la République',13001,'Marseille','France','Appartement 8','Quartier dynamique'),
('6085e52b-d47e-4714-b42a-7ab5127f7c87',33,'Boulevard St-Germain',75005,'Paris','France','Bureau 7','Proche de la Seine'),
('7096f63f-9a49-433d-804f-d0f0139630ed',51,'Rue de la Liberté',69003,'Lyon','France','Appartement 11','Quartier commerçant'),
('80a7d2f7-0f77-4bb7-a631-e4d41ac75c06',63,'Boulevard de la Bastille',75012,'Paris','France','Rez-de-chaussée','Proche de la Gare de Lyon'),
('91b8e68e-5a68-4bb7-b5d5-3c035bdaf695',78,'Avenue de la République',75011,'Paris','France','Appartement 12','Quartier résidentiel'),
('a2c9f1c4-c8a4-40f7-a120-f9b8572ffbc8',15,'Rue Montmartre',75001,'Paris','France','Bureau 9','Quartier historique'),
('b05a8d91-f4a2-4b76-b3b7-1a3c429c15a3',85,'Avenue de la Grande Armée',75017,'Paris','France','Bureau 4','Immeuble de bureaux'),
('c14d6170-fd16-431a-a2ac-5e4bfa9a7ca2',26,'Boulevard Montmartre',75002,'Paris','France','Appartement 10','Près des théâtres'),
('d25f4630-1ad5-46ea-a8a0-43059830d372',18,'Rue de la Paix',75002,'Paris','France','Bureau 5','Quartier historique'),
('e35b7b35-3940-47a5-922f-5a08a0e29e32',55,'Rue de Rivoli',75001,'Paris','France','Appartement 6','Proche du Louvre'),
('f47d9e80-6a2f-43a6-9106-df8de3bc7b1c',22,'Place de la Concorde',75008,'Paris','France','Bureau 2','Vue sur le jardin des Tuileries'),
('03f4a1c5-dcb2-4c39-a90c-5180e5459985',34,'Rue de la République',69002,'Lyon','France','Appartement 3','Quartier commerçant'),
('14eac69c-64b3-4907-bd78-0d3c8998d84f',67,'Avenue de la Liberté',13001,'Marseille','France','Appartement 7','Quartier animé'),
('25a7b14f-f010-4a4b-906b-82a84611e5c1',90,'Boulevard de l’Indépendance',69003,'Lyon','France','Bureau 8','Près du centre-ville'),
('36e1d2c8-15e1-4a9f-a3f3-7d1f2154a22a',110,'Avenue des Champs-Élysées',75008,'Paris','France','Appartement 12','Quartier prestigieux'),
('47b9a69b-8a0e-4a91-9e3a-5c3996e6f2d0',50,'Rue de la Fontaine',75011,'Paris','France','Bureau 3','Immeuble récent'),
('58c129d6-0b9f-4534-a0f7-24e90735d5be',73,'Rue de la Paix',75002,'Paris','France','Appartement 9','Quartier touristique'),
('69d0b4b1-bd64-48c6-8ab6-2d9b8f12503e',41,'Rue des Francs-Bourgeois',75003,'Paris','France','Appartement 5','Quartier historique'),
('7adcf8bb-0c7a-4cf3-b0f5-0f06b201b6b7',66,'Boulevard Haussmann',75009,'Paris','France','Bureau 6','Près des grands magasins'),
('8bf2630e-dbb9-47b5-8309-bd94c5bc6742',82,'Avenue des Champs-Élysées',75008,'Paris','France','Appartement 7','Proche des restaurants'),
('9e6ecb1f-d173-40fa-b94d-fca4d379413d',44,'Boulevard Montparnasse',75014,'Paris','France','Bureau 4','Quartier dynamique'),
('ad1d678f-7f0d-4ff6-bd33-0640b6b4fd68',52,'Avenue des Ternes',75017,'Paris','France','Appartement 8','Près des commerces'),
('bc4f5a67-2ec5-4170-9d57-1f032ca9e898',65,'Rue du Faubourg Saint-Antoine',75011,'Paris','France','Bureau 10','Quartier résidentiel'),
('cd65ba24-c71e-46d2-a9b5-c6e3a6c81d44',29,'Rue de l’École de Médecine',75006,'Paris','France','Appartement 4','Proche du Jardin du Luxembourg'),
('de56b1c2-8c3d-4a98-b7f9-8cb3aee92c34',11,'Rue des Petits-Champs',75002,'Paris','France','Bureau 2','Quartier central'),
('ef23be8f-55e6-4a5d-aac1-55f7fce156ba',95,'Rue de la Croisette',6400,'Cannes','France','Appartement 13','Vue sur la mer'),
('101a2b8e-9b74-4f2d-b99b-8e34bf90b263',60,'Avenue des Ternes',75017,'Paris','France','Bureau 4','Immeuble moderne'),
('202b2c9f-d3de-4a45-b8b0-8e36fbd64e3b',12,'Boulevard Saint-Germain',75005,'Paris','France','Appartement 3','Quartier vivant'),
('303c3e1d-8f9e-4b76-b382-b8f418f9cd3e',45,'Place de la République',75011,'Paris','France','Bureau 7','Quartier dynamique'),
('404d4f7b-3f51-4e9c-88a0-fd98a5ccff4c',28,'Rue des Martyrs',75009,'Paris','France','Appartement 6','Quartier commerçant'),
('505e5a2d-84d5-4cb0-bb61-712a3209c9cf',33,'Avenue de la Grande Armée',75017,'Paris','France','Bureau 2','Près de l’Arc de Triomphe'),
('707a7c87-2569-4678-9b1b-06d13ef83d7e',92,'Rue de la Paix',75002,'Paris','France','Bureau 5','Quartier historique'),
('808b8e24-9d32-49e4-9fbc-cfd1fe3e4f27',58,'Avenue de la Liberté',13001,'Marseille','France','Appartement 7','Proche du Vieux-Port'),
('909c9f9e-58cb-4920-b3a7-7f4bbf3678f1',72,'Boulevard Haussmann',75009,'Paris','France','Bureau 6','Près des Galeries Lafayette'),
('a10d1fb1-4a88-4c79-87d7-ecfe740c8d6e',55,'Rue Montmartre',75002,'Paris','France','Appartement 8','Quartier historique'),
('b11e2f28-b290-4018-b8f2-f9c564decb1f',61,'Place des Vosges',75003,'Paris','France','Bureau 4','Quartier chic'),
('c12f3c3a-b951-43f2-b7b4-ffad3bc5e6d9',89,'Rue de la République',69002,'Lyon','France','Appartement 6','Quartier commerçant'),
('d13g4d0c-9c31-4c8c-9370-6c8d6f8267a3',78,'Rue du Faubourg Saint-Antoine',75011,'Paris','France','Bureau 8','Proche du quartier Bastille'),
('e14h5f4b-90fa-4fe6-a837-1c6b7b60783d',34,'Boulevard de la République',75011,'Paris','France','Appartement 10','Quartier vivant'),
('f15i6g7e-356f-4d5c-b9f0-9338fd988321',56,'Avenue de l’Opéra',75009,'Paris','France','Bureau 3','Proche de l’Opéra Garnier'),
('a16j7h8e-054f-44b0-931f-788cdd25fc45',48,'Rue de la Banque',75002,'Paris','France','Appartement 5','Quartier chic'),
('b17k8i9e-71b8-4208-bd11-15a4fc54c2a7',23,'Boulevard de la Liberté',13001,'Marseille','France','Bureau 2','Proche du Vieux-Port'),
('c18l9j1f-6070-40ae-b902-896e8763b348',65,'Rue de Rivoli',75001,'Paris','France','Appartement 12','Vue sur la Seine'),
('d19m10g-70b8-485f-9053-74f6d875b6b5',11,'Avenue du Président Wilson',75116,'Paris','France','Bureau 1','Près de la Tour Eiffel'),
('a21n2b8f-7e11-4d19-a0bc-564f29d83311',11,'Avenue de la République',75011,'Paris','France','Appartement 3','Quartier animé'),
('b22o3c9g-9d4f-4e5a-b11b-7a8b324ef8a2',22,'Rue des Petits Champs',75002,'Paris','France','Bureau 6','Quartier commerçant'),
('c23p4d0h-45e7-47b8-b77b-3b51f8a61d3b',12,'Boulevard des Capucines',75009,'Paris','France','Appartement 5','Quartier historique'),
('d24q5e1i-67f7-484d-bcf9-bcd80f5cfe13',18,'Place Vendôme',75001,'Paris','France','Bureau 4','Près de l’Opéra Garnier'),
('e25r6f2j-57e1-43fe-8a12-0a29db935c4f',35,'Boulevard de Sébastopol',75003,'Paris','France','Appartement 2','Quartier central'),
('f26s7g3k-46f2-432f-a901-9d2b493f7d5e',47,'Rue de la Sorbonne',75005,'Paris','France','Bureau 7','Proche du Panthéon'),
('g27t8h4l-27b7-4b0d-8ac5-dc2641b657f9',54,'Avenue des Champs-Élysées',75008,'Paris','France','Appartement 8','Proche du Petit Palais'),
('h28u9i5m-75e8-4e4d-a1c0-e2a53b2a7c2f',63,'Rue de la Montagne Sainte-Geneviève',75005,'Paris','France','Bureau 9','Près de la Sorbonne'),
('i29v0j6n-85b9-4f3c-b5a6-f9f0645a7f21',22,'Boulevard de l’Indépendance',69001,'Lyon','France','Appartement 1','Quartier central'),
('j30w1k7o-76c0-45fe-8f10-f8cfc0a70664',41,'Avenue de la Liberté',13001,'Marseille','France','Bureau 3','Quartier commerçant'),
('k31x2l8p-87b1-40bc-a4d4-bf58204a6065',51,'Rue Saint-Antoine',75011,'Paris','France','Appartement 5','Quartier historique'),
('l32y3m9q-98c2-45df-9058-dbfadfa83177',13,'Place des Halles',75001,'Paris','France','Bureau 2','Près du Musée du Louvre'),
('m33z4n0r-09d3-44d5-97ad-e92937375e29',72,'Avenue de la Gare',75010,'Paris','France','Appartement 4','Quartier calme'),
('n34a5o1s-29e6-49be-9a25-b62fd278f929',21,'Rue du Faubourg Poissonnière',75010,'Paris','France','Bureau 6','Proche des Grands Boulevards'),
('o35b6p2t-30f7-47f9-b302-c0c12a3f5b16',28,'Rue de la Glacière',75013,'Paris','France','Appartement 9','Quartier universitaire'),
('p36c7q3u-41b8-45fa-bd29-45a2116b0b47',85,'Boulevard de Saint-Germain',75006,'Paris','France','Bureau 1','Près des jardins du Luxembourg'),
('q37d8r4v-52c9-47da-b2b0-cab11f9c51d3',16,'Rue du Pont Neuf',75001,'Paris','France','Appartement 7','Vue sur la Seine'),
('r38e9s5w-63b0-48fb-b0a7-35125c81b5c8',43,'Rue des Écoles',75005,'Paris','France','Bureau 5','Quartier universitaire'),
('s39f0t6x-74d1-49fc-bd67-c2d2b6a7d7d9',23,'Rue de la République',13001,'Marseille','France','Appartement 6','Proche du Vieux-Port'),
('ebc2bc0d-230b-49f6-bdb3-3f424ecaf9f5',35,'Rue de la Montagne',75015,'Paris','France','Appartement 12','Proche du métro La Motte-Picquet'),
('5a8b9f25-fb72-4fba-b3e5-8c8b3a8ed1e5',48,'Boulevard de l’Indépendance',75012,'Paris','France','Bâtiment A','À côté de la gare de Lyon'),
('b04e1d0c-0ca1-4620-b978-47ff9f658db5',22,'Avenue des Champs-Élysées',75008,'Paris','France','Appartement 7','Près de l’Arc de Triomphe'),
('15f9b7a9-689f-4b3d-986f-107c23d9e48f',14,'Rue de la Liberté',69003,'Lyon','France','Appartement 4','Quartier Bellecour'),
('68fe8a99-d50f-496a-9c87-3f6fe62a1b19',18,'Place de l’Opéra',75009,'Paris','France','Appartement 5','Proche des Grands Magasins'),
('6828f4d9-902e-43b2-91e2-77fbc3b6db99',60,'Boulevard Voltaire',75011,'Paris','France','Bâtiment C','Quartier Oberkampf'),
('92ab7db1-b9d9-4f11-bfe5-b19c49b7b85d',21,'Rue de la Paix',75002,'Paris','France','Appartement 2','Proche de la place Vendôme'),
('f90676cd-e1d4-4c1e-b9e9-eaf10b3c5de0',33,'Rue du Faubourg Saint-Antoine',75011,'Paris','France','Appartement 11','Proche de Bastille'),
('b264d50e-ea5f-48ab-bb13-8e399deaf48d',72,'Avenue de la République',13011,'Marseille','France','Appartement 3','Quartier La Valentine'),
('aad03ab5-5856-4fd9-a7b9-cab983b9a4e1',15,'Place des Cuirassiers',69004,'Lyon','France','Appartement 6','Quartier Croix-Rousse'),
('02a1be7d-b049-49d3-b5b4-c7072554bb1d',29,'Avenue du Parc',75019,'Paris','France','Appartement 8','Près du parc des Buttes-Chaumont'),
('d5cb19a7-d3b3-4c28-b604-dac8cc7f4412',88,'Rue de la République',13002,'Marseille','France','Bâtiment A','Quartier du Panier'),
('9065c0fe-47bb-4e8c-93d0-bb8d4692cd3d',24,'Rue de la Gare',69007,'Lyon','France','Appartement 9','Quartier de Gerland'),
('f8b4e576-b987-42c7-bdc0-6091c47ab991',10,'Boulevard des Belges',13006,'Marseille','France','Bâtiment B','Quartier du Vieux-Port'),
('6b79f56d-716f-4ed8-9232-8d91cfb8f2e9',55,'Avenue de la République',75011,'Paris','France','Appartement 6','Près de la Place de la Bastille'),
('fddaccc9-828e-44ea-8246-33897fc06c66',12,'Rue de la Paix',75002,'Paris','France','Bâtiment B','À côté de la Place Vendôme'),
('52f1a62e-46ea-40f4-a674-fd4c347f6cd2',30,'Boulevard Saint-Germain',75005,'Paris','France','Appartement 4','Proche de la Sorbonne'),
('edc993fd-5b77-43b3-b37a-4c1f213c9c6c',26,'Rue du Faubourg Saint-Antoine',75011,'Paris','France','Appartement 10','Quartier Bastille'),
('122bd987-6874-45f2-a528-43543333f10e',42,'Avenue des Champs-Élysées',75008,'Paris','France','Appartement 5','Près de l’Arc de Triomphe'),
('b05c8f92-7b3f-4fe1-9fd1-b33e9d7093d9',77,'Rue de la Liberté',69003,'Lyon','France','Appartement 8','Quartier Bellecour'),
('7d4c2a3b-fc95-4c4a-9807-34de1c21a7d8',18,'Rue de la Paix',75002,'Paris','France','Appartement 9','Près de la Place Vendôme'),
('14e8b6e1-92c5-4cf5-bcb2-bc4b597cb8a7',50,'Boulevard de la Gare',13001,'Marseille','France','Appartement 2','Quartier Vieux-Port'),
('df153354-8f0b-45b8-a5a6-c97fc56a6f79',25,'Rue du Faubourg Saint-Denis',75010,'Paris','France','Appartement 7','Proche de la Gare de l’Est'),
('a92bb2f0-41ea-4fef-a592-59b0b0983196',33,'Rue de la République',13002,'Marseille','France','Appartement 3','Quartier Panier'),
('f378e9a2-e7f9-4e25-a660-b8e48d71c5a4',48,'Rua da Liberdade',75001,'Paris','France','Appartement 5','Proche de la Gare de Lyon'),
('7a0a5314-3fd4-4d8a-9908-f5cbd1272f74',33,'Avenida de Portugal',75002,'Paris','France','Appartement 7','Quartier Saint-Germain'),
('8d3fbd59-11d9-4c4f-ae59-0f3ca00c1498',45,'Rua da República',75004,'Paris','France','Appartement 12','Proche de la Gare de l’Est'),
('e7e74d90-8a3e-4b2e-b7c7-62f8e8464519',28,'Avenida de Lisboa',75015,'Paris','France','Appartement 3','Quartier Montmartre'),
('943e4a8d-365f-47f5-8e2e-0880f6ecb3f6',32,'Rua do Carmo',75008,'Paris','France','Appartement 7','Proche du Musée du Louvre'),
('3b02cbb4-d8bc-4407-9cfc-60c7a63d6cc2',12,'Avenida da Liberdade',75009,'Paris','France','Appartement 5','Quartier de l’Opéra'),
('575a52e5-d86e-4c99-93a6-92b06b2a3571',19,'Rua da Paz',75011,'Paris','France','Bâtiment A','Proche du Canal Saint-Martin'),
('2c5d828f-d5b3-46b3-8c2c-f0552a9752c9',8,'Rua dos Três Moinhos',75010,'Paris','France','Appartement 6','Proche de la Gare du Nord'),
('d91f0151-3990-4967-a66c-56ec36b32b7e',22,'Rua de São Paulo',75016,'Paris','France','Appartement 11','Proche du Trocadéro'),
('ad4ec9c2-6a3a-4232-baf2-7a567eb5fa75',41,'Rua de Portugal',75018,'Paris','France','Appartement 9','Quartier Montmartre'),
('5b2fa7cb-48f9-41d5-9574-e1d685925b60',60,'Rua da Liberdade',75002,'Paris','France','Appartement 4','Proche de la Place Vendôme'),
('9dbf3e9d-0b2c-4b2d-a7b9-5e89a4c97f70',16,'Rua Nova',75003,'Paris','France','Appartement 8','Quartier Le Marais'),
('3fcd9d7e-4e27-43c7-bf85-7b31350b11ff',42,'Calle de Alcalá',75004,'Paris','France','Appartement 7','Proche de la Place de la République'),
('b5d03bfe-df52-45a2-9fa9-8254d36c2a65',55,'Calle Gran Vía',75002,'Paris','France','Appartement 9','Près de l’Opéra Garnier'),
('7555c5a1-8bc5-46a0-990b-073062f7ac8e',32,'Calle de la Princesa',75006,'Paris','France','Appartement 3','Quartier Latin'),
('af08e8c6-c784-4e50-bbc4-bc42e4b64e6c',18,'Calle de Fuencarral',75010,'Paris','France','Appartement 4','Proche de la Gare du Nord'),
('ad8e4ab2-4e2a-4f27-8b4e-b27f6c967742',60,'Calle del Carmen',75012,'Paris','France','Appartement 8','Proche de la Place de la Bastille'),
('ccf023fa-b4f9-43f4-a96d-3bbf78f49b3b',27,'Calle de Atocha',75009,'Paris','France','Appartement 6','Quartier de la Gare de Lyon'),
('d14ea74e-6d85-4a8d-98d0-c1a518c244e6',48,'Calle de la Princesa',75015,'Paris','France','Appartement 2','Proche de Montmartre'),
('c1dfdb26-f12d-4f37-bd4b-7be0d2103fc2',33,'Calle de Serrano',75007,'Paris','France','Appartement 10','Quartier Saint-Germain'),
('6bce61ea-79db-49a7-b122-ff41a4450c4d',12,'Calle de Gran Vía',75018,'Paris','France','Appartement 11','Proche de la Place des Vosges'),
('45e3175f-5ad2-47f7-b6bc-ecc4db72cb12',22,'Calle de la Paz',75011,'Paris','France','Appartement 5','Proche de la Place de la Bastille'),
('e56dbbe3-3f84-4b34-b9e1-e49e5071a914',28,'Strada Mihai Eminescu',75004,'Paris','France','Appartement 5','Proche de la Gare de l’Est'),
('c8d4a763-c0d9-4fcb-b1f2-6fa5d5b7a943',12,'Strada Calea Victoriei',75002,'Paris','France','Appartement 6','Quartier Montmartre'),
('0f6c6a97-b1f2-44c1-bd91-c8d67fe50f53',48,'Strada George Enescu',75006,'Paris','France','Appartement 2','Quartier Latin'),
('de4a5236-44ea-4fd9-84ad-82a7736bdbd8',34,'Strada Unirii',75010,'Paris','France','Appartement 8','Proche de la Gare du Nord'),
('6cd2ff11-c88e-4780-bdf8-650d5f01e6b7',55,'Strada Tudor Vladimirescu',75009,'Paris','France','Appartement 7','Proche de la Gare de Lyon'),
('4f9d1d6c-8cf4-46e9-9de9-7f6d8a3d9066',19,'Strada Ștefan Cel Mare',75011,'Paris','France','Appartement 3','Proche du Canal Saint-Martin'),
('7b23c897-e9d3-4021-bdb6-92c2212151f1',60,'Strada Nicolae Bălcescu',75007,'Paris','France','Appartement 9','Quartier de l’Opéra'),
('5a39f0b9-9f2b-42f3-bff2-506b5105438f',8,'Strada Dacia',75015,'Paris','France','Appartement 4','Proche de Montmartre'),
('18c15b74-d332-4f26-bddf-b01034f83ff9',40,'Strada Bdul. Magheru',75018,'Paris','France','Appartement 11','Quartier Le Marais'),
('b5db3d7e-1f44-4c77-bb7d-39e63f432a7a',22,'Strada Drumul Taberei',75003,'Paris','France','Appartement 10','Proche de la Place Vendôme'),
('aac9f084-6e6a-42c3-8b4c-54c25b44d31d',22,'Købmagergade',75004,'Paris','France','Appartement 3','Proche de la Place de la République'),
('b9cfa2e2-6b36-4bbf-b75a-5075e83d65fd',15,'Storgatan',75002,'Paris','France','Appartement 6','Quartier Opéra'),
('cd8b5452-0b09-4ca1-8647-9a0b1fdbd9fa',30,'Västerlånggatan',75010,'Paris','France','Appartement 4','Proche de la Gare du Nord'),
('785c91d4-4463-4c5d-9fa9-91a7ff3a6de6',48,'Lilla Varvsgatan',75009,'Paris','France','Appartement 8','Proche du Musée d’Orsay'),
('a327f132-1189-4f9f-a7a6-5d0ca35f5e9a',60,'Kungsgatan',75011,'Paris','France','Appartement 7','Proche du Canal Saint-Martin'),
('e0bc3997-d695-4b16-9c2e-d283174bd138',19,'Vasagatan',75007,'Paris','France','Appartement 2','Proche de Montmartre'),
('998f276d-202f-4871-86f9-e80f08832792',8,'Östra Hamngatan',75015,'Paris','France','Appartement 5','Proche de la Gare de Lyon'),
('81f7a0d4-cd9f-4c21-85ac-e07e0b25ed4e',43,'Vikingsgatan',75003,'Paris','France','Appartement 6','Proche du Parc des Buttes-Chaumont'),
('0d6c6232-8502-4602-9489-b9491b0c551f',50,'Skärholmen',75018,'Paris','France','Appartement 9','Quartier Le Marais'),
('7f66a5b0-2304-48a3-88f1-5f6ed6a23e7f',12,'Södra Förstadsgatan',75004,'Paris','France','Appartement 11','Proche de la Place Vendôme'),
('f1a02a2d-f4cc-4e67-b256-b5bb053227b4',25,'Storgatan',75006,'Paris','France','Appartement 5','Proche de la Place de la Concorde'),
('7db6c9bc-e1b9-43c9-b2f4-5b7c7c5c8c98',34,'Kungsträdgårdsgatan',75003,'Paris','France','Appartement 6','Proche de la Gare Saint-Lazare'),
('d243d9d7-f464-4a9f-9c5f-91360b29a34c',18,'Östermalmstorg',75009,'Paris','France','Appartement 2','Quartier Opéra'),
('e8f8d7b3-bf91-468d-b7c4-d31a4ff10a97',10,'Norrmalmstorg',75015,'Paris','France','Appartement 7','Proche de la Gare de Lyon'),
('f48b2bc4-d9f7-4c3f-a054-704b2761a2e6',55,'Västerlånggatan',75004,'Paris','France','Appartement 8','Proche du Parc des Buttes-Chaumont'),
('b1e4c429-3f8e-4a3a-9250-ff12e4fdd343',72,'Sundbyberg',75011,'Paris','France','Appartement 3','Quartier du Marais'),
('b988d5cf-daf1-4f5a-86b8-993edba251e2',50,'Sturegatan',75007,'Paris','France','Appartement 9','Proche de la Place de la Bastille'),
('3798f4ca-92f6-4c77-bf09-e28f8362c7bc',21,'Hamngatan',75002,'Paris','France','Appartement 10','Proche du Musée du Louvre'),
('56d2f0ff-1b66-45f7-8309-b7319f8c5f13',33,'Lilla Torg',75012,'Paris','France','Appartement 4','Proche de la Gare de l’Est'),
('8a1f4d53-5a2e-4ad5-b084-e74572087c98',41,'Kungsportsavenyen',75005,'Paris','France','Appartement 11','Proche du Parc de la Villette'),
('ae8f5f8b-7d93-404f-b52d-6f3158e2fe83',10,'Baker Street',75006,'Paris','France','Appartement 3','Proche de la Place de la République'),
('a4f6c3ab-2b8f-42b1-931f-ff62f3a9a452',22,'Fleet Street',75002,'Paris','France','Appartement 6','Quartier Opéra'),
('d3e1b8f9-5a51-44f1-b7f2-1a340b1f1a9d',30,'Oxford Street',75010,'Paris','France','Appartement 4','Proche de la Gare du Nord'),
('50aabb23-0a8d-44b0-90de-6f82939a7f69',44,'Downing Street',75009,'Paris','France','Appartement 8','Proche du Musée d’Orsay'),
('8e7795f7-62ac-46fa-bf5e-0243f018e8ff',50,'King’s Road',75004,'Paris','France','Appartement 7','Proche de la Gare de Lyon'),
('c04d5d2b-9bc0-4376-8be4-4702f4f62c6d',12,'Carnaby Street',75011,'Paris','France','Appartement 2','Proche du Canal Saint-Martin'),
('d0c3a2c8-3f8f-4c2b-bf74-d3955042f687',18,'Regent Street',75007,'Paris','France','Appartement 9','Proche de Montmartre'),
('fbf73024-0a6c-48a3-bd8e-e109d4fe9811',25,'Covent Garden',75015,'Paris','France','Appartement 10','Proche de la Place Vendôme'),
('4a0c4a0e-d0ab-44f1-b49c-79a3cdb1e16c',40,'Piccadilly Circus',75003,'Paris','France','Appartement 5','Proche de la Gare Saint-Lazare'),
('a4c5e3c4-1a3c-4f1f-a75d-e5699b231440',33,'Charing Cross Road',75012,'Paris','France','Appartement 11','Proche de la Place de la Concorde'),
('c5d6f1c5-7891-4721-92db-43c05b1e7f5c',15,'Elm Street',75006,'Paris','France','Appartement 3','Près du Parc Monceau'),
('d4f5b8e6-4793-4881-9301-25fd687fd870',22,'Camelot Lane',75002,'Paris','France','Appartement 6','Proche du Musée du Louvre'),
('b2c4f7e2-8a0d-49f1-97b8-7b9b5f935e72',28,'Broadway',75010,'Paris','France','Appartement 4','Proche de la Gare du Nord'),
('e5f6d7a8-4a65-4780-bd3f-c2fe259b8367',40,'Woodland Drive',75009,'Paris','France','Appartement 8','Proche de la Place de la Concorde'),
('ab2a5f7e-5d2b-4de6-8f5b-e7a7c8a2c032',50,'Stonebridge',75004,'Paris','France','Appartement 7','Proche du Canal Saint-Martin'),
('a9c3e2d7-17a3-44c0-b7e4-4d91383995fc',12,'Greenwich Road',75011,'Paris','France','Appartement 2','Proche de la Place de la République'),
('d0c1e0f2-8f8f-4480-b401-e07fa93f3d2c',18,'Cole Street',75007,'Paris','France','Appartement 9','Proche de Montmartre'),
('f8d1b2c6-49cd-4e5e-89f7-9020adf6d8e1',26,'Pace Boulevard',75015,'Paris','France','Appartement 10','Proche de la Place Vendôme'),
('a7c0f3b4-7b95-40e9-9b77-e2ad54a8b29e',33,'Mason’s Road',75003,'Paris','France','Appartement 5','Proche de la Gare Saint-Lazare'),
('5f7c6d2d-d2c8-4c42-bb7b-739f7c8fdb92',19,'Grant Street',75012,'Paris','France','Appartement 11','Proche du Parc des Buttes-Chaumont');


-- User & Group
drop user if exists admin@localhost;
flush privileges;

-- Créer un utilisateur avec un mot de passe
CREATE USER 'admin'@'localhost' IDENTIFIED BY '1234';

-- Accorder tous les privilèges à cet utilisateur sur la base de données
GRANT ALL PRIVILEGES ON projet.* TO 'admin'@'localhost';

-- Appliquer les changements
FLUSH PRIVILEGES;

CREATE TABLE IF NOT EXISTS user_profile (
	profile_id VARCHAR(16) PRIMARY KEY,
	`description` VARCHAR(500),
	access_level TINYINT DEFAULT '3'
);

CREATE TABLE IF NOT EXISTS token (
    token_id VARCHAR(64) NOT NULL PRIMARY KEY,
    date_created DATETIME DEFAULT CURRENT_TIMESTAMP,
    date_expiration DATETIME NOT NULL,
    status_token BOOL NOT NULL
);

 CREATE TABLE IF NOT EXISTS membership (
	uuid_user VARCHAR(36) PRIMARY KEY,
    uuid_address VARCHAR(36) DEFAULT NULL,
    profile_id VARCHAR(16) DEFAULT NULL,
    token_id VARCHAR(64) DEFAULT NULL,
    username VARCHAR(50) NOT NULL UNIQUE,
    passwd VARCHAR(255) NOT NULL,
    date_created DATETIME DEFAULT CURRENT_TIMESTAMP,
    date_last_connection DATETIME,
    status_user BOOL NOT NULL
);

INSERT INTO user_profile (profile_id, `description`, access_level)
VALUES
    ('admin', 'Administrators with full access', '1'),
    ('CE', 'Comité d\'entreprise with limited management rights', '2'),
    ('member', 'Regular members with basic access rights', '3');

	INSERT INTO membership (uuid_user, uuid_address, profile_id, token_id, username, passwd, date_created, date_last_connection, status_user) VALUES
('517516e7-4e8a-4765-91d5-ec87012e227d', 'a8dff5c7-8d88-4fcb-8d24-e4a09de05e36', 'admin', 'd9b839141c59805f621f7e451ba6824817f8e01214d6c8b6478ad2c5cbead113', 'user_1', '7c6a180b36896a0a8c02787eeafb0e4c', '2024-10-02 09:45:32', '2024-11-24 06:26:13', FALSE),
('90ec858e-9537-484a-8bac-9f6b261964b6', 'ecb9d879-9a9b-4d85-b0b2-5867e827efb9', 'admin', 'c03f3d62c3f7e1e9ae8beab5c6977fe7a0e145953c03cc7b1098649ebd8d5f2a', 'user_2', '6cb75f652a9b52798eb6cf2201057c73', '2023-01-23 18:23:02', '2023-08-31 17:05:57', FALSE),
('e1edf453-3921-43c3-bccc-ded818a79fdc', 'c3f207fa-6327-4d62-9d56-7ac621af68f9', 'CE', 'e8360007242ab1591661513a0f8d4674e5445d7daa2285b59e94471354216711', 'user_3', '819b0643d6b89dc9b579fdfc9094f28e', '2022-09-17 12:52:08', '2024-09-16 01:35:44', FALSE),
('ac715e9b-07df-45d4-9a78-e544348a6341', 'b4c8a9c2-e524-4f59-9f91-054b73057465', 'member', '24f535b3757436152dfdc18c66cfc25a20daef6ffae1f8a40c1a43bdab9a58fc', 'user_4', '34cc93ece0ba9e3f6f235d4af979b16c', '2023-02-15 16:21:39', '2024-01-23 04:28:41', FALSE),
('88a90300-a0e6-41b9-be12-1ba08b1580ba', 'a1b08f23-84b9-4eac-9483-97c7cd1fd0c1', 'CE', '067d566de2def2c4ce215cd3ab92d98824ba2c7715d19fc85aee83da3c4c066c', 'user_5', 'db0edd04aaac4506f7edab03ac855d56', '2023-05-31 02:19:08', '2023-10-07 11:21:06', FALSE),
('8382ffbd-4e4e-4ad4-b013-7839df25e5c5', 'b4f9a7da-0b09-4e42-81c4-06be4327f1e4', 'member', 'b2d53c1c7c93fadecaa88b9a86b219bf422d4c96bed384738ca30e929cb3da62', 'user_6', '218dd27aebeccecae69ad8408d9a36bf', '2024-12-15 05:58:21', '2024-12-29 09:01:38', FALSE),
('4407f89a-753c-4238-ac4b-f94a3bbc9b1c', 'c8bb4f84-d394-40c9-b215-9b292f27f4ff', 'CE', 'b7885c8dfecb1bbdb3260621e0dd0c9c8506bd03d4ac82a509783f1ad4b33b79', 'user_7', '00cdb7bb942cf6b290ceb97d6aca64a3', '2023-03-13 16:09:46', '2024-05-20 05:43:27', FALSE),
('65b48d47-c060-4023-882f-89074e921ee6', 'd64f2b56-50ea-4e2f-8a44-c8cdbd0621c7', 'member', '67f7e449192bbab11832915c549b3eb9edb447a61272bc22e1b39e8bbf8762a7', 'user_8', 'b25ef06be3b6948c0bc431da46c2c738', '2023-11-07 18:11:12', '2024-03-07 05:13:46', FALSE),
('ca46107a-e113-41e2-a523-0dac4a6d8aee', 'e62a75c4-37c5-4f7b-9cfd-90a7fc9b92f2', 'member', '29ed6a71553cf1e62742cf2b5ac82a6993f4d661e97d5293612a2a2026e6e4ff', 'user_9', '5d69dd95ac183c9643780ed7027d128a', '2022-12-01 21:20:17', '2024-06-04 10:34:01', FALSE),
('3e75fda5-df43-4d84-93f5-d590cd9830a0', 'f8d66e9d-820a-4a96-b951-86b73d1d7c28', 'member', 'd944bd1fbc6050c2653e9569ad8def03f6b3c549f8dbaac24a2d6b4a336f9501', 'user_10', '87e897e3b54a405da144968b2ca19b45', '2024-11-05 22:45:45', '2024-11-14 21:18:46', FALSE),
('78f125b1-29c9-453c-98e3-ec2ead9bd314', '0630f2c5-0f1f-4e57-b68a-4a3e0c52855b', 'member', '546fa976b4e347f3c76d66de115dde2d41035a28961a9b24c9a077edfd7c3dcb', 'user_11', '1e5c2776cf544e213c3d279c40719643', '2024-01-24 11:35:08', '2024-03-28 08:04:20', FALSE),
('d1b5007c-a1bf-4afa-a46d-5d5fdb7c79cd', '178e38cd-1066-4c79-92b4-1bffcf87f85a', 'member', '164005998991ff8b3deeb7eca77e52bd0177a7023441ab2fd2b6a1c75fa14111', 'user_12', 'c24a542f884e144451f9063b79e7994e', '2024-07-20 22:19:53', '2024-10-01 17:09:42', FALSE),
('887ffa4f-63a2-41f1-b0e8-45857bf366ed', '2fa9d01b-bc5a-44b7-aad2-364437a0e6e4', 'member', '3bdde14888d96fd892ff4a7fe5b7c3b991583499f1a8db5cc6f5101a9d433fc6', 'user_13', 'ee684912c7e588d03ccb40f17ed080c9', '2024-05-16 16:42:10', '2024-12-30 15:26:04', FALSE),
('8fae166d-33b9-4bf8-97e8-0eb6ddb0955b', '329fd313-9bb7-41c7-b347-d66b340ddfad', 'CE', '7ccf7f503928c4fcae1dc037f5efe6a75b58f0f96324930ffe4c89908ed9e4df', 'user_14', '8ee736784ce419bd16554ed5677ff35b', '2024-12-05 03:15:13', '2024-12-15 18:23:24', FALSE),
('14e2d59e-32d6-40a8-b1f1-bfbd93931020', '479af307-66a4-41a0-80cc-e5bff432d381', 'member', '6c219f743bece33c46ec65f0d86d5978ed1ff16813584f7902dda08eb4de798d', 'user_15', '9141fea0574f83e190ab7479d516630d', '2024-04-15 13:45:54', '2024-04-28 22:41:40', FALSE),
('ac5ccd32-a1da-4960-b2db-4996bf8d71b9', '59b77a59-8f39-42d1-b9b0-c9117421ff3f', 'CE', '53337d04fb94126f51ba091191ac46c08315b39bf77357cfe85bc439aa3a2c62', 'user_16', '2b40aaa979727c43411c305540bbed50', '2022-03-06 23:38:08', '2024-02-02 02:57:50', FALSE),
('e8735c6d-19ba-4f3b-850b-cdab28e58c58', '72b672d9-7995-4f93-848d-c9ccae59e2c3', 'member', '2266170bbf5b70f71e52e1eeb5509731e883b07ae6cd27a9f2c641f13b84ee01', 'user_17', 'a63f9709abc75bf8bd8f6e1ba9992573', '2024-01-18 18:16:44', '2024-01-29 02:04:00', FALSE),
('4fb60321-b245-4199-a273-d864ed4e8780', '81c9777d-06b2-4f15-9b9e-e62a3c07a03d', 'member', 'cfa92a483b482b2a16d17465f91913b529fa9f5c7ce5c7b8deeb0463333cd8b4', 'user_18', '80b8bdceb474b5127b6aca386bb8ce14', '2022-06-10 05:06:55', '2024-03-14 19:36:47', FALSE),
('7d3ccf83-edc1-4d77-870a-20d15b553e60', '97ed47b0-4b6a-4c1f-bb89-10df3946e9b8', 'member', '3eb1adfffcdd42a56646d956edf8b09ea2054f740ba208657ca1f730b7d6cbdf', 'user_19', 'e532ae6f28f4c2be70b500d3d34724eb', '2023-03-06 11:56:07', '2024-10-03 22:07:49', FALSE),
('f125a170-b480-415d-9c32-e9ffaa3cf043', 'a1c9d5ed-b477-4fef-b122-d27311a0c8ea', 'member', '7cf4692d17d97cd01534372c2552cb80479d38ad6e1528241352abd07e7b508e', 'user_20', 'aee67d9bb569ad1562f7b67cfccbd2ef', '2023-03-22 14:37:25', '2024-11-07 02:41:45', FALSE),
('806bf56d-10f5-40ce-839c-1da507089623', 'b5cc10e0-e18f-4429-bcd5-06a0adf41022', 'member', 'a5acede62b5a7ec6d92916db211636d78c41619a00eecbd7443eeb89f7f31411', 'user_21', '568c31f0f2406ab70255a1d83291220f', '2023-07-21 09:47:32', '2023-10-22 21:49:51', FALSE),
('a2ae6969-8dba-464a-aff0-d1d037374c0f', 'd2f7c77a-2e45-42c1-b5bb-1633f82622a4', 'CE', '1e26e8717ea48c168ec1cc2e60436741340416d3a91465ecc809884d6f790242', 'user_22', '069103d83d40b742a336dee5fb92f4e5', '2023-10-31 19:36:36', '2024-04-28 11:22:55', FALSE),
('6e18a343-baa2-4400-a48a-bd695105ab7f', 'ea4154bc-9f5f-4f39-908b-1eced58c4f2e', 'member', 'c5fa1f2f1527da7d114bcc56b0247ac3e675e0f6b4e49a4c6cbce4eb3c6f56d2', 'user_23', '1f82cdf9195b31244721c6026587fb78', '2023-05-11 22:53:37', '2024-04-19 11:04:06', FALSE),
('87694617-325d-4620-b40e-dc5581c399c5', '1030bc1b-c8be-4ad2-b56e-9b270c76b5ff', 'admin', 'db6a69601d1857a18eb841dbe86664e3a62d5bfd612b9bc78302bee3f37482d5', 'user_24', '58bad6b697dff48f4927941962f23e90', '2024-06-28 15:09:32', '2024-10-31 20:23:25', FALSE),
('f7b26b88-9bae-4a6f-8021-64efb6d1d45b', '2041de32-b439-42da-b67f-c23e3cfbe9e1', 'member', 'ba78fb342549419bb9af695a1861fa5b190b557e1b099a4678eb82c6a92fc202', 'user_25', '6982e82c0b21af5526754d83df2d1635', '2024-10-04 17:19:55', '2024-11-26 19:51:57', FALSE),
('037e545a-273e-4a65-9519-8dac591ca05e', '3052b681-7595-4d5d-b6f5-befbc7b44162', 'member', '2e258a074e152b8bf7bdee8786abbdd01cedfcc03ecc07bd80be106e16dfc8c9', 'user_26', 'dc2d937cba912f093445d008f0461c83', '2023-07-09 00:10:25', '2023-11-16 02:54:25', FALSE),
('635626c0-2c94-4abf-b6fa-19fe7acf6a42', '4063c598-559e-4317-bb16-5a4507cfda3b', 'admin', 'f0b4708ce333d6beb21d6844dedf80abc1a46c9eacdabba9efbc502a087c5b97', 'user_27', 'ccf08fd9a560b266470bf8ab97fc7c26', '2022-05-13 01:38:42', '2022-10-02 08:20:55', FALSE),
('c2c5f835-bede-4de2-a5ae-94f0ee6c3407', '5074d7e1-19c3-4e38-9d3a-9ed6bc74c7c4', 'CE', '30b1ca56507e26ad9f4ac2fc2bed9d20b80c50d81e8f2ae11f0f0f039abc1ee5', 'user_28', '3b635d4df2c9ece93b97759531d6ed01', '2022-11-07 10:13:51', '2023-12-03 08:40:51', FALSE),
('4f8682d5-f44a-468b-8b83-78b6416c4f2b', '6085e52b-d47e-4714-b42a-7ab5127f7c87', 'member', '6f2c9f3e25dc74253dceb758fa9dc325c17d25a17ae654f0606c446428233d55', 'user_29', '926742e502de7d22686bb1d4a07fe635', '2024-06-23 22:07:15', '2024-11-11 10:06:42', FALSE),
('cff54bd7-e83b-490e-aba8-7d6330c137b7', '7096f63f-9a49-433d-804f-d0f0139630ed', 'member', '1887a07030cfaa616a585905633a0f039279ef9cba902339df376b0ec0aed779', 'user_30', '3dc94727dbba08bdd21d7b318b410600', '2024-03-09 12:34:21', '2024-04-02 23:45:37', FALSE),
('da0f9809-71cf-4913-bce9-6d7f5b2d6d44', '80a7d2f7-0f77-4bb7-a631-e4d41ac75c06', 'member', '9655a0abd1e814da54f466738c0e10d8b97f1d3e05090ade2131c06fa5086f66', 'user_31', '0c75f443030c092d82b67ef876fa4e4e', '2022-08-21 04:05:15', '2022-11-30 04:16:56', FALSE),
('446de252-5d4a-407e-8bb7-481a26c11e21', '91b8e68e-5a68-4bb7-b5d5-3c035bdaf695', 'member', '6fe9022d0f3c39fdea231aeb9ff4cc511ff116397c1816a761e69a39047defe3', 'user_32', 'f849618fac31084ff0bafe6f877562e3', '2023-06-21 11:58:30', '2024-04-18 15:50:49', FALSE),
('526f6e2d-8d05-4f66-b149-17f109660cb6', 'a2c9f1c4-c8a4-40f7-a120-f9b8572ffbc8', 'CE', 'edeac3310b39e470f87105cd7e3684fe68b30834f71100ee9d17fd283d661b65', 'user_33', 'd61af90de34e181dcb619fdc9c9f817d', '2024-04-08 11:37:44', '2024-06-10 22:06:32', FALSE),
('b0da8980-cf8b-4a55-a692-4f4ae45e6e92', 'b05a8d91-f4a2-4b76-b3b7-1a3c429c15a3', 'admin', '388e95115934ee5b3221215e9027ad5152157725cb9ab47e3ef077bfd84eb556', 'user_34', '7aa4106f8d30c77db0517e813ace4a3b', '2022-04-29 17:00:17', '2022-06-10 05:32:55', FALSE),
('022d22a1-ad43-4684-8272-d558100f6d5f', 'c14d6170-fd16-431a-a2ac-5e4bfa9a7ca2', 'member', '99a4ddfa8d87af2f4616752d709be9c682b40966e14dca18fe8599f31b9d4b09', 'user_35', '48ad74b74844fadd28274afd5c617ccf', '2024-03-02 15:03:33', '2024-08-24 02:56:44', FALSE),
('ce216c39-0275-4d0c-9203-d3a09e7ade51', 'd25f4630-1ad5-46ea-a8a0-43059830d372', 'member', 'fff4b2a1876c37698e7a9152588c7b955b792d157429092c935afa31da4b8fea', 'user_36', '8ba4260f47598cece4813a294952f7f3', '2023-03-20 18:44:20', '2023-08-28 13:02:29', FALSE),
('7fa9b68b-80ce-4f5e-8a90-d4e4db57cbb8', 'e35b7b35-3940-47a5-922f-5a08a0e29e32', 'member', 'e32f27ece2b2d2264246d45f36390ce4d1cacf8a68fd78ecf17eec0adb1d74bc', 'user_37', '9ab4b766ba920fca672112a4d81464df', '2024-11-06 09:44:54', '2024-11-15 05:45:14', FALSE),
('fd8c1b82-9fd1-47fb-ae98-f3f0e8762a27', 'f47d9e80-6a2f-43a6-9106-df8de3bc7b1c', 'member', '434ac381008d7b9202372a9f7cafed91cbe60372263037084c1c7cb99a33b85c', 'user_38', 'b30628ea30edfe26e7650e7bd89cc8a1', '2023-06-10 20:06:35', '2023-07-16 16:57:52', FALSE),
('9c548d22-7a2d-4c9c-b25a-aa9f6c77d549', '03f4a1c5-dcb2-4c39-a90c-5180e5459985', 'member', '79986283425d142dc80496c84f603b87eee4b24ffa873edfd345ad882bbd97cb', 'user_39', 'be961c906e3b375dced446d4cf0b6856', '2023-01-08 09:31:18', '2023-06-10 19:29:55', FALSE),
('81e426fe-aca1-4941-9936-e3a31ec567f8', '14eac69c-64b3-4907-bd78-0d3c8998d84f', 'member', '5b336331135c6f22a89ff7d73c4ae210897bec25b877862dd7178eadc945694a', 'user_40', '831fc3acf61a6ac7f44f73287ece2942', '2024-04-28 23:03:49', '2024-12-20 21:27:17', FALSE),
('d78fbf55-a771-4e8d-b8f9-7eb1af8d1c80', '25a7b14f-f010-4a4b-906b-82a84611e5c1', 'member', 'fe43e5cc70abe0009e527c394bfa877a177a148ba9715ac0cdf15b8c2f1d552a', 'user_41', 'decb7cb773821f0e6486650c6f062be5', '2023-06-13 10:12:28', '2024-05-06 07:35:05', FALSE),
('61c24e4a-4486-4e7c-bae4-9ceae7aa668a', '36e1d2c8-15e1-4a9f-a3f3-7d1f2154a22a', 'admin', '075c86bf96845f93bf19ee3fa9654bb1bf74a1ed702a3ad78de88de20fc13b49', 'user_42', 'b1a6a20d781fde908b1dd9af34deb8ea', '2022-01-19 07:56:38', '2024-10-20 07:51:06', FALSE),
('27d4dce5-42db-4405-8025-5c23b9a67a2d', '47b9a69b-8a0e-4a91-9e3a-5c3996e6f2d0', 'member', 'b02026de3853228bcf88fbeb03adc0b0e208b18aa8ba26fbd4276438f89dc50b', 'user_43', 'a5669b4e80cfb179cdd36be6eeada2cd', '2022-03-18 02:40:09', '2023-04-05 02:01:19', FALSE),
('4f468dba-2506-44f7-a27a-4d825349d738', '58c129d6-0b9f-4534-a0f7-24e90735d5be', 'member', '948299e9b408784d5270993a6d1721bd1b7468edc8d8c7f4540a9e4c78ff58dc', 'user_44', '9608e3da7f00ffa26507d1aa9a575197', '2022-06-23 18:40:00', '2023-12-11 02:23:55', FALSE),
('88a4e4f3-1622-4dda-a8c0-efc421ae9dfa', '69d0b4b1-bd64-48c6-8ab6-2d9b8f12503e', 'member', '181f9c6d34ff0405e5a8dc8c773cf6bc57d231b7c495346ead55214d6d2136c4', 'user_45', '0009fa95022c5c2c1276227121652c60', '2023-07-09 06:18:44', '2024-07-11 03:34:48', FALSE),
('9f0c6aa9-5632-49a2-8c6d-bfe94f04224e', '7adcf8bb-0c7a-4cf3-b0f5-0f06b201b6b7', 'member', 'a397b13e252cd0cb1e995570af2069be4d6df16bb45f366e6b19c9c647e34348', 'user_46', '6ea84fafdeb8b3857abe9410c7144ccb', '2024-03-05 04:18:53', '2024-04-07 11:41:25', FALSE),
('afa77a96-2166-4db4-b327-3fe9f9cf5d7c', '8bf2630e-dbb9-47b5-8309-bd94c5bc6742', 'member', '9b56be385863ae828680dfb1fcb3ed56943d1f30d93ccd4e3927bea48bab9395', 'user_47', 'ea716d443f74ecc54957c884c0d05612', '2024-05-31 15:54:16', '2024-07-15 12:35:37', FALSE),
('b89df274-0451-4638-be76-cfd65a0a021e', '9e6ecb1f-d173-40fa-b94d-fca4d379413d', 'member', 'a90bb3c4b5fe961f2a836d108f187f8f82901ffe36bd2ba25ef1b89e1776bdd3', 'user_48', '458c7a67e7b9126ae7a9df4b821ea745', '2022-05-24 23:27:59', '2024-12-18 09:08:27', FALSE),
('bc68f758-fc66-4b01-85b5-9da9e8953e44', 'ad1d678f-7f0d-4ff6-bd33-0640b6b4fd68', 'admin', '31450de62ee8e4c309c922b09128241edef98df0abbef8f575bf4991e7308d5b', 'user_49', '0659a802af127843be2e35e0e36c310a', '2022-10-04 17:08:32', '2024-01-07 06:06:23', FALSE),
('aa0aceaa-57c5-4496-9c38-d404b13a40b1', 'bc4f5a67-2ec5-4170-9d57-1f032ca9e898', 'member', '5d6a347ed9357059327a2a007bb84edffb2f129d37d4e88ea6056b885d1dfdd9', 'user_50', 'ed645bbf72d0c71176142d93c99942c2', '2022-08-19 06:35:17', '2023-10-03 03:33:17', FALSE),
('55668095-f677-4e21-83b7-ce8784946247', 'cd65ba24-c71e-46d2-a9b5-c6e3a6c81d44', 'CE', 'a8f63247f80f5db5dec2e768485b750965f1b2ef7557a251ebd27c56d16dcf20', 'user_51', '8586019a0e3d6c5db0f8800863d2603e', '2023-11-27 05:15:30', '2024-10-19 15:42:43', FALSE),
('66ed8a89-c823-4821-9589-859c7ebe8ad2', 'de56b1c2-8c3d-4a98-b7f9-8cb3aee92c34', 'member', '36b0e45649e0bbc024e16e91f57b878e9f1586d19b7e89fbb38765af29f6f9d0', 'user_52', '49c3e7ecd5f259d24e370f40a889cb92', '2024-07-16 07:19:41', '2024-09-01 18:26:08', FALSE),
('f972326e-401c-44ce-bf20-346fbd96222f', 'ef23be8f-55e6-4a5d-aac1-55f7fce156ba', 'CE', 'a18dd1e8fb813ea1bd998deab317ac1c631c3d4c5478b3464bb0847c41ac5cba', 'user_53', '81f18971327649c94d6bcf2f68ed8473', '2023-01-14 17:59:42', '2024-08-19 09:48:05', FALSE),
('ae512b71-e1a3-4b40-bf92-917801b3e902', '101a2b8e-9b74-4f2d-b99b-8e34bf90b263', 'member', '0e17e6af96195f481989dbcf7a7be2dfdef91fe6a9c24bf915cd0e1df1b2e958', 'user_54', '6457fb0868939e24c284ab8ca0b56239', '2022-05-22 13:05:33', '2024-01-02 01:41:48', FALSE),
('adf11883-da54-4ddf-a548-4ba12604033b', '202b2c9f-d3de-4a45-b8b0-8e36fbd64e3b', 'CE', 'e8ba98a356de1628f1f813e1550cdcb7fa14ddc39b1b322d48f4a371faa0d34f', 'user_55', 'abfe2d56a3ac2f1fd4fd0341ce779ccb', '2023-03-26 17:39:00', '2023-04-12 00:09:54', FALSE),
('1f152489-da9b-4832-80b2-7c6329be6303', '303c3e1d-8f9e-4b76-b382-b8f418f9cd3e', 'member', 'd554c87b3f3908fcba5537ea651e65767e6d735587889ad73d3ce8d8b4190b20', 'user_56', '6716686259c296138760bc8ab7913944', '2024-02-17 07:12:11', '2024-11-01 23:19:59', FALSE),
('cd74daea-7c0e-4e41-bb8f-b49ade29bec3', '404d4f7b-3f51-4e9c-88a0-fd98a5ccff4c', 'member', 'b05a7cdcd348d75995a1536244e388b51d02737efce42c27e98e2becaadd14e1', 'user_57', '1d7924e5e2898d767d0200698acdb888', '2024-11-27 08:35:16', '2024-12-22 06:33:51', FALSE),
('2e93b113-45b7-48e9-b565-1609aa963305', '505e5a2d-84d5-4cb0-bb61-712a3209c9cf', 'CE', 'e3385c2c74776c1139a34418b1b24accf675a273bd23fe74ea054b9a29de68a1', 'user_58', 'f93ed9b1d03611edac0ce37ab08621cb', '2022-04-09 07:01:18', '2024-07-05 15:41:29', FALSE),
('d41b60e4-2bc0-4eeb-b132-3f958a9c2330', '707a7c87-2569-4678-9b1b-06d13ef83d7e', 'admin', 'a837ce2ca408b7a91ca4ad58b8c22fa83a2979b3c8d4619b9a05d3c186925fe9', 'user_59', '3f4792d772b7147062e148fa9f8c49db', '2024-03-12 10:40:00', '2024-05-14 20:27:05', FALSE),
('9e27ba0d-6006-4489-b40a-16fb8ac36ae6', '808b8e24-9d32-49e4-9fbc-cfd1fe3e4f27', 'member', '4f41374af03385cced9531ff396e31a49e833ae7ca5270012384f4fb45ee8aa4', 'user_60', 'fddad413726c93599a5a08a1b5aeb74b', '2022-07-07 08:49:02', '2022-07-28 16:57:34', FALSE),
('c8185919-219a-48ea-854e-8db9d4e92a88', '909c9f9e-58cb-4920-b3a7-7f4bbf3678f1', 'member', '97d8b9d7938f6be51d54a329adddef82c8503f10252e8fdaeb09f209a5968099', 'user_61', 'bc18d252d963ea39a580d12386495f2f', '2022-11-17 08:33:57', '2022-12-31 17:36:59', FALSE),
('6f53dac5-e547-48d4-932c-2efb9770746e', 'a10d1fb1-4a88-4c79-87d7-ecfe740c8d6e', 'member', '7f9105e7c5b0a3c5748a151d097f1760bae2b25b1a134657673ddaa5e87eca8b', 'user_62', '9caf76d2bd5b47a69a07137312d47923', '2023-03-25 04:58:07', '2024-12-11 19:32:50', FALSE),
('a33ab7e9-961a-46c2-b832-26225c393335', 'b11e2f28-b290-4018-b8f2-f9c564decb1f', 'CE', 'b037cb6c7cffde28a75c2060b341308255e13694a2c74d0f11f28af170ed6b2c', 'user_63', '0f6665773debfa134a7d0bdb975c74fb', '2023-08-15 04:21:07', '2024-12-25 07:37:59', FALSE),
('e4b4c683-c067-4fa7-82f1-60e448d59afe', 'c12f3c3a-b951-43f2-b7b4-ffad3bc5e6d9', 'member', 'ea677018a136920dda4a4c06aca243010180aeccc71e45608c1d9dd71864ac93', 'user_64', 'a720597245f1a1a63f77068d04f4ff1f', '2023-12-15 11:57:33', '2024-11-07 10:49:39', FALSE),
('594a8d3f-53a4-4c1f-a514-71422b837b5b', 'd13g4d0c-9c31-4c8c-9370-6c8d6f8267a3', 'CE', '13636b7a5e5db9c004c6e4bd8ce43d6075e4c8f07be5d7de3cfb74b6bbd06781', 'user_65', '3cc973d22efb4e39c7aabc036cec11f8', '2023-07-02 22:37:53', '2023-10-05 04:54:23', FALSE),
('2b224bde-1d85-4f2b-9aea-6092ba676f77', 'e14h5f4b-90fa-4fe6-a837-1c6b7b60783d', 'CE', 'f4c9ac9bbb73ff7a38e149b380ba4cdfe59f9c6a5a3061eea5dfa819434455e3', 'user_66', 'f8f2c7990ce3701e3fb7562ac4994fb1', '2023-06-11 22:44:37', '2023-10-18 09:47:50', FALSE),
('f06c7141-c628-406a-b9f2-ff022831e2a6', 'f15i6g7e-356f-4d5c-b9f0-9338fd988321', 'member', '3a6771838f9d05e59798c7212c5b6a51f0350f57025d0e9fd4418e48bb192912', 'user_67', 'dd8112ab5f69dd32d909faf4dcf53323', '2022-01-02 04:26:09', '2024-03-03 10:30:28', FALSE),
('2e7311b6-7d07-4073-bde0-9c40f0fe8557', 'a16j7h8e-054f-44b0-931f-788cdd25fc45', 'member', '4c26783d0d87d545eb8bc222ac400e03fb6b24ea39a0b4c8d3f7a35074b8631b', 'user_68', 'd8b2f07fb0d8efc5723a1e3211934a84', '2022-09-01 11:24:13', '2022-10-06 20:12:13', FALSE),
('f619e28f-a0ed-4849-b389-6ded157ad901', 'b17k8i9e-71b8-4208-bd11-15a4fc54c2a7', 'member', '720e1c517ba1c4f4b680fcb21abf745dc86cf718f8032c3654bc294e7879f937', 'user_69', 'a30ef8e29768d22d8a27f608420bd396', '2023-11-13 16:44:04', '2024-12-09 14:03:56', FALSE),
('979535d3-7cac-4827-891d-3357bf3aa6c7', 'c18l9j1f-6070-40ae-b902-896e8763b348', 'member', '4c469079aa9d551026509645f2024ddbb312d5aa8ce1fb54e5a6dd1ffaedd20b', 'user_70', 'e480137b6ac15de1bf8786090fb59581', '2022-12-01 06:00:23', '2023-10-25 04:05:22', FALSE),
('875886d5-d4eb-4362-96fb-206beec6ddad', 'a7c0f3b4-7b95-40e9-9b77-e2ad54a8b29e', 'member', 'ed059f60fb50612941aab4817faf75417d7d8c91e455e31cf3a1ec22bda4210c', 'user_71', '0de113c625a62c02bf56b3aa112160d0', '2022-09-13 07:56:05', '2022-11-26 07:36:53', FALSE),
('85efc017-adf3-44c8-b4fb-6a5a8e0e72ee', 'a21n2b8f-7e11-4d19-a0bc-564f29d83311', 'member', 'e7028c4bbb0c2acb4c1fdb4d889c9fe02e180e74ba2a835c143e7e15641fc1a6', 'user_72', 'e7e09324e8a8276879dc5addf427f51e', '2023-11-22 12:31:40', '2024-01-07 17:06:16', FALSE),
('2d0bd405-bc58-4e07-a00e-2d15b8920ed6', 'b22o3c9g-9d4f-4e5a-b11b-7a8b324ef8a2', 'admin', '003ec1e1a43322ba191def4086aa541fc9816205965f22546e837d7c27e16adb', 'user_73', '756c922e45e3df3096be0ae4d4f67a58', '2022-06-04 08:41:59', '2024-01-30 07:59:32', FALSE),
('75a204b0-f9cd-4e3d-a11c-072f5ef5abe5', 'c23p4d0h-45e7-47b8-b77b-3b51f8a61d3b', 'member', 'b2f5465c15484b23e6c2edf0c9c3e89b9dd680f252cd9e84b62732ad9f4c0d46', 'user_74', 'f27936b3b7632b1c9c13b9951a47275e', '2024-03-06 05:50:42', '2024-09-18 09:19:57', FALSE),
('1fc55114-62f0-4b1d-8531-abab2ab1759f', 'd24q5e1i-67f7-484d-bcf9-bcd80f5cfe13', 'member', 'bd44a0b5a9bba55249a24d63298df67a64ad20f9269edd167ff5b17aa6dca99b', 'user_75', 'b95565458af65ce4173c311b42263e64', '2024-12-08 08:31:55', '2024-12-14 11:57:43', FALSE),
('52f2a2d1-4d12-4f10-95c1-abda7d5200c6', 'e25r6f2j-57e1-43fe-8a12-0a29db935c4f', 'member', '04b63f7e9c82d04c25c468cc1f55f62019463a829aff430496f10ab7a1e58e09', 'user_76', 'edb3a8b557d325f63190505910eed61c', '2024-03-05 01:05:44', '2024-03-13 07:53:05', FALSE),
('9866c4a1-64e1-45f8-869e-db3e1bee55de', 'f26s7g3k-46f2-432f-a901-9d2b493f7d5e', 'member', '55cb761d11447fc23e780571ca4016f4ee82c33d843d764015b9bfebd673b5df', 'user_77', 'bfcda0370256b0f05a64d5d01f580b86', '2023-11-06 23:37:07', '2024-12-24 19:23:48', FALSE),
('9fd3b785-4d45-4e2e-ac46-956c83f3be0e', 'g27t8h4l-27b7-4b0d-8ac5-dc2641b657f9', 'member', 'd72607dad49ceb53e2fceb8f47b0a8ccfa74b709a7a2c2edc4a155b561ebbc0b', 'user_78', 'bc628f2f09462b73e9ef8293da2aa778', '2022-07-24 06:59:58', '2024-12-09 03:10:07', FALSE),
('a6315ff5-53a1-4118-b5f6-2d605e3624ae', 'h28u9i5m-75e8-4e4d-a1c0-e2a53b2a7c2f', 'member', 'b77d6604819b71b5d4a79b2a07a0c7e2d14a4c32684ddafc6c65cd59aec33682', 'user_79', '9abadf78533203afc384930f33867899', '2024-12-04 18:38:43', '2024-12-20 11:29:37', FALSE),
('4ce9f3a9-6f22-48e2-8faa-2e88f17e9781', 'i29v0j6n-85b9-4f3c-b5a6-f9f0645a7f21', 'admin', '131bbc372e33426e23b55d4391e76139d40191a05f268103b2966e744499dedb', 'user_80', '603c7a98001f028cc72749f1f44c3770', '2023-12-02 14:51:32', '2024-10-22 16:00:52', FALSE),
('8c6a14b3-5b79-4287-ab85-98ca85876556', 'j30w1k7o-76c0-45fe-8f10-f8cfc0a70664', 'admin', '56a4ef6bd9f4bcd829bdd038ed7d9b98a6403309c1956dd8bb70915af7fea565', 'user_81', '67f4e1f304799aac88f49c8a365a66cd', '2022-10-02 16:04:07', '2024-10-03 05:29:39', FALSE),
('5678832b-d534-4e1b-8370-a20516a5db08', 'k31x2l8p-87b1-40bc-a4d4-bf58204a6065', 'member', 'af7ee1d7792e0c0ed07a887bc9c5ab6b6058b5b2dc8b1eee74e65909e9ddeb8f', 'user_82', '586588e0016017abe4aa599ccdf99595', '2022-07-28 21:23:10', '2022-11-25 08:14:38', FALSE),
('14c160c9-6cb4-4d85-8a25-b0d92469e550', 'l32y3m9q-98c2-45df-9058-dbfadfa83177', 'member', 'ba4e55f6b5f42ff677a2be7b37e18f199c3f2201d12a71616db43fde8461c787', 'user_83', '716fbe22eae6a8f1d647d74a8a9d7a57', '2022-01-11 14:13:36', '2022-12-20 04:40:49', FALSE),
('36dfc032-f5e8-4ed4-a0e4-802f20a15cf9', 'm33z4n0r-09d3-44d5-97ad-e92937375e29', 'member', 'f2674913ef5d84375e5b9fd2abf0fbefb898171ffb05ac4fd7e61020bede1377', 'user_84', '3e6f4c45b85be86d1334ed3b395a478a', '2023-04-09 08:20:02', '2024-03-15 04:39:39', FALSE),
('4f2d485c-bfeb-4d8f-adc1-c2ea2890b246', 'n34a5o1s-29e6-49be-9a25-b62fd278f929', 'member', '127befe7335c10987ec35b7072d3a7f875aa62e260ce21b744d94910970c20ed', 'user_85', '3ba6b79859b059d8aacd96eec508227a', '2024-10-15 08:28:24', '2024-11-01 03:01:05', FALSE),
('cd753433-a574-41bd-a0f1-c8c192f5f300', 'o35b6p2t-30f7-47f9-b302-c0c12a3f5b16', 'admin', '9b156947ad1808530bbfca3d512bce884936bce62a9f68bd4ef4a208bf42554b', 'user_86', '1f6c2b1428ab61c6e83c8c93f2c1d9d5', '2024-12-22 17:46:43', '2024-12-31 19:51:07', FALSE),
('aa637022-f2a0-48fe-8b8a-e73c36200391', 'p36c7q3u-41b8-45fa-bd29-45a2116b0b47', 'member', '41b1285333383e1e25cfd4d7b37efe9fe8d247b8b349ce4a91d06754cc71236d', 'user_87', '836f0915a9c8eba7fd2ff45c03e76bba', '2022-01-16 09:09:36', '2024-07-30 20:03:26', FALSE),
('827c700d-1bee-4c78-9672-f5955c71176c', 'q37d8r4v-52c9-47da-b2b0-cab11f9c51d3', 'member', 'eaee65952462be1f301826cd3bf608cfe64a77462e8cdfb43a0ce128151c3033', 'user_88', 'ec92d00d7c130df82512548cbc2b4701', '2022-08-30 20:07:10', '2024-03-17 14:00:49', FALSE),
('1af2e795-006f-4065-a185-5aa3ab95e975', 'r38e9s5w-63b0-48fb-b0a7-35125c81b5c8', 'member', 'df4a0a0d9e0ff4ce62cc9a0635c1748b29ea26e8473dcc359715af9c45d4ab6e', 'user_89', '2bea2a2eac84e370ce3e3101cd7b668e', '2023-12-17 23:39:14', '2024-12-21 11:04:20', FALSE),
('ce589280-f0da-4515-8578-2a945da0a1be', 's39f0t6x-74d1-49fc-bd67-c2d2b6a7d7d9', 'CE', '94b7f30ea701a0da2911d3545e319406976eea2a286e73c94b2d2c051b3a8a5f', 'user_90', 'd579ba0fe35141ae95b0e380673be804', '2024-03-14 04:33:20', '2024-03-21 23:08:28', FALSE),
('984edd9b-094d-4b3a-a6cd-56a1fe77617b', 'ebc2bc0d-230b-49f6-bdb3-3f424ecaf9f5', 'member', '5bac2650996e9174abdd733cbbf1712393389674d75111df41d94ef4a4a419b4', 'user_91', 'e594830c63949b307c3f075b2162521c', '2023-12-08 22:37:05', '2024-07-29 14:23:10', FALSE),
('c3633edb-9ddc-417c-aebc-11096fb6a5a6', '5a8b9f25-fb72-4fba-b3e5-8c8b3a8ed1e5', 'CE', '4e4503ed2bb98f28c423a064c52afbf83b71b44e4b567912bbe7f2313be0a1bb', 'user_92', 'c4deb5b86118ac981e8c24b0e551f1ec', '2022-08-19 21:46:27', '2023-07-26 21:26:52', FALSE),
('b88964fc-887a-45e8-88cc-86a2e4b7f3b8', 'b04e1d0c-0ca1-4620-b978-47ff9f658db5', 'member', '44251e2e1e35d6c76c9f52f180327d0e4e77d099f14afec2875f6b19b88eba5b', 'user_93', '0e7edf18645ad2b1bcff4bc782cbe024', '2022-02-27 12:51:28', '2022-03-23 02:20:49', FALSE),
('13836555-4836-4604-a2f6-35ed29a9ac09', '15f9b7a9-689f-4b3d-986f-107c23d9e48f', 'member', '805674a72d6c77d511e1ce349d22b5a674070154a41cee7136eae8d6022f2f0b', 'user_94', '5bc2de8c4680ecea6f1063698e8e4641', '2022-12-18 17:02:48', '2024-04-03 11:07:14', FALSE),
('87ebdf12-5e8d-4172-aba4-ee88c2251060', '68fe8a99-d50f-496a-9c87-3f6fe62a1b19', 'member', '0f947a75722519fe91d0fa80eed84b136f70da14dffbeb623175a227b81fdc1f', 'user_95', '9e6c19a40c8e6535c09abf6a4e886ff1', '2022-01-12 23:40:21', '2024-05-23 11:04:57', FALSE),
('53e981f0-9e4d-44d9-837b-77ae0b091faa', '6828f4d9-902e-43b2-91e2-77fbc3b6db99', 'member', '1c4ed550f678497ff684eee5abd2c1dc2ff1e87eff488e5b3cfe713cccfd140a', 'user_96', 'b64093964d277ba6415719648594ef3a', '2024-07-28 15:54:36', '2024-11-28 07:34:05', FALSE),
('5f86ea7c-1e22-451b-ac36-4d671edda0c2', '92ab7db1-b9d9-4f11-bfe5-b19c49b7b85d', 'admin', '7051b5558e900464b6e8cfe6a90173dfef7c6030d5c4b12d549775b9f81eb722', 'user_97', 'f3741005be37fafae823f5bf76dcd527', '2023-03-09 12:08:50', '2023-03-10 13:42:28', FALSE),
('f70427c8-feef-4bf7-96bc-02c2aa56f127', 'f90676cd-e1d4-4c1e-b9e9-eaf10b3c5de0', 'member', '756891555ce7ea5d4ff2fbc6d94dd7b474f408f9b17a6db517137102fc7444fa', 'user_98', 'd2f6928fbf6463480d42ebbf5028e573', '2023-03-27 13:03:12', '2023-09-25 04:01:35', FALSE),
('b4c6d13a-0a40-421b-8a36-964b78bc9d0f', 'b264d50e-ea5f-48ab-bb13-8e399deaf48d', 'member', 'a5100f80c9f56a1c78e42a15599b8e25dc7d2d3d26b2bbe3ce1d894d33f1cac2', 'user_99', '2484b2d1aec71de2ca87f88af401a6af', '2022-06-10 18:40:22', '2024-06-11 10:19:29', FALSE),
('f3a75103-ebff-4866-8361-eaf19a0f5b95', 'aad03ab5-5856-4fd9-a7b9-cab983b9a4e1', 'member', 'a11cd895dc6bd80f29e405046bbf57e574906fe6bb042d005e749dfd377a9013', 'user_100', '0ed542b815a0d4b0c457ad9def1a21d2', '2022-05-24 02:35:30', '2023-04-04 15:10:53', FALSE),
('69ac4bce-b419-4c87-bcfa-5c3c8562bf5f', '02a1be7d-b049-49d3-b5b4-c7072554bb1d', 'admin', '4aa1faf1038ce48511abddc2969999b546f9e207d1975fd47637c17a0a30b483', 'root', '63a9f0ea7bb98050796b649e85481845', '2024-02-16 19:52:54', '2024-07-29 05:16:58', FALSE),
('2fd1986f-f32a-4b1a-a095-9afc523d19a0', 'd5cb19a7-d3b3-4c28-b604-dac8cc7f4412', 'admin', '2f34332df2059f67470c2bba732761adf10845e7c5167559302113c7c9248e63', 'admin', '21232f297a57a5a743894a0e4a801fc3', '2023-03-02 09:21:53', '2024-12-01 06:04:58', FALSE),
('91efddd0-4131-485a-ac14-a113aca48233', '9065c0fe-47bb-4e8c-93d0-bb8d4692cd3d', 'CE', '5a3f29535ef1015967a1e8dbd52aeae0afcc1b60b5a100a49665d8c4caee1cb0', 'CE', 'b4b147bc522828731f1a016bfa72c073', '2024-06-15 14:28:25', '2024-12-06 19:07:46', FALSE),
('f32059ac-5a63-4f17-b83a-059c3c88efff', 'f8b4e576-b987-42c7-bdc0-6091c47ab991', 'member', '4deb0deb7d0384dc1b658a313b42c431b2bb39f164648b9877728ebff542c113', 'member', '8f9d604581292b2db0c3e7b4a8716fd4', '2022-08-13 11:11:18', '2023-08-17 14:00:19', FALSE);

INSERT INTO token (token_id, date_created, date_expiration, status_token) VALUES
('3f4301dae351c2574289addaacd60d65e3265d1fdfce79e369615b35c0ae6b3e', '2024-06-07 03:47:08', '2024-06-07 04:47:08', FALSE),
('d9b839141c59805f621f7e451ba6824817f8e01214d6c8b6478ad2c5cbead113', '2024-10-26 01:29:18', '2024-10-26 02:29:18', FALSE),
('03bc44f6c575bf3196f1c4b6b8e9954e64ae6b87296e120119f489c7dd410608', '2024-09-24 06:39:00', '2024-09-24 07:39:00', FALSE),
('c03f3d62c3f7e1e9ae8beab5c6977fe7a0e145953c03cc7b1098649ebd8d5f2a', '2024-12-01 19:22:19', '2024-12-01 20:22:19', FALSE),
('3c5cc39c29e95ef48727affaa04c5f67ae664c9d756a93dc06dc4ef0e7226d90', '2022-08-02 08:17:10', '2022-08-02 09:17:10', FALSE),
('e8360007242ab1591661513a0f8d4674e5445d7daa2285b59e94471354216711', '2023-03-29 04:56:18', '2023-03-29 05:56:18', FALSE),
('06f8bd8ee7f1aba0d84e235851514eec5dc091e64956e5e5c8127149752f52a0', '2024-10-08 13:55:21', '2024-10-08 14:55:21', FALSE),
('24f535b3757436152dfdc18c66cfc25a20daef6ffae1f8a40c1a43bdab9a58fc', '2023-01-12 18:07:51', '2023-01-12 19:07:51', FALSE),
('86bca9d0b7e826a0da3e3be3001ee6d0b748fcf68f4ff518dfcb870e38a6f164', '2024-10-01 14:02:30', '2024-10-01 15:02:30', FALSE),
('067d566de2def2c4ce215cd3ab92d98824ba2c7715d19fc85aee83da3c4c066c', '2024-11-09 12:57:40', '2024-11-09 13:57:40', FALSE),
('5c35090ff1061f65da264bde591448acd1e3dcf63d573626115ec96f80592c8b', '2022-01-07 00:56:18', '2022-01-07 01:56:18', FALSE),
('b2d53c1c7c93fadecaa88b9a86b219bf422d4c96bed384738ca30e929cb3da62', '2023-12-17 03:32:53', '2023-12-17 04:32:53', FALSE),
('3d91b93ff01098ef0fac800afc2181cdfb45196a92b688c1bae95dc05c9598c8', '2022-12-01 08:21:12', '2022-12-01 09:21:12', FALSE),
('b7885c8dfecb1bbdb3260621e0dd0c9c8506bd03d4ac82a509783f1ad4b33b79', '2023-04-09 07:13:03', '2023-04-09 08:13:03', FALSE),
('fceed5b65b098e5897b53a147d913e501b16f424c689277c834f31f19b7fb69d', '2023-06-15 07:16:04', '2023-06-15 08:16:04', FALSE),
('67f7e449192bbab11832915c549b3eb9edb447a61272bc22e1b39e8bbf8762a7', '2022-06-13 04:35:29', '2022-06-13 05:35:29', FALSE),
('13edc35b5a7433874bdcee2d9f9a4c17a6fa3ae10da134c4bce5afa10b609dd4', '2022-03-03 13:03:55', '2022-03-03 14:03:55', FALSE),
('29ed6a71553cf1e62742cf2b5ac82a6993f4d661e97d5293612a2a2026e6e4ff', '2022-09-30 20:37:36', '2022-09-30 21:37:36', FALSE),
('ff805afe0a27310f659a4dbaa0dbb56a46a1ee60c39d236c0994164d4a593007', '2023-08-21 07:05:27', '2023-08-21 08:05:27', FALSE),
('d944bd1fbc6050c2653e9569ad8def03f6b3c549f8dbaac24a2d6b4a336f9501', '2024-04-11 18:17:43', '2024-04-11 19:17:43', FALSE),
('66aa1083f71206eea0b09e634f6f4f4485a6342737eb45d611eb956960898df6', '2022-12-19 08:26:36', '2022-12-19 09:26:36', FALSE),
('546fa976b4e347f3c76d66de115dde2d41035a28961a9b24c9a077edfd7c3dcb', '2024-03-04 04:07:20', '2024-03-04 05:07:20', FALSE),
('67cbe0f27edfcfe5084d87971430cbef6ccfdc0009ea04bf02ccb9b39df4778a', '2024-05-25 05:31:08', '2024-05-25 06:31:08', FALSE),
('164005998991ff8b3deeb7eca77e52bd0177a7023441ab2fd2b6a1c75fa14111', '2024-07-11 10:00:06', '2024-07-11 11:00:06', FALSE),
('c1d7928174794ad865cbd4aaa4dbfcdfe612fc003b3664b0a54a0db5eeba99c7', '2024-09-12 22:41:11', '2024-09-12 23:41:11', FALSE),
('3bdde14888d96fd892ff4a7fe5b7c3b991583499f1a8db5cc6f5101a9d433fc6', '2023-10-29 07:41:12', '2023-10-29 08:41:12', FALSE),
('3aae66c42e6f03b47960da107096aa8252f838f72d81fcc38d1f87848ad442d1', '2023-05-20 17:55:36', '2023-05-20 18:55:36', FALSE),
('7ccf7f503928c4fcae1dc037f5efe6a75b58f0f96324930ffe4c89908ed9e4df', '2022-08-20 20:17:58', '2022-08-20 21:17:58', FALSE),
('c0d2e8b0f56ffe927313a24ac26e7ec8e7b4a877e049c8659cfb74785d694323', '2024-11-13 09:46:29', '2024-11-13 10:46:29', FALSE),
('6c219f743bece33c46ec65f0d86d5978ed1ff16813584f7902dda08eb4de798d', '2023-05-03 13:14:56', '2023-05-03 14:14:56', FALSE),
('9fd9505705db57bef775f6662874082f1882ffd0438bf79e78bfb37eedc9a92c', '2022-08-24 03:02:03', '2022-08-24 04:02:03', FALSE),
('53337d04fb94126f51ba091191ac46c08315b39bf77357cfe85bc439aa3a2c62', '2022-04-08 17:09:54', '2022-04-08 18:09:54', FALSE),
('8de8454029bb4d62f9b0896e9e4811c6b6594a02a425ebe964545c9391204393', '2024-10-08 11:41:43', '2024-10-08 12:41:43', FALSE),
('2266170bbf5b70f71e52e1eeb5509731e883b07ae6cd27a9f2c641f13b84ee01', '2023-09-08 20:14:08', '2023-09-08 21:14:08', FALSE),
('8bd24ba639aaa28a386dffaaa14ee1b601dd6ee9938550d2fb3f5c0cef89bb77', '2023-08-01 06:36:45', '2023-08-01 07:36:45', FALSE),
('cfa92a483b482b2a16d17465f91913b529fa9f5c7ce5c7b8deeb0463333cd8b4', '2022-05-25 03:42:16', '2022-05-25 04:42:16', FALSE),
('c269b1081f7f2eabe540d24e07761e4a33c5b303dc5f5915cdbd4c07cf0b5ddc', '2023-05-12 15:13:53', '2023-05-12 16:13:53', FALSE),
('3eb1adfffcdd42a56646d956edf8b09ea2054f740ba208657ca1f730b7d6cbdf', '2023-11-08 21:34:14', '2023-11-08 22:34:14', FALSE),
('a15abd9b72f084e00f1f74c7229c598c09e1ee7b7fef690b8238efa9a4dd48c9', '2023-08-22 07:03:51', '2023-08-22 08:03:51', FALSE),
('7cf4692d17d97cd01534372c2552cb80479d38ad6e1528241352abd07e7b508e', '2024-04-14 02:39:50', '2024-04-14 03:39:50', FALSE),
('e6164202fef7de84fd7badd9b2831161cd60d55b8a96d3571f98b68d4406990a', '2023-11-21 20:25:52', '2023-11-21 21:25:52', FALSE),
('a5acede62b5a7ec6d92916db211636d78c41619a00eecbd7443eeb89f7f31411', '2022-09-12 14:52:05', '2022-09-12 15:52:05', FALSE),
('a662bc41589bc783f0b16b2848eec718f2886dc084ee75b5e8eb8fae78735f75', '2024-08-22 03:12:11', '2024-08-22 04:12:11', FALSE),
('1e26e8717ea48c168ec1cc2e60436741340416d3a91465ecc809884d6f790242', '2024-04-25 14:14:48', '2024-04-25 15:14:48', FALSE),
('4fbbf72ed98618e1791a909be638cccb4b3ffacb102e455007ff57938fa01b75', '2022-06-12 14:38:33', '2022-06-12 15:38:33', FALSE),
('c5fa1f2f1527da7d114bcc56b0247ac3e675e0f6b4e49a4c6cbce4eb3c6f56d2', '2024-07-11 01:16:07', '2024-07-11 02:16:07', FALSE),
('5a1d36307f851fe09a1d02a7cc2184b16537eb862c0cd9a39ce0807e4e3edeb5', '2023-11-04 10:56:44', '2023-11-04 11:56:44', FALSE),
('db6a69601d1857a18eb841dbe86664e3a62d5bfd612b9bc78302bee3f37482d5', '2024-04-08 18:58:29', '2024-04-08 19:58:29', FALSE),
('42f236f0037af2917e04bc850b588f07518e91b0097bb802dc41af606b91e634', '2022-01-14 17:37:05', '2022-01-14 18:37:05', FALSE),
('ba78fb342549419bb9af695a1861fa5b190b557e1b099a4678eb82c6a92fc202', '2022-07-02 21:20:09', '2022-07-02 22:20:09', FALSE),
('200e2c0d36b5315c9550a08b39c2012902cdba554f45fcaf83d44f6406a196af', '2024-11-02 12:41:22', '2024-11-02 13:41:22', FALSE),
('2e258a074e152b8bf7bdee8786abbdd01cedfcc03ecc07bd80be106e16dfc8c9', '2022-12-07 19:23:57', '2022-12-07 20:23:57', FALSE),
('ac5eec3348f763dbd2c70b48dff16400a3cf885ee6c032d66651f8b9feb29337', '2023-08-02 05:50:22', '2023-08-02 06:50:22', FALSE),
('f0b4708ce333d6beb21d6844dedf80abc1a46c9eacdabba9efbc502a087c5b97', '2022-08-09 06:17:54', '2022-08-09 07:17:54', FALSE),
('d68eabb4a52ef90917ba7d322297248ab5f4b150db6f72d375bafde50b5b5b99', '2023-06-07 23:01:22', '2023-06-08 00:01:22', FALSE),
('30b1ca56507e26ad9f4ac2fc2bed9d20b80c50d81e8f2ae11f0f0f039abc1ee5', '2022-04-26 12:28:28', '2022-04-26 13:28:28', FALSE),
('8f8ce0ba33e7f1db01d8c3521bf16d2b25955bbe30f35af51e5c548370f6292b', '2023-07-28 04:20:48', '2023-07-28 05:20:48', FALSE),
('6f2c9f3e25dc74253dceb758fa9dc325c17d25a17ae654f0606c446428233d55', '2022-08-12 03:38:36', '2022-08-12 04:38:36', FALSE),
('128bc743b530a95d841de206841268f50b59ea6a77c02d99e087a38760eec4b7', '2022-06-23 22:54:12', '2022-06-23 23:54:12', FALSE),
('1887a07030cfaa616a585905633a0f039279ef9cba902339df376b0ec0aed779', '2022-07-27 19:36:08', '2022-07-27 20:36:08', FALSE),
('56a0beb87ebe86fe4012be53244b769a96a46d66de61c6ddc2caf9d373b92c55', '2022-02-07 17:43:40', '2022-02-07 18:43:40', FALSE),
('9655a0abd1e814da54f466738c0e10d8b97f1d3e05090ade2131c06fa5086f66', '2023-11-10 15:39:07', '2023-11-10 16:39:07', FALSE),
('ba4a728a3c900cd1aa3d089124f2e67e1c17453c56ab1ad5e6fce38a892708c9', '2022-12-16 20:31:19', '2022-12-16 21:31:19', FALSE),
('6fe9022d0f3c39fdea231aeb9ff4cc511ff116397c1816a761e69a39047defe3', '2023-08-16 08:13:08', '2023-08-16 09:13:08', FALSE),
('a8615dec4c477ac850aba5c4210c419391d3fc1f9f8ec417c530e51644b1583b', '2024-09-13 17:03:14', '2024-09-13 18:03:14', FALSE),
('edeac3310b39e470f87105cd7e3684fe68b30834f71100ee9d17fd283d661b65', '2024-05-14 10:38:23', '2024-05-14 11:38:23', FALSE),
('35cc8d7af9cd5fd8064fee0e18119fbf9d718a81a0ae7f8f3da669b5fc853fcd', '2023-01-22 07:34:03', '2023-01-22 08:34:03', FALSE),
('388e95115934ee5b3221215e9027ad5152157725cb9ab47e3ef077bfd84eb556', '2023-12-10 18:29:14', '2023-12-10 19:29:14', FALSE),
('03e7406a8487f951c901b5676cd331f1812152ece7d362d90d6829a2055fa39b', '2024-01-02 19:21:25', '2024-01-02 20:21:25', FALSE),
('99a4ddfa8d87af2f4616752d709be9c682b40966e14dca18fe8599f31b9d4b09', '2024-01-05 07:18:40', '2024-01-05 08:18:40', FALSE),
('7b5210d76f14b0405ae645f9b59ed825556101a2f79516827aa07410c113668c', '2023-10-14 06:03:12', '2023-10-14 07:03:12', FALSE),
('fff4b2a1876c37698e7a9152588c7b955b792d157429092c935afa31da4b8fea', '2022-06-06 18:59:39', '2022-06-06 19:59:39', FALSE),
('041afd9bbb3c27f3e9b6e2ca620746a948da9246d424554658b6066e0467b108', '2022-03-06 14:13:35', '2022-03-06 15:13:35', FALSE),
('e32f27ece2b2d2264246d45f36390ce4d1cacf8a68fd78ecf17eec0adb1d74bc', '2022-10-29 16:56:58', '2022-10-29 17:56:58', FALSE),
('82d39195d5d5453f1cd94de44ab6e341f3787364a9e3c9b666e047ed43b7c564', '2024-02-12 09:41:16', '2024-02-12 10:41:16', FALSE),
('434ac381008d7b9202372a9f7cafed91cbe60372263037084c1c7cb99a33b85c', '2024-09-07 05:50:01', '2024-09-07 06:50:01', FALSE),
('6bff17b59511859a2eaec8d06ae73ba02849c9eccb6b765e7591c09552a18be2', '2024-05-29 09:48:45', '2024-05-29 10:48:45', FALSE),
('79986283425d142dc80496c84f603b87eee4b24ffa873edfd345ad882bbd97cb', '2023-11-15 07:00:08', '2023-11-15 08:00:08', FALSE),
('47a3f05f21694a74a6e017cfcb5e8a4edcb8b6a22b293e4b18a41be3680e506c', '2023-09-26 02:58:46', '2023-09-26 03:58:46', FALSE),
('5b336331135c6f22a89ff7d73c4ae210897bec25b877862dd7178eadc945694a', '2023-02-28 16:10:19', '2023-02-28 17:10:19', FALSE),
('40b7e5c080d668c19fa423ea06135e33bc956c1804931f5601e2c8f1b05b7ad5', '2022-09-08 20:39:58', '2022-09-08 21:39:58', FALSE),
('fe43e5cc70abe0009e527c394bfa877a177a148ba9715ac0cdf15b8c2f1d552a', '2022-06-18 08:15:31', '2022-06-18 09:15:31', FALSE),
('26f2be9e15a9f0eea22ec7a264d40793383eca87ef986bb46c71cfa98dddc3f1', '2023-08-13 16:46:11', '2023-08-13 17:46:11', FALSE),
('075c86bf96845f93bf19ee3fa9654bb1bf74a1ed702a3ad78de88de20fc13b49', '2024-04-28 19:45:10', '2024-04-28 20:45:10', FALSE),
('be112db39d6396142c5c0e3ff152c24eeb4b486f22e4fc3cd8941c80aab4603f', '2023-03-07 13:49:24', '2023-03-07 14:49:24', FALSE),
('b02026de3853228bcf88fbeb03adc0b0e208b18aa8ba26fbd4276438f89dc50b', '2023-12-16 05:06:15', '2023-12-16 06:06:15', FALSE),
('4873ec19f8b2fe535dd07f7246f33a3fc3f996e8e6f40468f8af3f894ee8ed71', '2023-04-06 19:00:06', '2023-04-06 20:00:06', FALSE),
('948299e9b408784d5270993a6d1721bd1b7468edc8d8c7f4540a9e4c78ff58dc', '2022-01-02 23:47:19', '2022-01-03 00:47:19', FALSE),
('e08e7cafa59be214db7efe167b4f3cf4c2dd529bd903e778d3ee7cabb8264dc5', '2024-12-07 12:39:13', '2024-12-07 13:39:13', FALSE),
('181f9c6d34ff0405e5a8dc8c773cf6bc57d231b7c495346ead55214d6d2136c4', '2024-02-19 21:35:48', '2024-02-19 22:35:48', FALSE),
('ae760da020dfbfd753c4a78b8c4bba23213b6d82d2fa8ebdf83a7acabf6f71fc', '2022-04-05 08:21:08', '2022-04-05 09:21:08', FALSE),
('a397b13e252cd0cb1e995570af2069be4d6df16bb45f366e6b19c9c647e34348', '2022-04-02 01:31:40', '2022-04-02 02:31:40', FALSE),
('cc784da6bcb6d91f12f2fd88a3083d09508a5283db92195ca1ca6b04515c3ff1', '2022-12-17 08:16:13', '2022-12-17 09:16:13', FALSE),
('9b56be385863ae828680dfb1fcb3ed56943d1f30d93ccd4e3927bea48bab9395', '2024-05-04 16:45:32', '2024-05-04 17:45:32', FALSE),
('229665c6252e84b882ef3dcd78b56504ebfe7f7921d57608ed35cdfd87de1eab', '2023-11-02 20:03:06', '2023-11-02 21:03:06', FALSE),
('a90bb3c4b5fe961f2a836d108f187f8f82901ffe36bd2ba25ef1b89e1776bdd3', '2022-06-09 23:56:47', '2022-06-10 00:56:47', FALSE),
('dbfe9e854be7450940b9cb29caf7233cc01c32fe32ad9c55a993f425899d7a03', '2024-11-02 21:20:53', '2024-11-02 22:20:53', FALSE),
('31450de62ee8e4c309c922b09128241edef98df0abbef8f575bf4991e7308d5b', '2023-05-31 20:35:26', '2023-05-31 21:35:26', FALSE),
('58c8c315f47fde8628d9322bd6bba07bbe5dad0d33e861a92eaf20be2a02fb17', '2024-04-08 05:39:55', '2024-04-08 06:39:55', FALSE),
('5d6a347ed9357059327a2a007bb84edffb2f129d37d4e88ea6056b885d1dfdd9', '2022-10-06 07:53:45', '2022-10-06 08:53:45', FALSE),
('c81420ce84aad914869c9fed7613bb5e4252ee566b2b514040eb9ace9173f7e7', '2024-09-22 05:39:11', '2024-09-22 06:39:11', FALSE),
('a8f63247f80f5db5dec2e768485b750965f1b2ef7557a251ebd27c56d16dcf20', '2024-07-18 10:00:45', '2024-07-18 11:00:45', FALSE),
('3665f99e0491172a10460574d89ca18c9658ff77bca39e0f3c60657a5a8ebf45', '2024-05-29 01:03:08', '2024-05-29 02:03:08', FALSE),
('36b0e45649e0bbc024e16e91f57b878e9f1586d19b7e89fbb38765af29f6f9d0', '2022-07-10 12:37:26', '2022-07-10 13:37:26', FALSE),
('09242bba49dc4204446a22b7ede6d91ce86912e24dc266be7d574fbc2b4cac98', '2023-01-04 07:57:26', '2023-01-04 08:57:26', FALSE),
('a18dd1e8fb813ea1bd998deab317ac1c631c3d4c5478b3464bb0847c41ac5cba', '2022-06-24 22:27:18', '2022-06-24 23:27:18', FALSE),
('81499986124e034a4bc0e043691001e5d6fcd60dfed803358d1328cc12180b73', '2023-06-17 00:37:42', '2023-06-17 01:37:42', FALSE),
('0e17e6af96195f481989dbcf7a7be2dfdef91fe6a9c24bf915cd0e1df1b2e958', '2022-08-10 16:01:35', '2022-08-10 17:01:35', FALSE),
('13f20fbdc28708efabcf815c459daeb8e229258263350edf4320fced3bb53327', '2024-07-29 04:36:38', '2024-07-29 05:36:38', FALSE),
('e8ba98a356de1628f1f813e1550cdcb7fa14ddc39b1b322d48f4a371faa0d34f', '2024-09-03 18:52:54', '2024-09-03 19:52:54', FALSE),
('f9a42d4a26fbeaa80de3506c9d5ce8c6b1647b6e3e4563752683937c731d04d6', '2023-01-03 02:35:01', '2023-01-03 03:35:01', FALSE),
('d554c87b3f3908fcba5537ea651e65767e6d735587889ad73d3ce8d8b4190b20', '2024-10-17 07:50:33', '2024-10-17 08:50:33', FALSE),
('35173d43c53534aa905a7ad6726e06f5f7d041d3216aa05628f865c3fefa00dd', '2023-08-07 21:40:36', '2023-08-07 22:40:36', FALSE),
('b05a7cdcd348d75995a1536244e388b51d02737efce42c27e98e2becaadd14e1', '2024-06-02 19:55:58', '2024-06-02 20:55:58', FALSE),
('5adaee53657126ecfd284eadaed207015976b1618eeed1cf51cd66701b06d06d', '2023-04-15 03:37:53', '2023-04-15 04:37:53', FALSE),
('e3385c2c74776c1139a34418b1b24accf675a273bd23fe74ea054b9a29de68a1', '2024-10-31 23:05:01', '2024-11-01 00:05:01', FALSE),
('77b91bf9fdb076c1fdbd4efc7d6b9b54cbd8d7383d5da6baef1525337bfdd082', '2022-12-28 21:46:22', '2022-12-28 22:46:22', FALSE),
('a837ce2ca408b7a91ca4ad58b8c22fa83a2979b3c8d4619b9a05d3c186925fe9', '2023-05-06 18:44:07', '2023-05-06 19:44:07', FALSE),
('4525ee37a8b875d9ba627a0e799bd262ab47c88251d9e7911436e20f7541638f', '2023-12-14 10:43:24', '2023-12-14 11:43:24', FALSE),
('4f41374af03385cced9531ff396e31a49e833ae7ca5270012384f4fb45ee8aa4', '2022-05-24 03:52:56', '2022-05-24 04:52:56', FALSE),
('dd1e0f21f227ea7375c88f3d11e5153b4dec02059b9a9996cbfb9af1e90cd397', '2022-04-19 15:56:10', '2022-04-19 16:56:10', FALSE),
('97d8b9d7938f6be51d54a329adddef82c8503f10252e8fdaeb09f209a5968099', '2022-04-08 22:05:11', '2022-04-08 23:05:11', FALSE),
('ddf2552f3696030a1be81932cf675cba76642bf6784bfa5e5027008310455594', '2024-08-17 09:22:39', '2024-08-17 10:22:39', FALSE),
('7f9105e7c5b0a3c5748a151d097f1760bae2b25b1a134657673ddaa5e87eca8b', '2022-05-03 18:37:31', '2022-05-03 19:37:31', FALSE),
('343de6b2220688422d79032d598570bc63b21b8a2784befc09d14ffad6546dac', '2022-06-28 05:02:16', '2022-06-28 06:02:16', FALSE),
('b037cb6c7cffde28a75c2060b341308255e13694a2c74d0f11f28af170ed6b2c', '2022-01-03 06:50:10', '2022-01-03 07:50:10', FALSE),
('4c4f15157a620a87b07cd84fbafc1f5b79e093f0cb9d7361ca14e3cb6e931425', '2023-06-22 08:52:21', '2023-06-22 09:52:21', FALSE),
('ea677018a136920dda4a4c06aca243010180aeccc71e45608c1d9dd71864ac93', '2023-04-20 04:46:34', '2023-04-20 05:46:34', FALSE),
('7c5b360049c1de8819176a2bdd4852bd932f0e219e21a1cf23bb3e1112b3cdae', '2022-10-14 07:26:56', '2022-10-14 08:26:56', FALSE),
('13636b7a5e5db9c004c6e4bd8ce43d6075e4c8f07be5d7de3cfb74b6bbd06781', '2023-09-05 19:46:34', '2023-09-05 20:46:34', FALSE),
('c8ba17fa5f18e61b729441b9770a51d14f9bdd3a647df05cb4cb7698b3abf182', '2024-04-23 01:02:33', '2024-04-23 02:02:33', FALSE),
('f4c9ac9bbb73ff7a38e149b380ba4cdfe59f9c6a5a3061eea5dfa819434455e3', '2024-02-28 15:13:34', '2024-02-28 16:13:34', FALSE),
('a9c17a037f5424522f20f767cb1c631397558b10a39120bc14a7141f0b326fcf', '2024-01-02 12:02:22', '2024-01-02 13:02:22', FALSE),
('3a6771838f9d05e59798c7212c5b6a51f0350f57025d0e9fd4418e48bb192912', '2022-09-14 18:33:58', '2022-09-14 19:33:58', FALSE),
('2f0e59b17551c8adc22cab3c8d941ed552312cbc9016fd9d6127bc0039895641', '2022-12-29 09:14:45', '2022-12-29 10:14:45', FALSE),
('4c26783d0d87d545eb8bc222ac400e03fb6b24ea39a0b4c8d3f7a35074b8631b', '2023-06-10 18:36:34', '2023-06-10 19:36:34', FALSE),
('dc80f70d8f4bf864f4f93cf8b2d659617753e9faa949688a14e3c43f628540f9', '2024-08-06 05:28:26', '2024-08-06 06:28:26', FALSE),
('720e1c517ba1c4f4b680fcb21abf745dc86cf718f8032c3654bc294e7879f937', '2023-06-19 23:51:00', '2023-06-20 00:51:00', FALSE),
('e861dedb6f6bc2fd128520bbae2de0326386dee00380bac6ed11e2f539f182ef', '2024-03-29 20:09:04', '2024-03-29 21:09:04', FALSE),
('4c469079aa9d551026509645f2024ddbb312d5aa8ce1fb54e5a6dd1ffaedd20b', '2024-06-10 09:33:34', '2024-06-10 10:33:34', FALSE),
('7f785426113c738bf804f14d80e8d743ef5a9ad0953f7f3305f64b6497405b61', '2022-12-31 10:31:09', '2022-12-31 11:31:09', FALSE),
('ed059f60fb50612941aab4817faf75417d7d8c91e455e31cf3a1ec22bda4210c', '2022-03-05 07:34:44', '2022-03-05 08:34:44', FALSE),
('24a0a5cb396536e92fddf90cc061e34a47cb83effdbae53ff3cc3576a1cf5415', '2023-03-15 11:04:31', '2023-03-15 12:04:31', FALSE),
('e7028c4bbb0c2acb4c1fdb4d889c9fe02e180e74ba2a835c143e7e15641fc1a6', '2023-10-19 13:14:19', '2023-10-19 14:14:19', FALSE),
('f4bd8adaf7157c54928b861e157b59d1ad8b553a888b8ba9a20ca3dc44794394', '2023-07-23 02:48:09', '2023-07-23 03:48:09', FALSE),
('003ec1e1a43322ba191def4086aa541fc9816205965f22546e837d7c27e16adb', '2024-12-24 18:03:49', '2024-12-24 19:03:49', FALSE),
('fd3986dce26c6a8156c6fff14e7fbbbd7c66cad64e9091f1fce3094ed66d51a6', '2023-03-20 00:35:24', '2023-03-20 01:35:24', FALSE),
('b2f5465c15484b23e6c2edf0c9c3e89b9dd680f252cd9e84b62732ad9f4c0d46', '2022-09-12 08:20:00', '2022-09-12 09:20:00', FALSE),
('68bf754a13cae6db2570e019d5d563a66fa7f689f3ff13a6ee08692eac2f3a09', '2024-12-10 11:05:15', '2024-12-10 12:05:15', FALSE),
('bd44a0b5a9bba55249a24d63298df67a64ad20f9269edd167ff5b17aa6dca99b', '2024-02-10 02:15:17', '2024-02-10 03:15:17', FALSE),
('42c63f1a509bde26a92ea5cffdce3f1f6b07130359de64f847ba659024669bc6', '2022-07-27 05:01:13', '2022-07-27 06:01:13', FALSE),
('04b63f7e9c82d04c25c468cc1f55f62019463a829aff430496f10ab7a1e58e09', '2023-10-29 18:45:53', '2023-10-29 19:45:53', FALSE),
('c5d80e769c8491f3caf47f6dc8b4ffa2118fcf66bb489be17f67a3de7ecbe414', '2022-06-20 01:01:26', '2022-06-20 02:01:26', FALSE),
('55cb761d11447fc23e780571ca4016f4ee82c33d843d764015b9bfebd673b5df', '2024-07-30 21:14:12', '2024-07-30 22:14:12', FALSE),
('ab5927511522730310a9e917402fdcd54bf52262a72db0688a5d3419c17b42d2', '2024-08-28 12:21:52', '2024-08-28 13:21:52', FALSE),
('d72607dad49ceb53e2fceb8f47b0a8ccfa74b709a7a2c2edc4a155b561ebbc0b', '2024-07-23 08:07:29', '2024-07-23 09:07:29', FALSE),
('b14c468d008639192cd90261e467f110feb34335a0f5b764a778a5ef7ace98f8', '2022-11-13 23:44:25', '2022-11-14 00:44:25', FALSE),
('b77d6604819b71b5d4a79b2a07a0c7e2d14a4c32684ddafc6c65cd59aec33682', '2023-06-15 04:34:36', '2023-06-15 05:34:36', FALSE),
('a07273f9466c116754e7a7fd41a54657dc43f28ce5f914daaa15618ae23e5fec', '2024-04-26 15:31:10', '2024-04-26 16:31:10', FALSE),
('131bbc372e33426e23b55d4391e76139d40191a05f268103b2966e744499dedb', '2023-02-12 19:51:09', '2023-02-12 20:51:09', FALSE),
('8da03809bca7636bfda42720db0db6bb8295213edb28a7025e0fc150441fb455', '2023-03-20 04:27:52', '2023-03-20 05:27:52', FALSE),
('56a4ef6bd9f4bcd829bdd038ed7d9b98a6403309c1956dd8bb70915af7fea565', '2023-05-31 07:16:49', '2023-05-31 08:16:49', FALSE),
('bbf3902f557a5aab12b8853e443b1811882003af57bef5553d3cdc2d154d06fb', '2022-07-20 00:00:53', '2022-07-20 01:00:53', FALSE),
('af7ee1d7792e0c0ed07a887bc9c5ab6b6058b5b2dc8b1eee74e65909e9ddeb8f', '2022-10-30 01:19:55', '2022-10-30 02:19:55', FALSE),
('29d775179a75ec993a6ed6ddaad729db634ab921dfd6ee75c4ff9456ec2c21a7', '2024-08-29 08:16:39', '2024-08-29 09:16:39', FALSE),
('ba4e55f6b5f42ff677a2be7b37e18f199c3f2201d12a71616db43fde8461c787', '2022-03-04 11:30:16', '2022-03-04 12:30:16', FALSE),
('8023d0d0ff19d7aafa32f90cb53314c1c9cde3f7c1d1c31afe2e586c9315ca43', '2024-12-27 15:46:20', '2024-12-27 16:46:20', FALSE),
('f2674913ef5d84375e5b9fd2abf0fbefb898171ffb05ac4fd7e61020bede1377', '2022-11-29 02:03:16', '2022-11-29 03:03:16', FALSE),
('9b0daa197e1406772edd4af3ffa7cd2f6bbbc84bd7bac5319fcf06eeb1058b40', '2022-01-12 15:02:14', '2022-01-12 16:02:14', FALSE),
('127befe7335c10987ec35b7072d3a7f875aa62e260ce21b744d94910970c20ed', '2024-11-25 13:24:37', '2024-11-25 14:24:37', FALSE),
('8ad3eeb8130a9a3ce40e2a669d4807bda54a29e5d4e6b907b84a74708b3920af', '2022-09-13 20:45:31', '2022-09-13 21:45:31', FALSE),
('9b156947ad1808530bbfca3d512bce884936bce62a9f68bd4ef4a208bf42554b', '2023-12-27 12:41:01', '2023-12-27 13:41:01', FALSE),
('0c736ba2af232ade27232a85d2ffdb18407d09c8e430d2a4db03249cefb4f8a9', '2023-08-12 15:02:24', '2023-08-12 16:02:24', FALSE),
('41b1285333383e1e25cfd4d7b37efe9fe8d247b8b349ce4a91d06754cc71236d', '2024-08-21 14:25:43', '2024-08-21 15:25:43', FALSE),
('39a3c4e59ded4a9081a3b687e6751b0cf56bd1345d5ed0e6b0f0b3099c61c0b9', '2023-12-18 15:32:22', '2023-12-18 16:32:22', FALSE),
('eaee65952462be1f301826cd3bf608cfe64a77462e8cdfb43a0ce128151c3033', '2024-11-19 19:26:57', '2024-11-19 20:26:57', FALSE),
('314a4f197625520710673380c890eb1acbf40729ed7ae273a0f6994553bd4cb3', '2023-01-18 12:01:09', '2023-01-18 13:01:09', FALSE),
('df4a0a0d9e0ff4ce62cc9a0635c1748b29ea26e8473dcc359715af9c45d4ab6e', '2022-05-02 21:11:53', '2022-05-02 22:11:53', FALSE),
('dc215c3bc0bbb62f1f87ecbf8a6b3525f1baca0c812b9bd61422d929417ec4c9', '2022-10-28 19:52:29', '2022-10-28 20:52:29', FALSE),
('94b7f30ea701a0da2911d3545e319406976eea2a286e73c94b2d2c051b3a8a5f', '2023-08-22 19:14:12', '2023-08-22 20:14:12', FALSE),
('3302a16200de0d403d2990d8130e6c4c14bc7b2f91bd8bf696e973b1cab12c2b', '2022-05-10 22:53:10', '2022-05-10 23:53:10', FALSE),
('5bac2650996e9174abdd733cbbf1712393389674d75111df41d94ef4a4a419b4', '2024-03-23 01:03:03', '2024-03-23 02:03:03', FALSE),
('2312ce7400c2ef6b0b6a0f3061defe311ae67b48368b99f723b3fe8dc27bded5', '2023-09-06 17:59:21', '2023-09-06 18:59:21', FALSE),
('4e4503ed2bb98f28c423a064c52afbf83b71b44e4b567912bbe7f2313be0a1bb', '2023-10-30 06:33:41', '2023-10-30 07:33:41', FALSE),
('b42a68e28ff6144729fe0f5a6f8f2d8d52f69ea7d8fe6d8f527afc912eb8732e', '2023-06-15 15:25:09', '2023-06-15 16:25:09', FALSE),
('44251e2e1e35d6c76c9f52f180327d0e4e77d099f14afec2875f6b19b88eba5b', '2024-06-02 18:26:22', '2024-06-02 19:26:22', FALSE),
('cbbbb2193e33c1592409f8d14588cd99b602fd42a475f076c029653b8178f207', '2023-04-11 06:04:06', '2023-04-11 07:04:06', FALSE),
('805674a72d6c77d511e1ce349d22b5a674070154a41cee7136eae8d6022f2f0b', '2022-10-26 20:43:29', '2022-10-26 21:43:29', FALSE),
('cdcc355a57108f6fbc8aa9250faf86a437132c6b809dcdb01c3db0eb2a2efe4b', '2023-10-09 21:42:31', '2023-10-09 22:42:31', FALSE),
('0f947a75722519fe91d0fa80eed84b136f70da14dffbeb623175a227b81fdc1f', '2023-05-29 01:29:22', '2023-05-29 02:29:22', FALSE),
('70e5100d1200afbdb77e386530b4ffbed4c051fccf17e922ff9632932f24e1d9', '2022-10-18 06:46:07', '2022-10-18 07:46:07', FALSE),
('1c4ed550f678497ff684eee5abd2c1dc2ff1e87eff488e5b3cfe713cccfd140a', '2022-07-26 22:13:25', '2022-07-26 23:13:25', FALSE),
('4deb0deb7d0384dc1b658a313b42c431b2bb39f164648b9877728ebff542c113', '2022-07-05 13:34:57', '2022-07-05 14:34:57', FALSE),
('7051b5558e900464b6e8cfe6a90173dfef7c6030d5c4b12d549775b9f81eb722', '2023-02-01 12:44:47', '2023-02-01 13:44:47', FALSE),
('5a3f29535ef1015967a1e8dbd52aeae0afcc1b60b5a100a49665d8c4caee1cb0', '2022-10-29 10:45:20', '2022-10-29 11:45:20', FALSE),
('756891555ce7ea5d4ff2fbc6d94dd7b474f408f9b17a6db517137102fc7444fa', '2022-04-02 00:06:21', '2022-04-02 01:06:21', FALSE),
('2f34332df2059f67470c2bba732761adf10845e7c5167559302113c7c9248e63', '2023-05-16 11:55:13', '2023-05-16 12:55:13', FALSE),
('a5100f80c9f56a1c78e42a15599b8e25dc7d2d3d26b2bbe3ce1d894d33f1cac2', '2022-09-13 20:16:45', '2022-09-13 21:16:45', FALSE),
('4aa1faf1038ce48511abddc2969999b546f9e207d1975fd47637c17a0a30b483', '2022-06-21 12:22:41', '2022-06-21 13:22:41', FALSE),
('a11cd895dc6bd80f29e405046bbf57e574906fe6bb042d005e749dfd377a9013', '2024-02-01 03:03:10', '2024-02-01 04:03:10', FALSE);

-- CRM
CREATE TABLE IF NOT EXISTS `tickets` (
  `uuid_ticket` varchar(255) NOT NULL,
  `uuid_client` varchar(255) NOT NULL,
  `title` varchar(255) NOT NULL,
  `description` text DEFAULT NULL,
  `date_created` datetime NOT NULL,
  `date_update` datetime DEFAULT NULL,
  `status` enum('UNSTARTED','IN_PROGRESS','ENDED','CANCELLED') NOT NULL,
  `priority` enum('LOW','NORMAL','HIGH') NOT NULL,
  `request_type` enum('SUPPORT','FEATURE_REQUEST','BUG_REPORT') NOT NULL,
  `source` enum('EMAIL','PHONE','VISIT','WEB_FORM') NOT NULL,
  `comments` varchar(255) NOT NULL
);

INSERT INTO `tickets` (`uuid_ticket`, `uuid_client`, `title`, `description`, `date_created`, `date_update`, `status`, `priority`, `request_type`, `source`, `comments`) VALUES
('d4596123-df99-4553-a708-ddea7ad2cacd', 'c712ff51-5b7a-45a6-8ce2-3796d8b6b99c', 'Support Request: Login Help', 'There is an issue with submitting forms, resulting in a 500 error.', '2025-01-07 08:30:00', '2025-01-07 08:41:00', 'ENDED', 'HIGH', 'FEATURE_REQUEST', 'EMAIL', 'Randomly generated issue: There is an issue with submitting forms, resulting in a 500 error.'),
('57277e5f-8d86-4df3-b183-c1edafc9b756', '0328f269-4720-40c5-9c73-a79208fa4654', 'Bug Report: Mobile App Crash', 'Requesting multi-language support for better accessibility.', '2025-01-07 17:19:00', '2025-01-07 17:45:00', 'IN_PROGRESS', 'LOW', 'SUPPORT', 'WEB_FORM', 'Randomly generated issue: Requesting multi-language support for better accessibility.'),
('e6fb1c86-c467-4354-9f28-d1aea0e82381', '8ea78f3c-b59f-455c-8aef-35056ed24e6a', 'Support: Unable to Connect to Network', 'Users are asking for a dark mode feature for better UX.', '2025-01-07 08:22:00', '2025-01-07 08:47:00', 'ENDED', 'HIGH', 'FEATURE_REQUEST', 'WEB_FORM', 'Randomly generated issue: Users are asking for a dark mode feature for better UX.'),
('a3e01194-2b80-4e0b-91e7-d1ac49aa7b1c', 'a1f48a8f-91f2-4579-acb8-4d145fc44ae7', 'Support Request: Login Help', 'Mobile app crashes on login with certain devices.', '2025-01-07 17:10:00', '2025-01-07 17:56:00', 'UNSTARTED', 'NORMAL', 'SUPPORT', 'EMAIL', 'Randomly generated issue: Mobile app crashes on login with certain devices.'),
('a0856051-e5a5-4f54-8593-d50891a3f367', 'fc6f6655-28be-459b-9984-4e9136f3b8bc', 'Feature Request: Multi-Language Support', 'Clients are requesting customizable dashboards for task management.', '2025-01-07 13:34:00', '2025-01-07 13:44:00', 'IN_PROGRESS', 'LOW', 'SUPPORT', 'WEB_FORM', 'Randomly generated issue: Clients are requesting customizable dashboards for task management.'),
('f6355cba-13c2-406f-9589-0572196c10ca', '5edb7294-4905-46cc-a660-efa4dbd0cce5', 'Support: Unable to Connect to Network', 'Users are asking for a dark mode feature for better UX.', '2025-01-07 10:58:00', '2025-01-07 11:11:00', 'ENDED', 'LOW', 'SUPPORT', 'PHONE', 'Randomly generated issue: Users are asking for a dark mode feature for better UX.'),
('5280a377-46dc-40bc-a487-479aa2e59b37', 'b9c684b3-685b-463c-9220-b92f72eb789a', 'Feature Request: Dark Mode', 'Users are asking for a dark mode feature for better UX.', '2025-01-07 11:47:00', '2025-01-07 11:56:00', 'IN_PROGRESS', 'NORMAL', 'FEATURE_REQUEST', 'WEB_FORM', 'Randomly generated issue: Users are asking for a dark mode feature for better UX.'),
('328f4077-fba7-4741-954b-1087e8b4f65d', 'eb7a7d28-e359-46a5-835e-913c45e9cd9e', 'Feature Request: Multi-Language Support', 'Users are asking for a dark mode feature for better UX.', '2025-01-07 12:02:00', '2025-01-07 12:23:00', 'IN_PROGRESS', 'NORMAL', 'FEATURE_REQUEST', 'WEB_FORM', 'Randomly generated issue: Users are asking for a dark mode feature for better UX.'),
('971f1a80-8540-46bb-9760-5d7bcae2fd81', '32df08b2-2b4f-421a-a280-06416e4458be', 'Feature Request: Multi-Language Support', 'There is an issue with submitting forms, resulting in a 500 error.', '2025-01-07 11:59:00', '2025-01-07 12:10:00', 'CANCELLED', 'HIGH', 'BUG_REPORT', 'PHONE', 'Randomly generated issue: There is an issue with submitting forms, resulting in a 500 error.'),
('762f4f19-6ded-44cb-9f97-9ef741df6d9b', '8c44287c-0c53-4807-9c72-5a60eb0e9114', 'Feature Request: Advanced Analytics', 'Advanced analytics for user behavior is in high demand.', '2025-01-07 11:52:00', '2025-01-07 12:07:00', 'ENDED', 'HIGH', 'BUG_REPORT', 'WEB_FORM', 'Randomly generated issue: Advanced analytics for user behavior is in high demand.'),
('43f70428-9130-4585-b9c9-f99c017559a5', '0c6e7e67-3202-4fba-9294-a208ce4b7c23', 'Support Request: Login Help', 'Users are facing login issues after resetting their passwords.', '2025-01-07 10:43:00', '2025-01-07 11:33:00', 'CANCELLED', 'HIGH', 'BUG_REPORT', 'PHONE', 'Randomly generated issue: Users are facing login issues after resetting their passwords.'),
('167316d6-4ae6-476f-8f50-4a70b6487947', 'be4a6291-66cc-440a-b634-b605e37f8668', 'Support Request: Login Help', 'Mobile app crashes on login with certain devices.', '2025-01-07 14:24:00', '2025-01-07 14:53:00', 'ENDED', 'HIGH', 'SUPPORT', 'PHONE', 'Randomly generated issue: Mobile app crashes on login with certain devices.'),
('672a11d1-24dc-4072-972e-e508abe3a048', 'd15a416a-8ac6-479f-981a-96d5933c3398', 'Support Request: Account Recovery', 'Clients are requesting customizable dashboards for task management.', '2025-01-07 10:34:00', '2025-01-07 10:52:00', 'CANCELLED', 'LOW', 'SUPPORT', 'PHONE', 'Randomly generated issue: Clients are requesting customizable dashboards for task management.'),
('84b922a5-34aa-49fe-8abb-27b511862bae', '5f58e49b-e592-41d0-aa13-de2f15a3a07c', 'Feature Request: Advanced Analytics', 'Requesting multi-language support for better accessibility.', '2025-01-07 12:28:00', '2025-01-07 12:43:00', 'CANCELLED', 'NORMAL', 'SUPPORT', 'EMAIL', 'Randomly generated issue: Requesting multi-language support for better accessibility.'),
('bca9e463-9667-47d5-9290-0d999273c7d4', '6bab0ef1-8376-4dd1-9c42-d47508cc3d1e', 'Support: Unable to Connect to Network', 'There is an issue with submitting forms, resulting in a 500 error.', '2025-01-07 13:03:00', '2025-01-07 13:44:00', 'CANCELLED', 'NORMAL', 'BUG_REPORT', 'WEB_FORM', 'Randomly generated issue: There is an issue with submitting forms, resulting in a 500 error.'),
('d9b964f9-0ce9-4c2c-a4f7-8ca771841c79', '0a7cdccd-99fd-4094-ab8e-5690e5c98ccb', 'Feature Request: Advanced Analytics', 'Users are facing login issues after resetting their passwords.', '2025-01-07 17:21:00', '2025-01-07 17:32:00', 'IN_PROGRESS', 'LOW', 'FEATURE_REQUEST', 'PHONE', 'Randomly generated issue: Users are facing login issues after resetting their passwords.'),
('2867dcf6-fbc2-4893-b2b3-783c1f887d52', '941ccd20-d614-4ca1-95bb-43f20e084ddc', 'Feature Request: Dark Mode', 'There is an issue with submitting forms, resulting in a 500 error.', '2025-01-07 16:01:00', '2025-01-07 16:43:00', 'ENDED', 'HIGH', 'BUG_REPORT', 'WEB_FORM', 'Randomly generated issue: There is an issue with submitting forms, resulting in a 500 error.'),
('19bc1d97-b1ae-43cb-94bf-7fbd59c10cd2', '30aef222-d538-4f53-b5e1-83e5160029f6', 'Bug Report: Form Submission Error', 'Clients are requesting customizable dashboards for task management.', '2025-01-07 10:36:00', '2025-01-07 11:32:00', 'IN_PROGRESS', 'NORMAL', 'FEATURE_REQUEST', 'WEB_FORM', 'Randomly generated issue: Clients are requesting customizable dashboards for task management.'),
('0937ce1e-a435-4f6a-bad9-cb9cf70367ce', '3ace598e-5a43-4921-b11f-89b76ec2eb89', 'Feature Request: Advanced Analytics', 'Users are facing login issues after resetting their passwords.', '2025-01-07 09:58:00', '2025-01-07 10:16:00', 'CANCELLED', 'LOW', 'BUG_REPORT', 'PHONE', 'Randomly generated issue: Users are facing login issues after resetting their passwords.'),
('d73b9023-9d9f-435d-ab56-e03f5531676a', 'b174ddf3-aed4-496b-bba7-37cba7316a63', 'Bug Report: Form Submission Error', 'Requesting multi-language support for better accessibility.', '2025-01-07 15:40:00', '2025-01-07 16:01:00', 'UNSTARTED', 'HIGH', 'FEATURE_REQUEST', 'PHONE', 'Randomly generated issue: Requesting multi-language support for better accessibility.'),
('3882fe30-3907-4f7b-884e-67f4f7cfa30d', '93334ae9-441b-4ecf-bd87-26222d8bb7ed', 'Support: Unable to Connect to Network', 'Unable to connect to the company network; urgent issue.', '2025-01-07 16:19:00', '2025-01-07 16:53:00', 'ENDED', 'HIGH', 'SUPPORT', 'PHONE', 'Randomly generated issue: Unable to connect to the company network; urgent issue.'),
('bf2a7849-7502-4ea3-a490-5e076de4d76c', '88a047a9-05c7-445f-a7d6-37704668af2a', 'Support Request: Login Help', 'There is an issue with submitting forms, resulting in a 500 error.', '2025-01-07 10:49:00', '2025-01-07 11:15:00', 'IN_PROGRESS', 'NORMAL', 'BUG_REPORT', 'EMAIL', 'Randomly generated issue: There is an issue with submitting forms, resulting in a 500 error.'),
('7c124e85-a54b-4935-a0a0-d349a28414be', '47e01f21-f5b0-41e7-9963-803564161809', 'Feature Request: Custom Dashboards', 'Requesting multi-language support for better accessibility.', '2025-01-07 08:24:00', '2025-01-07 08:58:00', 'CANCELLED', 'NORMAL', 'SUPPORT', 'PHONE', 'Randomly generated issue: Requesting multi-language support for better accessibility.'),
('bb76ac3b-df7a-4cdc-985a-af6374066918', '4146e2e7-6b56-41f5-b66f-6cada8568b93', 'Bug Report: API Timeout Issues', 'Clients are requesting customizable dashboards for task management.', '2025-01-07 15:29:00', '2025-01-07 16:02:00', 'IN_PROGRESS', 'HIGH', 'BUG_REPORT', 'WEB_FORM', 'Randomly generated issue: Clients are requesting customizable dashboards for task management.'),
('1bbd47c9-1094-4560-8b27-eb83e5d11bf3', '61900566-2501-491f-8893-6895fabc97b8', 'Support: Unable to Connect to Network', 'Requesting multi-language support for better accessibility.', '2025-01-07 08:40:00', '2025-01-07 09:01:00', 'CANCELLED', 'NORMAL', 'SUPPORT', 'EMAIL', 'Randomly generated issue: Requesting multi-language support for better accessibility.'),
('5d49f3db-f984-48aa-8abf-4808a6e4407c', 'e6df6e2c-43fd-4aac-8883-cfb1c6c4eff9', 'Feature Request: Multi-Language Support', 'Users are asking for a dark mode feature for better UX.', '2025-01-07 16:51:00', '2025-01-07 16:55:00', 'CANCELLED', 'HIGH', 'BUG_REPORT', 'WEB_FORM', 'Randomly generated issue: Users are asking for a dark mode feature for better UX.'),
('b9c05e65-3a0c-4897-aaa0-09ea5ff99746', '77d8d6bb-dca1-4bb5-98a0-61395dbbb1cf', 'Feature Request: Custom Dashboards', 'API requests time out after 30 seconds; blocking integrations.', '2025-01-07 08:34:00', '2025-01-07 08:46:00', 'ENDED', 'HIGH', 'SUPPORT', 'WEB_FORM', 'Randomly generated issue: API requests time out after 30 seconds; blocking integrations.'),
('73ad3b56-5b07-4943-ae8a-066df10fb821', '8ada6242-7d55-4fe2-ab10-0a5e6b2f5acc', 'Support Request: Login Help', 'Mobile app crashes on login with certain devices.', '2025-01-07 12:40:00', '2025-01-07 13:10:00', 'IN_PROGRESS', 'NORMAL', 'BUG_REPORT', 'PHONE', 'Randomly generated issue: Mobile app crashes on login with certain devices.'),
('c3cdec0d-20a3-4dc9-bdd5-0a1254b201ea', 'f1c121ac-de47-4b89-b99b-24a45059c9b3', 'Bug Report: Mobile App Crash', 'Unable to connect to the company network; urgent issue.', '2025-01-07 14:09:00', '2025-01-07 14:58:00', 'ENDED', 'HIGH', 'FEATURE_REQUEST', 'WEB_FORM', 'Randomly generated issue: Unable to connect to the company network; urgent issue.'),
('44b5a41f-c52f-4d4a-9a8e-09ae853ef8f1', '4b513746-481d-4c2a-b04c-3aae53df589e', 'Feature Request: Dark Mode', 'Assistance required to recover account access.', '2025-01-07 11:10:00', '2025-01-07 11:42:00', 'ENDED', 'NORMAL', 'SUPPORT', 'EMAIL', 'Randomly generated issue: Assistance required to recover account access.'),
('7db4474c-63e3-416b-ad34-4365d0f537df', '0e9e0af6-9b52-41bd-9d18-ee7ddb123181', 'Bug Report: Form Submission Error', 'There is an issue with submitting forms, resulting in a 500 error.', '2025-01-07 11:33:00', '2025-01-07 12:02:00', 'UNSTARTED', 'NORMAL', 'SUPPORT', 'WEB_FORM', 'Randomly generated issue: There is an issue with submitting forms, resulting in a 500 error.'),
('a67f5006-296f-48db-9c3f-f71464bc60e1', 'b93488c1-bd5a-4132-bf16-0323c857a5bf', 'Feature Request: Multi-Language Support', 'There is an issue with submitting forms, resulting in a 500 error.', '2025-01-07 16:09:00', '2025-01-07 16:45:00', 'CANCELLED', 'HIGH', 'FEATURE_REQUEST', 'PHONE', 'Randomly generated issue: There is an issue with submitting forms, resulting in a 500 error.'),
('ce1b7600-a2fa-45d0-b4a1-dea3980a8bde', 'a762a089-be9d-4c1f-b5db-41de77625afd', 'Feature Request: Multi-Language Support', 'Advanced analytics for user behavior is in high demand.', '2025-01-07 10:47:00', '2025-01-07 11:47:00', 'UNSTARTED', 'NORMAL', 'SUPPORT', 'PHONE', 'Randomly generated issue: Advanced analytics for user behavior is in high demand.'),
('fefe791b-4bd7-4196-b592-09c842effa43', 'aadd7977-4727-4ab6-b609-a0c0f034a943', 'Support Request: Account Recovery', 'Users are facing login issues after resetting their passwords.', '2025-01-07 11:17:00', '2025-01-07 11:31:00', 'CANCELLED', 'HIGH', 'FEATURE_REQUEST', 'WEB_FORM', 'Randomly generated issue: Users are facing login issues after resetting their passwords.'),
('c1a4c962-8d6b-4869-ab56-98a93e237a6d', '5046bf4b-97eb-4d46-ad28-923ca183e1bb', 'Feature Request: Custom Dashboards', 'Users are asking for a dark mode feature for better UX.', '2025-01-07 15:31:00', '2025-01-07 15:48:00', 'ENDED', 'LOW', 'FEATURE_REQUEST', 'WEB_FORM', 'Randomly generated issue: Users are asking for a dark mode feature for better UX.'),
('89ff7e64-8b94-47be-8f78-01e3f89c9b4f', 'e7ff7ce7-eb35-4591-9263-7f9cab59f1e2', 'Feature Request: Advanced Analytics', 'API requests time out after 30 seconds; blocking integrations.', '2025-01-07 17:22:00', '2025-01-07 17:27:00', 'CANCELLED', 'LOW', 'SUPPORT', 'EMAIL', 'Randomly generated issue: API requests time out after 30 seconds; blocking integrations.'),
('a9201917-579d-46cd-b6b1-687adf4f6e54', '66a6432c-e0bd-49f9-abc9-5b0b0eb769f0', 'Support Request: Account Recovery', 'Unable to connect to the company network; urgent issue.', '2025-01-07 16:56:00', '2025-01-07 17:45:00', 'IN_PROGRESS', 'NORMAL', 'FEATURE_REQUEST', 'PHONE', 'Randomly generated issue: Unable to connect to the company network; urgent issue.'),
('c9422348-812c-4e60-816b-4dea12a13012', '219eb01f-09e0-4069-a7e8-f55aad2c64eb', 'Bug Report: Mobile App Crash', 'Clients are requesting customizable dashboards for task management.', '2025-01-07 14:43:00', '2025-01-07 15:35:00', 'UNSTARTED', 'HIGH', 'SUPPORT', 'EMAIL', 'Randomly generated issue: Clients are requesting customizable dashboards for task management.'),
('e9b27db2-750e-4c45-b915-0f370cb37979', '176e3ff7-7770-4b0d-86df-3401be2e6c28', 'Bug Report: Mobile App Crash', 'Mobile app crashes on login with certain devices.', '2025-01-07 12:40:00', '2025-01-07 13:02:00', 'CANCELLED', 'HIGH', 'FEATURE_REQUEST', 'EMAIL', 'Randomly generated issue: Mobile app crashes on login with certain devices.'),
('6559a75d-6f12-4b64-95da-0d10ff626d2f', 'e68260ca-98c1-4b72-a9c5-da318492813b', 'Bug Report: API Timeout Issues', 'Assistance required to recover account access.', '2025-01-07 14:32:00', '2025-01-07 15:30:00', 'UNSTARTED', 'NORMAL', 'BUG_REPORT', 'PHONE', 'Randomly generated issue: Assistance required to recover account access.'),
('67428791-e9d9-4936-9001-224ebaaf8a64', '736aec21-7860-4104-a6bf-197d036920ac', 'Support Request: Account Recovery', 'Users are facing login issues after resetting their passwords.', '2025-01-07 08:49:00', '2025-01-07 09:47:00', 'IN_PROGRESS', 'NORMAL', 'SUPPORT', 'WEB_FORM', 'Randomly generated issue: Users are facing login issues after resetting their passwords.'),
('b3658e5f-078c-4899-916a-94a72b6f686f', '05cbb06e-f42a-4aaa-9c4a-f08e097ca496', 'Feature Request: Dark Mode', 'Clients are requesting customizable dashboards for task management.', '2025-01-07 09:29:00', '2025-01-07 10:08:00', 'ENDED', 'HIGH', 'FEATURE_REQUEST', 'WEB_FORM', 'Randomly generated issue: Clients are requesting customizable dashboards for task management.'),
('4385ff81-4719-488c-a8cd-6b9f07bfa4d2', '58aac651-848c-4850-ad8e-e61fbe1d4e6f', 'Bug Report: Form Submission Error', 'There is an issue with submitting forms, resulting in a 500 error.', '2025-01-07 08:44:00', '2025-01-07 09:21:00', 'CANCELLED', 'LOW', 'SUPPORT', 'EMAIL', 'Randomly generated issue: There is an issue with submitting forms, resulting in a 500 error.'),
('7bcc3451-7edc-4944-a322-733ffc0fce1d', '00d85efe-aba3-438d-b715-6f86547a64f0', 'Bug Report: Form Submission Error', 'Users are facing login issues after resetting their passwords.', '2025-01-07 16:09:00', '2025-01-07 16:10:00', 'ENDED', 'LOW', 'BUG_REPORT', 'PHONE', 'Randomly generated issue: Users are facing login issues after resetting their passwords.'),
('1c1f7de7-361c-4ecd-bc20-d811ac67b305', '581eef9d-e6ea-486a-965a-3ff1914cebed', 'Support: Unable to Connect to Network', 'API requests time out after 30 seconds; blocking integrations.', '2025-01-07 12:27:00', '2025-01-07 13:12:00', 'CANCELLED', 'HIGH', 'BUG_REPORT', 'PHONE', 'Randomly generated issue: API requests time out after 30 seconds; blocking integrations.'),
('d1063214-5966-46b8-a59a-000111c6027b', 'd15cbab3-5e72-4d0f-9e13-2fe3207cc027', 'Bug Report: Mobile App Crash', 'Clients are requesting customizable dashboards for task management.', '2025-01-07 10:09:00', '2025-01-07 10:39:00', 'CANCELLED', 'HIGH', 'FEATURE_REQUEST', 'EMAIL', 'Randomly generated issue: Clients are requesting customizable dashboards for task management.'),
('0bd2f8d2-3a94-4fd1-9825-84a597ae8a36', 'd856192e-b881-48d1-8659-4863fa9b7151', 'Bug Report: API Timeout Issues', 'Users are facing login issues after resetting their passwords.', '2025-01-07 09:27:00', '2025-01-07 10:05:00', 'UNSTARTED', 'HIGH', 'FEATURE_REQUEST', 'PHONE', 'Randomly generated issue: Users are facing login issues after resetting their passwords.'),
('17e71b16-bd35-4e1c-9c48-ed8d79e7f869', 'b47295a2-b22a-4d19-bea0-61903787ce42', 'Bug Report: Mobile App Crash', 'Assistance required to recover account access.', '2025-01-07 14:24:00', '2025-01-07 14:27:00', 'ENDED', 'LOW', 'FEATURE_REQUEST', 'WEB_FORM', 'Randomly generated issue: Assistance required to recover account access.'),
('c7392b64-207e-45df-ac06-9ab84cec4303', 'd0b96c38-3524-41a3-820a-6eda8c91363d', 'Support Request: Login Help', 'Users are asking for a dark mode feature for better UX.', '2025-01-07 09:42:00', '2025-01-07 10:31:00', 'ENDED', 'LOW', 'FEATURE_REQUEST', 'PHONE', 'Randomly generated issue: Users are asking for a dark mode feature for better UX.'),
('a226c348-6299-446d-834a-695006d84a66', '985a995b-ba73-4a94-8bad-6adb80e97d17', 'Feature Request: Dark Mode', 'Mobile app crashes on login with certain devices.', '2025-01-07 09:41:00', '2025-01-07 10:37:00', 'ENDED', 'NORMAL', 'FEATURE_REQUEST', 'PHONE', 'Randomly generated issue: Mobile app crashes on login with certain devices.'),
('2a88f324-b9df-4778-82b5-2e352c97f330', 'e6768259-2579-4790-b1cf-3e1051274975', 'Bug Report: Mobile App Crash', 'Clients are requesting customizable dashboards for task management.', '2025-01-07 15:37:00', '2025-01-07 16:09:00', 'ENDED', 'HIGH', 'FEATURE_REQUEST', 'WEB_FORM', 'Randomly generated issue: Clients are requesting customizable dashboards for task management.'),
('d1f06c24-9bf0-4e02-8e33-09332cdbb127', 'c69b869c-2df8-4a6a-9a62-cfe2bd33a535', 'Support Request: Account Recovery', 'Unable to connect to the company network; urgent issue.', '2025-01-07 17:44:00', '2025-01-07 18:38:00', 'ENDED', 'HIGH', 'FEATURE_REQUEST', 'PHONE', 'Randomly generated issue: Unable to connect to the company network; urgent issue.'),
('e81bb043-5b6b-4f43-94ea-cca89ae22c32', '0711e59c-a266-457d-bb5b-9552895aa9d0', 'Support: Unable to Connect to Network', 'Assistance required to recover account access.', '2025-01-07 16:31:00', '2025-01-07 16:37:00', 'IN_PROGRESS', 'HIGH', 'SUPPORT', 'PHONE', 'Randomly generated issue: Assistance required to recover account access.'),
('ec589d72-ed2e-4bb4-9113-178d1ccd91f4', '28cedfbf-4d15-45e3-acf7-ce5dbc850498', 'Bug Report: Form Submission Error', 'API requests time out after 30 seconds; blocking integrations.', '2025-01-07 15:46:00', '2025-01-07 16:32:00', 'ENDED', 'LOW', 'SUPPORT', 'EMAIL', 'Randomly generated issue: API requests time out after 30 seconds; blocking integrations.'),
('724481c5-9ea6-4bd2-b2c1-ed9d81fcd263', 'a4086a71-ec42-4ea7-9046-91bbe2a5c5df', 'Feature Request: Advanced Analytics', 'Mobile app crashes on login with certain devices.', '2025-01-07 11:51:00', '2025-01-07 12:10:00', 'UNSTARTED', 'HIGH', 'SUPPORT', 'WEB_FORM', 'Randomly generated issue: Mobile app crashes on login with certain devices.'),
('310efa17-a148-42a4-b621-cc325b9157b1', '019aaab5-6ca6-4c86-8992-4093e8762419', 'Support Request: Login Help', 'API requests time out after 30 seconds; blocking integrations.', '2025-01-07 16:30:00', '2025-01-07 16:58:00', 'ENDED', 'NORMAL', 'BUG_REPORT', 'EMAIL', 'Randomly generated issue: API requests time out after 30 seconds; blocking integrations.'),
('bf436eeb-0a74-460d-9d69-e7a73ea84549', '7e83a96a-10a9-46c8-b232-83638bc42937', 'Feature Request: Multi-Language Support', 'Users are facing login issues after resetting their passwords.', '2025-01-07 17:45:00', '2025-01-07 18:45:00', 'IN_PROGRESS', 'LOW', 'BUG_REPORT', 'WEB_FORM', 'Randomly generated issue: Users are facing login issues after resetting their passwords.'),
('8f673627-7d11-4b0d-b115-60b15a45bf5b', '5bbe8369-fce0-42f5-a49d-ad0b19727ec7', 'Bug Report: Mobile App Crash', 'Mobile app crashes on login with certain devices.', '2025-01-07 11:57:00', '2025-01-07 12:20:00', 'IN_PROGRESS', 'LOW', 'FEATURE_REQUEST', 'EMAIL', 'Randomly generated issue: Mobile app crashes on login with certain devices.'),
('54a871b3-1748-4022-9841-ec6e2ea5a364', '4e532b7e-b24c-4c28-90ba-83ddb60675da', 'Support: Unable to Connect to Network', 'Users are facing login issues after resetting their passwords.', '2025-01-07 10:08:00', '2025-01-07 11:05:00', 'ENDED', 'NORMAL', 'FEATURE_REQUEST', 'WEB_FORM', 'Randomly generated issue: Users are facing login issues after resetting their passwords.'),
('ffcd21f4-9661-46da-aac1-704fbdaac7a4', 'a02dff4d-dd6e-4b8f-944c-274036d76b9c', 'Feature Request: Advanced Analytics', 'Clients are requesting customizable dashboards for task management.', '2025-01-07 14:21:00', '2025-01-07 15:03:00', 'CANCELLED', 'HIGH', 'FEATURE_REQUEST', 'WEB_FORM', 'Randomly generated issue: Clients are requesting customizable dashboards for task management.'),
('6fa1b4ed-a3e0-425b-95bc-347efc54d48c', 'bb980a3e-b4e7-4015-9bda-eb88af044c64', 'Feature Request: Advanced Analytics', 'Unable to connect to the company network; urgent issue.', '2025-01-07 14:58:00', '2025-01-07 15:36:00', 'ENDED', 'HIGH', 'BUG_REPORT', 'PHONE', 'Randomly generated issue: Unable to connect to the company network; urgent issue.'),
('a35d2c30-4c33-446c-864c-db245fe55856', 'df20ec07-193f-4d9c-a4f1-28dd4b59bd84', 'Feature Request: Multi-Language Support', 'Advanced analytics for user behavior is in high demand.', '2025-01-07 08:41:00', '2025-01-07 09:31:00', 'CANCELLED', 'LOW', 'FEATURE_REQUEST', 'EMAIL', 'Randomly generated issue: Advanced analytics for user behavior is in high demand.'),
('29e4b6f4-f1c1-4d8b-997c-1a5c71dacf9a', '0edd292e-b502-4582-84b7-ab89dbe9c255', 'Feature Request: Multi-Language Support', 'Advanced analytics for user behavior is in high demand.', '2025-01-07 11:41:00', '2025-01-07 11:53:00', 'UNSTARTED', 'HIGH', 'SUPPORT', 'EMAIL', 'Randomly generated issue: Advanced analytics for user behavior is in high demand.'),
('e0698d9b-4b3c-47eb-8c73-960d4b4278ec', '3cf5272b-a466-4627-b97b-f10b57e8bdf0', 'Feature Request: Advanced Analytics', 'Clients are requesting customizable dashboards for task management.', '2025-01-07 09:06:00', '2025-01-07 09:24:00', 'CANCELLED', 'NORMAL', 'FEATURE_REQUEST', 'PHONE', 'Randomly generated issue: Clients are requesting customizable dashboards for task management.'),
('4f2ab895-4562-43f9-9cbd-cb79e749488b', '025a4dce-b4ae-4235-9104-60e928f884a8', 'Feature Request: Dark Mode', 'Users are asking for a dark mode feature for better UX.', '2025-01-07 12:05:00', '2025-01-07 12:21:00', 'UNSTARTED', 'NORMAL', 'SUPPORT', 'EMAIL', 'Randomly generated issue: Users are asking for a dark mode feature for better UX.'),
('ca8c107f-939a-46df-aac8-4625003a3679', '43d7012b-7ae3-46e8-9818-0dea59225155', 'Bug Report: Mobile App Crash', 'Assistance required to recover account access.', '2025-01-07 08:47:00', '2025-01-07 09:34:00', 'IN_PROGRESS', 'LOW', 'BUG_REPORT', 'EMAIL', 'Randomly generated issue: Assistance required to recover account access.'),
('efc21854-ff30-4805-b9f9-e3f2caf70e8f', '8a34c5a1-4d3a-49c6-9235-cf4a312b7f89', 'Support Request: Account Recovery', 'Requesting multi-language support for better accessibility.', '2025-01-07 13:06:00', '2025-01-07 13:13:00', 'UNSTARTED', 'HIGH', 'FEATURE_REQUEST', 'PHONE', 'Randomly generated issue: Requesting multi-language support for better accessibility.'),
('c66e6aa8-e3e2-42d4-ad08-861aa96fd0be', '97dffd71-f4d4-4572-99ce-31cc0781e911', 'Bug Report: Form Submission Error', 'Users are asking for a dark mode feature for better UX.', '2025-01-07 11:13:00', '2025-01-07 12:11:00', 'UNSTARTED', 'NORMAL', 'FEATURE_REQUEST', 'EMAIL', 'Randomly generated issue: Users are asking for a dark mode feature for better UX.'),
('61b924f9-7c18-4a02-b6a9-1ce74df13455', '34627fa7-65f9-4e2f-a1ab-b9301ff27218', 'Support: Unable to Connect to Network', 'Advanced analytics for user behavior is in high demand.', '2025-01-07 16:51:00', '2025-01-07 17:01:00', 'UNSTARTED', 'NORMAL', 'BUG_REPORT', 'EMAIL', 'Randomly generated issue: Advanced analytics for user behavior is in high demand.'),
('f3b3ba05-51c6-4a47-b0ba-59338b2bcb92', '34d5b2ef-6462-44bf-9b15-07c932666063', 'Bug Report: Form Submission Error', 'Assistance required to recover account access.', '2025-01-07 12:48:00', '2025-01-07 13:33:00', 'ENDED', 'NORMAL', 'FEATURE_REQUEST', 'EMAIL', 'Randomly generated issue: Assistance required to recover account access.'),
('e96cf697-2d92-4343-af1b-bd3fe41345f7', '2ed3ef58-0db5-4bb7-980c-a1b8d96a2471', 'Bug Report: Form Submission Error', 'Advanced analytics for user behavior is in high demand.', '2025-01-07 12:45:00', '2025-01-07 12:56:00', 'ENDED', 'HIGH', 'FEATURE_REQUEST', 'WEB_FORM', 'Randomly generated issue: Advanced analytics for user behavior is in high demand.'),
('2560e450-6513-4c36-b3bd-f99b2278fb62', '6dac2462-ed15-451d-a89e-4e23f20484bd', 'Bug Report: Form Submission Error', 'Unable to connect to the company network; urgent issue.', '2025-01-07 15:28:00', '2025-01-07 16:24:00', 'ENDED', 'NORMAL', 'SUPPORT', 'PHONE', 'Randomly generated issue: Unable to connect to the company network; urgent issue.'),
('5f76c225-d1f0-444d-a01a-d8acc80ed1a3', '4827fe2f-7a35-48e4-ab7d-d8134f2f98f9', 'Bug Report: API Timeout Issues', 'Clients are requesting customizable dashboards for task management.', '2025-01-07 17:11:00', '2025-01-07 18:01:00', 'IN_PROGRESS', 'LOW', 'BUG_REPORT', 'PHONE', 'Randomly generated issue: Clients are requesting customizable dashboards for task management.'),
('c5a2494d-d5b1-4119-9c61-641a76f084c4', '11f21f0b-47db-47b0-88bc-44adba9bfcc6', 'Support Request: Account Recovery', 'Assistance required to recover account access.', '2025-01-07 16:18:00', '2025-01-07 16:45:00', 'IN_PROGRESS', 'HIGH', 'FEATURE_REQUEST', 'WEB_FORM', 'Randomly generated issue: Assistance required to recover account access.'),
('b181c77d-68e8-4275-aed8-a69b6fbeab32', 'e874b7ab-41a6-463d-a7c5-418dba641b23', 'Bug Report: Form Submission Error', 'Advanced analytics for user behavior is in high demand.', '2025-01-07 13:11:00', '2025-01-07 13:41:00', 'IN_PROGRESS', 'NORMAL', 'SUPPORT', 'WEB_FORM', 'Randomly generated issue: Advanced analytics for user behavior is in high demand.'),
('490ff633-9249-401e-adb5-e9a73108358b', 'ffaf5733-81a9-4b51-b244-a791ec98fcc5', 'Support: Unable to Connect to Network', 'Requesting multi-language support for better accessibility.', '2025-01-07 12:48:00', '2025-01-07 13:07:00', 'ENDED', 'HIGH', 'FEATURE_REQUEST', 'WEB_FORM', 'Randomly generated issue: Requesting multi-language support for better accessibility.'),
('aca27287-106f-4dcd-ae78-af7af6cbf6c5', '7b742ae0-b1a6-48c1-8907-83f929cd5ccd', 'Feature Request: Advanced Analytics', 'API requests time out after 30 seconds; blocking integrations.', '2025-01-07 15:34:00', '2025-01-07 16:15:00', 'CANCELLED', 'HIGH', 'BUG_REPORT', 'WEB_FORM', 'Randomly generated issue: API requests time out after 30 seconds; blocking integrations.'),
('f8dd8c45-8bda-4d68-950f-047a4a7ed061', '01a25ed1-3822-4a79-bd4c-9515b26af22a', 'Feature Request: Custom Dashboards', 'Mobile app crashes on login with certain devices.', '2025-01-07 14:51:00', '2025-01-07 15:30:00', 'CANCELLED', 'HIGH', 'SUPPORT', 'WEB_FORM', 'Randomly generated issue: Mobile app crashes on login with certain devices.'),
('a3fa57f2-84c4-4242-8271-93a857481823', '8a6cd318-4058-4656-afa2-2781c0983802', 'Bug Report: API Timeout Issues', 'Users are facing login issues after resetting their passwords.', '2025-01-07 15:26:00', '2025-01-07 15:36:00', 'UNSTARTED', 'NORMAL', 'BUG_REPORT', 'EMAIL', 'Randomly generated issue: Users are facing login issues after resetting their passwords.'),
('c3918cf8-7ffa-40cd-ae75-79b96dd32518', '380d372d-dce7-4c58-b17d-a3905b438b49', 'Bug Report: Mobile App Crash', 'Mobile app crashes on login with certain devices.', '2025-01-07 08:35:00', '2025-01-07 09:04:00', 'ENDED', 'HIGH', 'SUPPORT', 'EMAIL', 'Randomly generated issue: Mobile app crashes on login with certain devices.'),
('298f09a4-3903-4af7-8d39-bb52826557fe', 'c36451e2-498a-414a-b7f4-0b9046eb7e74', 'Feature Request: Dark Mode', 'Assistance required to recover account access.', '2025-01-07 15:09:00', '2025-01-07 16:02:00', 'CANCELLED', 'NORMAL', 'SUPPORT', 'EMAIL', 'Randomly generated issue: Assistance required to recover account access.'),
('a5126b72-1a7f-4ece-ac2b-38a16af88d81', '1c0d0930-394b-493e-b1c6-0aa01e957408', 'Bug Report: Form Submission Error', 'Users are facing login issues after resetting their passwords.', '2025-01-07 15:40:00', '2025-01-07 15:42:00', 'CANCELLED', 'LOW', 'SUPPORT', 'EMAIL', 'Randomly generated issue: Users are facing login issues after resetting their passwords.'),
('25b44fbd-89dd-4607-9cba-5f0996b01ef1', 'be140b14-7481-4b7e-8e50-75e5741d115b', 'Support: Unable to Connect to Network', 'Mobile app crashes on login with certain devices.', '2025-01-07 13:55:00', '2025-01-07 14:39:00', 'ENDED', 'LOW', 'BUG_REPORT', 'PHONE', 'Randomly generated issue: Mobile app crashes on login with certain devices.'),
('f8c8e8d3-1db6-4f8e-be6c-4c45da12d089', 'c9b8946d-c1e8-4353-a82d-3a8862f3eb6c', 'Support: Unable to Connect to Network', 'Mobile app crashes on login with certain devices.', '2025-01-07 15:36:00', '2025-01-07 15:42:00', 'IN_PROGRESS', 'HIGH', 'BUG_REPORT', 'PHONE', 'Randomly generated issue: Mobile app crashes on login with certain devices.'),
('236d279e-7ce7-4bd8-a0c9-c25f657d1d75', '5cc185f1-020e-43dd-a0b6-635c3c399a8a', 'Support Request: Account Recovery', 'Mobile app crashes on login with certain devices.', '2025-01-07 11:47:00', '2025-01-07 12:13:00', 'ENDED', 'LOW', 'FEATURE_REQUEST', 'PHONE', 'Randomly generated issue: Mobile app crashes on login with certain devices.'),
('fd34526b-fe66-4b59-b37d-2f367d774c83', 'a96f4aac-d543-48bd-832a-7cc3eadb9f12', 'Feature Request: Multi-Language Support', 'Users are facing login issues after resetting their passwords.', '2025-01-07 08:47:00', '2025-01-07 09:36:00', 'ENDED', 'NORMAL', 'FEATURE_REQUEST', 'WEB_FORM', 'Randomly generated issue: Users are facing login issues after resetting their passwords.'),
('f4682755-cd13-4f5c-9d31-8064c24f7c8d', '5a40bb85-3e13-4a2e-9629-4fdd662826ac', 'Feature Request: Multi-Language Support', 'Requesting multi-language support for better accessibility.', '2025-01-07 09:48:00', '2025-01-07 10:02:00', 'ENDED', 'NORMAL', 'FEATURE_REQUEST', 'PHONE', 'Randomly generated issue: Requesting multi-language support for better accessibility.'),
('17df6493-e15c-419b-8ecc-c2331838b3ba', '2eaf287f-ba47-462e-8a5e-7781122da338', 'Support Request: Account Recovery', 'Requesting multi-language support for better accessibility.', '2025-01-07 14:22:00', '2025-01-07 14:52:00', 'CANCELLED', 'LOW', 'SUPPORT', 'EMAIL', 'Randomly generated issue: Requesting multi-language support for better accessibility.'),
('16e3f600-5cea-4861-8d58-3efb16ae6290', 'a3a750fb-10b0-4cb7-8b5d-9e6869a76c11', 'Feature Request: Custom Dashboards', 'Users are facing login issues after resetting their passwords.', '2025-01-07 09:53:00', '2025-01-07 10:33:00', 'UNSTARTED', 'HIGH', 'SUPPORT', 'EMAIL', 'Randomly generated issue: Users are facing login issues after resetting their passwords.'),
('4737fb53-c5a3-464c-a9c9-8d236a628d23', '4c99996b-2a87-4acd-a97e-e3b46bbac560', 'Feature Request: Custom Dashboards', 'Requesting multi-language support for better accessibility.', '2025-01-07 15:59:00', '2025-01-07 16:35:00', 'UNSTARTED', 'LOW', 'BUG_REPORT', 'EMAIL', 'Randomly generated issue: Requesting multi-language support for better accessibility.'),
('77137be5-26e1-4b0d-9b6f-ff30a0faafac', '0a40a3c5-d58f-4bc3-8ec3-3063616263fc', 'Feature Request: Multi-Language Support', 'Assistance required to recover account access.', '2025-01-07 17:58:00', '2025-01-07 18:06:00', 'ENDED', 'NORMAL', 'SUPPORT', 'EMAIL', 'Randomly generated issue: Assistance required to recover account access.'),
('411f757c-5f75-44e0-93f2-003cd5be55b2', '78f1e319-da0b-4100-a361-b0e119f9fc46', 'Bug Report: API Timeout Issues', 'API requests time out after 30 seconds; blocking integrations.', '2025-01-07 08:29:00', '2025-01-07 08:36:00', 'ENDED', 'NORMAL', 'FEATURE_REQUEST', 'WEB_FORM', 'Randomly generated issue: API requests time out after 30 seconds; blocking integrations.'),
('e300d718-918b-439e-b019-e1203b48a420', '3d3a3b3c-4b54-433e-9a20-8b6158eda98b', 'Feature Request: Advanced Analytics', 'Unable to connect to the company network; urgent issue.', '2025-01-07 12:17:00', '2025-01-07 12:44:00', 'ENDED', 'HIGH', 'FEATURE_REQUEST', 'WEB_FORM', 'Randomly generated issue: Unable to connect to the company network; urgent issue.'),
('962671ce-b488-4c8f-9abe-9b608076a45a', '18eafbd1-c5a1-4bc1-9198-f7ceb41b50c1', 'Feature Request: Multi-Language Support', 'Advanced analytics for user behavior is in high demand.', '2025-01-07 13:25:00', '2025-01-07 14:08:00', 'CANCELLED', 'LOW', 'SUPPORT', 'WEB_FORM', 'Randomly generated issue: Advanced analytics for user behavior is in high demand.'),
('80b2c781-5b34-4eef-825b-a7418183aec8', '720050b1-b4dd-4ea3-b43e-aa19fad2eae0', 'Feature Request: Advanced Analytics', 'Advanced analytics for user behavior is in high demand.', '2025-01-07 11:27:00', '2025-01-07 12:14:00', 'IN_PROGRESS', 'LOW', 'SUPPORT', 'WEB_FORM', 'Randomly generated issue: Advanced analytics for user behavior is in high demand.'),
('dd0414cd-0914-4732-b3b6-c871e7ad03b4', 'b6f82bb4-1839-4cfc-8b5d-2ea2e9297b06', 'Feature Request: Multi-Language Support', 'Unable to connect to the company network; urgent issue.', '2025-01-07 12:10:00', '2025-01-07 13:00:00', 'ENDED', 'HIGH', 'BUG_REPORT', 'PHONE', 'Randomly generated issue: Unable to connect to the company network; urgent issue.'),
('0d7f8498-2d2a-49a3-b05a-486c473decb4', '10b84bc9-af2f-495b-9f3b-8a356a4f4c95', 'Feature Request: Custom Dashboards', 'Requesting multi-language support for better accessibility.', '2025-01-07 09:51:00', '2025-01-07 10:00:00', 'CANCELLED', 'HIGH', 'FEATURE_REQUEST', 'EMAIL', 'Randomly generated issue: Requesting multi-language support for better accessibility.'),
('94755b91-7bb5-4d5f-8b85-5014e8d0acf1', 'f0ce7a6f-0ee2-49d8-b1df-06c2aa1b1de5', 'Feature Request: Custom Dashboards', 'There is an issue with submitting forms, resulting in a 500 error.', '2025-01-07 11:24:00', '2025-01-07 12:07:00', 'ENDED', 'NORMAL', 'BUG_REPORT', 'PHONE', 'Randomly generated issue: There is an issue with submitting forms, resulting in a 500 error.'),
('6f5fb848-153e-4eb8-9020-bb1766d0f609', '156227e0-2f5f-4d54-a8a9-f7110bdd74b5', 'Feature Request: Dark Mode', 'Mobile app crashes on login with certain devices.', '2025-01-07 12:15:00', '2025-01-07 13:13:00', 'UNSTARTED', 'NORMAL', 'SUPPORT', 'PHONE', 'Randomly generated issue: Mobile app crashes on login with certain devices.'),
('6da425ff-d338-426e-a445-5ec319c236c4', '98fd86f1-9146-4d91-a860-7f8fa9faa58a', 'Support Request: Login Help', 'Clients are requesting customizable dashboards for task management.', '2025-01-07 09:03:00', '2025-01-07 09:26:00', 'IN_PROGRESS', 'LOW', 'BUG_REPORT', 'EMAIL', 'Randomly generated issue: Clients are requesting customizable dashboards for task management.'),
('9c67b0e4-51b2-40ea-92f7-1e8b788d33cd', 'ab34c56d-45ef-4a71-95ea-8f93b42c917f', 'Feature Request: Enhanced Reporting', 'Users are requesting the ability to export reports in multiple formats.', '2025-01-07 11:15:00', '2025-01-07 12:00:00', 'IN_PROGRESS', 'HIGH', 'FEATURE_REQUEST', 'WEB_FORM', 'Randomly generated issue: Users are requesting the ability to export reports in multiple formats.'),
('60fbd9de-f64a-4520-9f9a-78edc4c841cd', 'cd567f3a-8eb9-4b6b-8dc5-1ae345c92d12', 'Support Request: Data Synchronization Issue', 'Data does not sync between the mobile app and the desktop version.', '2025-01-07 09:45:00', '2025-01-07 10:30:00', 'CANCELLED', 'NORMAL', 'SUPPORT', 'PHONE', 'Randomly generated issue: Data does not sync between the mobile app and the desktop version.'),
('c02d4d31-d5cb-4996-b497-6d9e3f25ad2b', 'fa45b9e3-89af-4821-b5b3-7b6e96d31e8c', 'Bug Report: Unexpected Logout', 'Users are logged out unexpectedly after 10 minutes of inactivity.', '2025-01-07 08:50:00', '2025-01-07 09:20:00', 'ENDED', 'LOW', 'BUG_REPORT', 'EMAIL', 'Randomly generated issue: Users are logged out unexpectedly after 10 minutes of inactivity.'),
('e90b9c7c-4d9a-432c-8668-657f7b8a1e1d', 'bd987f4a-2e65-4b5c-b3c1-9df034c45a6f', 'Feature Request: Role-Based Access Control', 'Request to implement role-based access control for better security.', '2025-01-07 13:40:00', '2025-01-07 14:20:00', 'UNSTARTED', 'HIGH', 'FEATURE_REQUEST', 'WEB_FORM', 'Randomly generated issue: Request to implement role-based access control for better security.');

CREATE TABLE IF NOT EXISTS `ticket_actions` (
  `uuid_action` varchar(255) NOT NULL,
  `ticket` varchar(255) NOT NULL,
  `date_action` datetime DEFAULT NULL,
  `action_type` enum('CREATION','UPDATE','DELETION') NOT NULL,
  `description` text DEFAULT NULL,
  `uuid_user` varchar(255) NOT NULL
);

INSERT INTO `ticket_actions` (`uuid_action`, `ticket`, `date_action`, `action_type`, `description`, `uuid_user`) VALUES
('10d715d9-4e1b-43fb-935e-5ae93b43286d', 'd4596123-df99-4553-a708-ddea7ad2cacd', '2025-01-07 17:20:00', 'DELETION', 'Comment added: Client requested faster response time.', '517516e7-4e8a-4765-91d5-ec87012e227d'),
('8a41a1fc-48ee-4fce-886a-2d49d9c155eb', '57277e5f-8d86-4df3-b183-c1edafc9b756', '2025-01-07 17:35:00', 'DELETION', 'Created feature request for advanced functionality.', '90ec858e-9537-484a-8bac-9f6b261964b6'),
('f7b0e3fa-d21a-405f-b1e1-2c32348aa0cb', 'e6fb1c86-c467-4354-9f28-d1aea0e82381', '2025-01-07 14:23:00', 'DELETION', 'Status updated from IN_PROGRESS to ENDED.', 'e1edf453-3921-43c3-bccc-ded818a79fdc'),
('740a0a92-d8c5-4380-9fe2-51998f317980', 'a3e01194-2b80-4e0b-91e7-d1ac49aa7b1c', '2025-01-07 11:15:00', 'CREATION', 'Issue resolved and ticket closed.', 'ac715e9b-07df-45d4-9a78-e544348a6341'),
('df94554a-9d29-4c8b-a6b2-0c8696845c24', 'a0856051-e5a5-4f54-8593-d50891a3f367', '2025-01-07 13:39:00', 'DELETION', 'Issue resolved and ticket closed.', '88a90300-a0e6-41b9-be12-1ba08b1580ba'),
('c84a7c63-5c5a-4b59-8e78-194c4573d388', 'f6355cba-13c2-406f-9589-0572196c10ca', '2025-01-07 13:53:00', 'CREATION', 'Deadline adjusted for better alignment with project goals.', '8382ffbd-4e4e-4ad4-b013-7839df25e5c5'),
('c0b12ac3-9463-4327-9329-b2f2c799e2e8', '5280a377-46dc-40bc-a487-479aa2e59b37', '2025-01-07 13:11:00', 'DELETION', 'Description corrected for clarity.', '4407f89a-753c-4238-ac4b-f94a3bbc9b1c'),
('cbbd31a9-4636-4de8-9528-5a4032d58981', '328f4077-fba7-4741-954b-1087e8b4f65d', '2025-01-07 11:21:00', 'CREATION', 'Ticket deleted due to duplicate entry.', '65b48d47-c060-4023-882f-89074e921ee6'),
('0576394b-b813-4644-982c-0e08e9a3d792', '971f1a80-8540-46bb-9760-5d7bcae2fd81', '2025-01-07 08:57:00', 'CREATION', 'Ticket assigned to another team member.', 'ca46107a-e113-41e2-a523-0dac4a6d8aee'),
('cbc5d149-30e9-43a3-8488-baa24df9e1be', '762f4f19-6ded-44cb-9f97-9ef741df6d9b', '2025-01-07 08:02:00', 'DELETION', 'Ticket deleted due to duplicate entry.', '3e75fda5-df43-4d84-93f5-d590cd9830a0'),
('178a5a22-f24e-41e7-a7e4-ae71cd469577', '43f70428-9130-4585-b9c9-f99c017559a5', '2025-01-07 08:28:00', 'UPDATE', 'Comment added: Client requested faster response time.', '78f125b1-29c9-453c-98e3-ec2ead9bd314'),
('ab949ca8-7f0f-4683-9413-949d845338ce', '167316d6-4ae6-476f-8f50-4a70b6487947', '2025-01-07 08:55:00', 'DELETION', 'Ticket deleted due to duplicate entry.', 'd1b5007c-a1bf-4afa-a46d-5d5fdb7c79cd'),
('472dc7ca-9197-48a2-acf5-4da9797bd928', '672a11d1-24dc-4072-972e-e508abe3a048', '2025-01-07 12:48:00', 'UPDATE', 'Description corrected for clarity.', '887ffa4f-63a2-41f1-b0e8-45857bf366ed'),
('13964db5-9f48-457e-9fc4-28fbcc9621d2', '84b922a5-34aa-49fe-8abb-27b511862bae', '2025-01-07 14:37:00', 'CREATION', 'Status updated from IN_PROGRESS to ENDED.', '8fae166d-33b9-4bf8-97e8-0eb6ddb0955b'),
('a01cb22f-133d-4012-983a-5f1576f82cb8', 'bca9e463-9667-47d5-9290-0d999273c7d4', '2025-01-07 08:09:00', 'CREATION', 'Deadline adjusted for better alignment with project goals.', '14e2d59e-32d6-40a8-b1f1-bfbd93931020'),
('5c398b2b-471c-481d-b30c-4cf69cb859a6', 'd9b964f9-0ce9-4c2c-a4f7-8ca771841c79', '2025-01-07 10:56:00', 'UPDATE', 'Issue resolved and ticket closed.', 'ac5ccd32-a1da-4960-b2db-4996bf8d71b9'),
('2b095ad3-2799-43a4-833c-de9ee92a59f6', '2867dcf6-fbc2-4893-b2b3-783c1f887d52', '2025-01-07 11:46:00', 'CREATION', 'Status updated from IN_PROGRESS to ENDED.', 'e8735c6d-19ba-4f3b-850b-cdab28e58c58'),
('fdb762ee-4864-44b3-8815-b65850025ccf', '19bc1d97-b1ae-43cb-94bf-7fbd59c10cd2', '2025-01-07 13:20:00', 'CREATION', 'Ticket deleted due to duplicate entry.', '4fb60321-b245-4199-a273-d864ed4e8780'),
('3a3b045f-6cc7-470d-b2d0-499180b376f6', '0937ce1e-a435-4f6a-bad9-cb9cf70367ce', '2025-01-07 09:30:00', 'DELETION', 'Created feature request for advanced functionality.', '7d3ccf83-edc1-4d77-870a-20d15b553e60'),
('7f5b383d-b751-458b-8515-b0d9f60f1371', 'd73b9023-9d9f-435d-ab56-e03f5531676a', '2025-01-07 09:45:00', 'DELETION', 'Status updated from IN_PROGRESS to ENDED.', 'f125a170-b480-415d-9c32-e9ffaa3cf043'),
('d30aa310-eef0-4aca-94c9-149b479cd67c', '3882fe30-3907-4f7b-884e-67f4f7cfa30d', '2025-01-07 13:15:00', 'CREATION', 'New comment added regarding customer feedback.', '806bf56d-10f5-40ce-839c-1da507089623'),
('92302353-6299-4369-aa8f-2236620b520a', 'bf2a7849-7502-4ea3-a490-5e076de4d76c', '2025-01-07 11:06:00', 'CREATION', 'Description corrected for clarity.', 'a2ae6969-8dba-464a-aff0-d1d037374c0f'),
('122e756d-c258-4b9d-b90a-465c0a604e00', '7c124e85-a54b-4935-a0a0-d349a28414be', '2025-01-07 12:23:00', 'CREATION', 'Created feature request for advanced functionality.', '6e18a343-baa2-4400-a48a-bd695105ab7f'),
('6519b1bf-3ca0-473e-96a3-a9ad6edb2448', 'bb76ac3b-df7a-4cdc-985a-af6374066918', '2025-01-07 09:34:00', 'DELETION', 'Created feature request for advanced functionality.', '87694617-325d-4620-b40e-dc5581c399c5'),
('b56b0ece-2f4b-4cb2-b48c-b93ffe2b0ca5', '1bbd47c9-1094-4560-8b27-eb83e5d11bf3', '2025-01-07 11:57:00', 'CREATION', 'Ticket deleted due to duplicate entry.', 'f7b26b88-9bae-4a6f-8021-64efb6d1d45b'),
('09f7ffd0-d81e-4632-b31f-8c101892651b', '5d49f3db-f984-48aa-8abf-4808a6e4407c', '2025-01-07 16:43:00', 'UPDATE', 'Deadline adjusted for better alignment with project goals.', '037e545a-273e-4a65-9519-8dac591ca05e'),
('b67d1ee4-f161-44a5-aeb3-43a287755799', 'b9c05e65-3a0c-4897-aaa0-09ea5ff99746', '2025-01-07 16:37:00', 'DELETION', 'Description corrected for clarity.', '635626c0-2c94-4abf-b6fa-19fe7acf6a42'),
('ad494c14-eba8-424c-a1ea-773c3213d7a4', '73ad3b56-5b07-4943-ae8a-066df10fb821', '2025-01-07 09:01:00', 'UPDATE', 'Issue resolved and ticket closed.', 'c2c5f835-bede-4de2-a5ae-94f0ee6c3407'),
('05b550eb-adbb-4df5-9504-3fbd0a8dcf96', 'c3cdec0d-20a3-4dc9-bdd5-0a1254b201ea', '2025-01-07 12:52:00', 'UPDATE', 'Status updated from IN_PROGRESS to ENDED.', '4f8682d5-f44a-468b-8b83-78b6416c4f2b'),
('bf2e192e-f877-4999-8746-94237d827d5f', '44b5a41f-c52f-4d4a-9a8e-09ae853ef8f1', '2025-01-07 17:21:00', 'UPDATE', 'Status updated from IN_PROGRESS to ENDED.', 'cff54bd7-e83b-490e-aba8-7d6330c137b7'),
('c5753155-8701-4ab9-8f85-efafa0936c03', '7db4474c-63e3-416b-ad34-4365d0f537df', '2025-01-07 09:22:00', 'UPDATE', 'Issue resolved and ticket closed.', 'da0f9809-71cf-4913-bce9-6d7f5b2d6d44'),
('fddea5a7-eec3-4f51-aab8-bb23f81077ef', 'a67f5006-296f-48db-9c3f-f71464bc60e1', '2025-01-07 15:39:00', 'DELETION', 'New comment added regarding customer feedback.', '446de252-5d4a-407e-8bb7-481a26c11e21'),
('493410dc-28f0-48a6-915d-e888234e3b4b', 'ce1b7600-a2fa-45d0-b4a1-dea3980a8bde', '2025-01-07 10:02:00', 'UPDATE', 'Deadline adjusted for better alignment with project goals.', '526f6e2d-8d05-4f66-b149-17f109660cb6'),
('5bd885cb-3a9a-464e-ab25-ca67e2ef602d', 'fefe791b-4bd7-4196-b592-09c842effa43', '2025-01-07 12:47:00', 'DELETION', 'Issue resolved and ticket closed.', 'b0da8980-cf8b-4a55-a692-4f4ae45e6e92'),
('11b24bd1-7df5-4a2e-82e6-0186385e958c', 'c1a4c962-8d6b-4869-ab56-98a93e237a6d', '2025-01-07 15:44:00', 'CREATION', 'Created feature request for advanced functionality.', '022d22a1-ad43-4684-8272-d558100f6d5f'),
('35e71e10-37bf-4f8c-8179-1a3946a31082', '89ff7e64-8b94-47be-8f78-01e3f89c9b4f', '2025-01-07 11:24:00', 'UPDATE', 'Created feature request for advanced functionality.', 'ce216c39-0275-4d0c-9203-d3a09e7ade51'),
('962d89a9-988c-4dec-a912-617712721c4a', 'a9201917-579d-46cd-b6b1-687adf4f6e54', '2025-01-07 09:32:00', 'UPDATE', 'Issue resolved and ticket closed.', '7fa9b68b-80ce-4f5e-8a90-d4e4db57cbb8'),
('7818746e-34d8-4058-b599-e47b45d72358', 'c9422348-812c-4e60-816b-4dea12a13012', '2025-01-07 14:54:00', 'DELETION', 'Ticket assigned to another team member.', 'fd8c1b82-9fd1-47fb-ae98-f3f0e8762a27'),
('236db0e1-62be-4410-9888-37a372e060b0', 'e9b27db2-750e-4c45-b915-0f370cb37979', '2025-01-07 11:34:00', 'UPDATE', 'Issue resolved and ticket closed.', '9c548d22-7a2d-4c9c-b25a-aa9f6c77d549'),
('ce4d11aa-a5c2-4cfd-a9f1-3322b2ebaee1', '6559a75d-6f12-4b64-95da-0d10ff626d2f', '2025-01-07 14:01:00', 'DELETION', 'Ticket assigned to another team member.', '81e426fe-aca1-4941-9936-e3a31ec567f8'),
('866971c8-921b-40c8-bf69-6d20694c6df3', '67428791-e9d9-4936-9001-224ebaaf8a64', '2025-01-07 08:12:00', 'CREATION', 'Ticket assigned to another team member.', 'd78fbf55-a771-4e8d-b8f9-7eb1af8d1c80'),
('18fccc37-642e-4702-bb29-460983cf3023', 'b3658e5f-078c-4899-916a-94a72b6f686f', '2025-01-07 11:01:00', 'DELETION', 'Status updated from IN_PROGRESS to ENDED.', '61c24e4a-4486-4e7c-bae4-9ceae7aa668a'),
('dd58494d-64a4-42da-b63b-08de3ec95a8f', '4385ff81-4719-488c-a8cd-6b9f07bfa4d2', '2025-01-07 08:29:00', 'DELETION', 'Priority changed to HIGH due to client escalation.', '27d4dce5-42db-4405-8025-5c23b9a67a2d'),
('98811151-0ab4-4f24-b7af-34daa815bba1', '7bcc3451-7edc-4944-a322-733ffc0fce1d', '2025-01-07 16:23:00', 'CREATION', 'Issue resolved and ticket closed.', '4f468dba-2506-44f7-a27a-4d825349d738'),
('ef9067b2-56f1-4558-aff0-89749c2a41cb', '1c1f7de7-361c-4ecd-bc20-d811ac67b305', '2025-01-07 10:37:00', 'DELETION', 'Comment added: Client requested faster response time.', '88a4e4f3-1622-4dda-a8c0-efc421ae9dfa'),
('71fb8dec-5ce4-4698-a931-7ed3ea45cd6f', 'd1063214-5966-46b8-a59a-000111c6027b', '2025-01-07 14:55:00', 'CREATION', 'Created feature request for advanced functionality.', '9f0c6aa9-5632-49a2-8c6d-bfe94f04224e'),
('d9dbc7a3-2110-4b5d-8e35-cae2c58109b5', '0bd2f8d2-3a94-4fd1-9825-84a597ae8a36', '2025-01-07 08:50:00', 'DELETION', 'Ticket assigned to another team member.', 'afa77a96-2166-4db4-b327-3fe9f9cf5d7c'),
('fa14534b-283e-4ed8-8dcd-e58f00481ee4', '17e71b16-bd35-4e1c-9c48-ed8d79e7f869', '2025-01-07 09:43:00', 'UPDATE', 'Comment added: Client requested faster response time.', 'b89df274-0451-4638-be76-cfd65a0a021e'),
('1eca7f42-fa16-4405-af88-80ac958ec561', 'c7392b64-207e-45df-ac06-9ab84cec4303', '2025-01-07 16:32:00', 'UPDATE', 'Created feature request for advanced functionality.', 'bc68f758-fc66-4b01-85b5-9da9e8953e44'),
('5caddc4e-3535-4766-98c9-8cd7c020d5b3', 'a226c348-6299-446d-834a-695006d84a66', '2025-01-07 08:23:00', 'DELETION', 'Created feature request for advanced functionality.', 'aa0aceaa-57c5-4496-9c38-d404b13a40b1'),
('aa305328-8f2c-4932-a3af-51b59558048f', '2a88f324-b9df-4778-82b5-2e352c97f330', '2025-01-07 11:23:00', 'DELETION', 'Comment added: Client requested faster response time.', '55668095-f677-4e21-83b7-ce8784946247'),
('f15c11f4-7b13-482e-8fd5-8456dd8a426b', 'd1f06c24-9bf0-4e02-8e33-09332cdbb127', '2025-01-07 13:59:00', 'CREATION', 'Created feature request for advanced functionality.', '66ed8a89-c823-4821-9589-859c7ebe8ad2'),
('ced9bbfc-8f64-4100-b083-e5dbd2fe2f80', 'e81bb043-5b6b-4f43-94ea-cca89ae22c32', '2025-01-07 15:26:00', 'CREATION', 'Description corrected for clarity.', 'f972326e-401c-44ce-bf20-346fbd96222f'),
('bc7cf51b-1bf0-4156-84d2-0de4a6d182e3', 'ec589d72-ed2e-4bb4-9113-178d1ccd91f4', '2025-01-07 09:00:00', 'DELETION', 'Status updated from IN_PROGRESS to ENDED.', 'ae512b71-e1a3-4b40-bf92-917801b3e902'),
('8f1c21fe-1ac8-4d3b-a435-5880cc847fc6', '724481c5-9ea6-4bd2-b2c1-ed9d81fcd263', '2025-01-07 16:43:00', 'DELETION', 'New comment added regarding customer feedback.', 'adf11883-da54-4ddf-a548-4ba12604033b'),
('3eda4d98-917d-4c60-835b-e16c796ccbeb', '310efa17-a148-42a4-b621-cc325b9157b1', '2025-01-07 16:40:00', 'DELETION', 'Ticket assigned to another team member.', '1f152489-da9b-4832-80b2-7c6329be6303'),
('e74483f1-ea7f-4fbf-b765-b9a9ec2e72f3', 'bf436eeb-0a74-460d-9d69-e7a73ea84549', '2025-01-07 17:54:00', 'DELETION', 'New comment added regarding customer feedback.', 'cd74daea-7c0e-4e41-bb8f-b49ade29bec3'),
('7a70e716-db90-40e5-9bc4-f4d5e134d924', '8f673627-7d11-4b0d-b115-60b15a45bf5b', '2025-01-07 11:07:00', 'CREATION', 'Description corrected for clarity.', '2e93b113-45b7-48e9-b565-1609aa963305'),
('e6a9ce4f-06fa-4979-afaa-7aab93c66057', '54a871b3-1748-4022-9841-ec6e2ea5a364', '2025-01-07 11:10:00', 'CREATION', 'Comment added: Client requested faster response time.', 'd41b60e4-2bc0-4eeb-b132-3f958a9c2330'),
('cae80480-e7dc-408a-a292-3a00b0f853ec', 'ffcd21f4-9661-46da-aac1-704fbdaac7a4', '2025-01-07 09:30:00', 'CREATION', 'Ticket assigned to another team member.', '9e27ba0d-6006-4489-b40a-16fb8ac36ae6'),
('97d0a5ac-eaa2-435d-9db8-dd367a2e0a03', '6fa1b4ed-a3e0-425b-95bc-347efc54d48c', '2025-01-07 14:18:00', 'DELETION', 'Status updated from IN_PROGRESS to ENDED.', 'c8185919-219a-48ea-854e-8db9d4e92a88'),
('a8fbe856-ee99-4634-a244-fd71905fefa8', 'a35d2c30-4c33-446c-864c-db245fe55856', '2025-01-07 11:58:00', 'CREATION', 'Description corrected for clarity.', '6f53dac5-e547-48d4-932c-2efb9770746e'),
('db567bba-c160-4591-9db6-0d7bc70f7e05', '29e4b6f4-f1c1-4d8b-997c-1a5c71dacf9a', '2025-01-07 14:09:00', 'UPDATE', 'Priority changed to HIGH due to client escalation.', 'a33ab7e9-961a-46c2-b832-26225c393335'),
('aa070771-bea2-480e-ab5e-5e2253047d20', 'e0698d9b-4b3c-47eb-8c73-960d4b4278ec', '2025-01-07 09:56:00', 'CREATION', 'Priority changed to HIGH due to client escalation.', 'e4b4c683-c067-4fa7-82f1-60e448d59afe'),
('d99a11d0-dba3-4456-ab33-1f3a844ae35f', '4f2ab895-4562-43f9-9cbd-cb79e749488b', '2025-01-07 17:32:00', 'UPDATE', 'New comment added regarding customer feedback.', '594a8d3f-53a4-4c1f-a514-71422b837b5b'),
('69f6703e-dee3-440f-8ded-64da98935dc8', 'ca8c107f-939a-46df-aac8-4625003a3679', '2025-01-07 11:20:00', 'CREATION', 'Description corrected for clarity.', '2b224bde-1d85-4f2b-9aea-6092ba676f77'),
('6f38e295-b88e-4d22-a50f-7fa83ea9d215', 'efc21854-ff30-4805-b9f9-e3f2caf70e8f', '2025-01-07 17:30:00', 'DELETION', 'Deadline adjusted for better alignment with project goals.', 'f06c7141-c628-406a-b9f2-ff022831e2a6'),
('bde296f4-8726-4aea-96b2-e0d74adbcb39', 'c66e6aa8-e3e2-42d4-ad08-861aa96fd0be', '2025-01-07 10:31:00', 'CREATION', 'Comment added: Client requested faster response time.', '2e7311b6-7d07-4073-bde0-9c40f0fe8557'),
('dcd26f27-38fe-46aa-8051-0f3661da2262', '61b924f9-7c18-4a02-b6a9-1ce74df13455', '2025-01-07 12:56:00', 'DELETION', 'Status updated from IN_PROGRESS to ENDED.', 'f619e28f-a0ed-4849-b389-6ded157ad901'),
('b10e2f92-e21d-41d4-8357-db5365f1577c', 'f3b3ba05-51c6-4a47-b0ba-59338b2bcb92', '2025-01-07 13:30:00', 'DELETION', 'Status updated from IN_PROGRESS to ENDED.', '979535d3-7cac-4827-891d-3357bf3aa6c7'),
('1d6d6775-6183-4e86-9620-e09d4365777d', 'e96cf697-2d92-4343-af1b-bd3fe41345f7', '2025-01-07 12:29:00', 'DELETION', 'Created feature request for advanced functionality.', '875886d5-d4eb-4362-96fb-206beec6ddad'),
('dc7aa5be-130b-4585-950a-5aa9d2a50f98', '2560e450-6513-4c36-b3bd-f99b2278fb62', '2025-01-07 14:24:00', 'DELETION', 'Priority changed to HIGH due to client escalation.', '85efc017-adf3-44c8-b4fb-6a5a8e0e72ee'),
('fd684fba-d4d2-421c-9917-c0282dedebe1', '5f76c225-d1f0-444d-a01a-d8acc80ed1a3', '2025-01-07 12:03:00', 'UPDATE', 'Status updated from IN_PROGRESS to ENDED.', '2d0bd405-bc58-4e07-a00e-2d15b8920ed6'),
('275642f1-c033-4fc9-a947-0b8da08b1398', 'c5a2494d-d5b1-4119-9c61-641a76f084c4', '2025-01-07 11:22:00', 'UPDATE', 'Created feature request for advanced functionality.', '75a204b0-f9cd-4e3d-a11c-072f5ef5abe5'),
('526f996a-7756-4998-8fc1-a01962e75d1e', 'b181c77d-68e8-4275-aed8-a69b6fbeab32', '2025-01-07 17:05:00', 'DELETION', 'Issue resolved and ticket closed.', '1fc55114-62f0-4b1d-8531-abab2ab1759f'),
('4f8619bd-2e33-406c-8b62-3cfb774505e5', '490ff633-9249-401e-adb5-e9a73108358b', '2025-01-07 11:38:00', 'UPDATE', 'Comment added: Client requested faster response time.', '52f2a2d1-4d12-4f10-95c1-abda7d5200c6'),
('c7a6166e-0fb3-40d8-aacb-ec9e84856b2b', 'aca27287-106f-4dcd-ae78-af7af6cbf6c5', '2025-01-07 10:17:00', 'UPDATE', 'Priority changed to HIGH due to client escalation.', '9866c4a1-64e1-45f8-869e-db3e1bee55de'),
('66da7ef2-e1ab-47a4-95a8-13dd6805081b', 'f8dd8c45-8bda-4d68-950f-047a4a7ed061', '2025-01-07 17:54:00', 'DELETION', 'Description corrected for clarity.', '9fd3b785-4d45-4e2e-ac46-956c83f3be0e'),
('bdd07cd1-7868-42d2-97c4-2c064005ca4f', 'a3fa57f2-84c4-4242-8271-93a857481823', '2025-01-07 08:13:00', 'CREATION', 'Status updated from IN_PROGRESS to ENDED.', 'a6315ff5-53a1-4118-b5f6-2d605e3624ae'),
('f7465898-2da2-4185-b000-e8c54f73b4fe', 'c3918cf8-7ffa-40cd-ae75-79b96dd32518', '2025-01-07 10:36:00', 'UPDATE', 'Status updated from IN_PROGRESS to ENDED.', '4ce9f3a9-6f22-48e2-8faa-2e88f17e9781'),
('97815a92-4335-4143-a98f-b16dbaa6f81a', '298f09a4-3903-4af7-8d39-bb52826557fe', '2025-01-07 17:02:00', 'DELETION', 'Comment added: Client requested faster response time.', '8c6a14b3-5b79-4287-ab85-98ca85876556'),
('df0b3735-6db3-4973-a1eb-8e7339a165a5', 'a5126b72-1a7f-4ece-ac2b-38a16af88d81', '2025-01-07 17:30:00', 'DELETION', 'Issue resolved and ticket closed.', '5678832b-d534-4e1b-8370-a20516a5db08'),
('2058c9f6-32f9-4ac5-bba1-82e8dd797539', '25b44fbd-89dd-4607-9cba-5f0996b01ef1', '2025-01-07 11:50:00', 'DELETION', 'Priority changed to HIGH due to client escalation.', '14c160c9-6cb4-4d85-8a25-b0d92469e550'),
('60ff2f91-9dcc-4f6b-8fdd-5e62b8df80d5', 'f8c8e8d3-1db6-4f8e-be6c-4c45da12d089', '2025-01-07 16:39:00', 'DELETION', 'Status updated from IN_PROGRESS to ENDED.', '36dfc032-f5e8-4ed4-a0e4-802f20a15cf9'),
('8dafb033-456a-4e4c-9c28-83c777d28029', '236d279e-7ce7-4bd8-a0c9-c25f657d1d75', '2025-01-07 13:03:00', 'UPDATE', 'Created feature request for advanced functionality.', '4f2d485c-bfeb-4d8f-adc1-c2ea2890b246'),
('b2ca69a8-aa0d-47a1-b3ee-fee855df8512', 'fd34526b-fe66-4b59-b37d-2f367d774c83', '2025-01-07 17:51:00', 'CREATION', 'Deadline adjusted for better alignment with project goals.', 'cd753433-a574-41bd-a0f1-c8c192f5f300'),
('39657b31-8ade-4326-9227-fdc4fb88325d', 'f4682755-cd13-4f5c-9d31-8064c24f7c8d', '2025-01-07 12:10:00', 'CREATION', 'Priority changed to HIGH due to client escalation.', 'aa637022-f2a0-48fe-8b8a-e73c36200391'),
('ba7a87f0-ad3d-41a8-88af-1548b91aad96', '17df6493-e15c-419b-8ecc-c2331838b3ba', '2025-01-07 09:22:00', 'CREATION', 'Created feature request for advanced functionality.', '827c700d-1bee-4c78-9672-f5955c71176c'),
('b5e52a68-87aa-4450-82b4-8ee115c2b3cc', '16e3f600-5cea-4861-8d58-3efb16ae6290', '2025-01-07 16:43:00', 'UPDATE', 'Ticket deleted due to duplicate entry.', '1af2e795-006f-4065-a185-5aa3ab95e975'),
('b4fd7f12-73ce-45cd-a952-345c4166bcf4', '4737fb53-c5a3-464c-a9c9-8d236a628d23', '2025-01-07 17:40:00', 'CREATION', 'Issue resolved and ticket closed.', 'ce589280-f0da-4515-8578-2a945da0a1be'),
('dfe209bb-31ec-4cc2-9e86-17d465047a76', '77137be5-26e1-4b0d-9b6f-ff30a0faafac', '2025-01-07 15:34:00', 'UPDATE', 'Created feature request for advanced functionality.', '984edd9b-094d-4b3a-a6cd-56a1fe77617b'),
('3de41343-9f66-4cb9-9726-8754d3e5c7e7', '411f757c-5f75-44e0-93f2-003cd5be55b2', '2025-01-07 08:06:00', 'DELETION', 'Ticket deleted due to duplicate entry.', 'c3633edb-9ddc-417c-aebc-11096fb6a5a6'),
('caf853ee-a9b0-453d-ab30-f285c300f563', 'e300d718-918b-439e-b019-e1203b48a420', '2025-01-07 15:54:00', 'DELETION', 'New comment added regarding customer feedback.', 'b88964fc-887a-45e8-88cc-86a2e4b7f3b8'),
('b1a7dce6-65fa-4dab-aee3-39148a35f742', '962671ce-b488-4c8f-9abe-9b608076a45a', '2025-01-07 09:07:00', 'CREATION', 'Created feature request for advanced functionality.', '13836555-4836-4604-a2f6-35ed29a9ac09'),
('1b50493a-83d8-40c0-aad3-31a6162ee18f', '80b2c781-5b34-4eef-825b-a7418183aec8', '2025-01-07 09:53:00', 'UPDATE', 'Deadline adjusted for better alignment with project goals.', '87ebdf12-5e8d-4172-aba4-ee88c2251060'),
('8c283642-a76b-4a58-a872-920f3783c53a', 'dd0414cd-0914-4732-b3b6-c871e7ad03b4', '2025-01-07 17:48:00', 'CREATION', 'Status updated from IN_PROGRESS to ENDED.', '53e981f0-9e4d-44d9-837b-77ae0b091faa'),
('92be7045-2ba6-49ad-8ea5-89de3057e7f5', '0d7f8498-2d2a-49a3-b05a-486c473decb4', '2025-01-07 11:22:00', 'CREATION', 'Description corrected for clarity.', '5f86ea7c-1e22-451b-ac36-4d671edda0c2'),
('7b37b7ae-a3b9-4646-b82d-b6a6b459e973', '94755b91-7bb5-4d5f-8b85-5014e8d0acf1', '2025-01-07 12:15:00', 'UPDATE', 'Deadline adjusted for better alignment with project goals.', 'f70427c8-feef-4bf7-96bc-02c2aa56f127'),
('977a3847-2f6f-4a3e-8e7e-bfe32a0e5339', '6f5fb848-153e-4eb8-9020-bb1766d0f609', '2025-01-07 10:19:00', 'DELETION', 'Ticket assigned to another team member.', 'b4c6d13a-0a40-421b-8a36-964b78bc9d0f'),
('e31fba2e-dcc6-4586-9163-dda9ca41aa3f', '6da425ff-d338-426e-a445-5ec319c236c4', '2025-01-07 12:49:00', 'DELETION', 'Deadline adjusted for better alignment with project goals.', 'f3a75103-ebff-4866-8361-eaf19a0f5b95'),
('27e8f34c-d66d-4e3f-8c2f-8824bb3f2af5', '9c67b0e4-51b2-40ea-92f7-1e8b788d33cd', '2025-01-07 14:45:00', 'CREATION', 'Created feature request for advanced functionality.', '69ac4bce-b419-4c87-bcfa-5c3c8562bf5f'),
('4d1f3b24-657c-4049-8cc3-b6e0d8d0f90a', '60fbd9de-f64a-4520-9f9a-78edc4c841cd', '2025-01-07 09:50:00', 'DELETION', 'Comment added: Client requested faster response time.', '2fd1986f-f32a-4b1a-a095-9afc523d19a0'),
('b7dc9c28-23f4-4222-8a89-d95d2173c9f4', 'c02d4d31-d5cb-4996-b497-6d9e3f25ad2b', '2025-01-07 17:15:00', 'UPDATE', 'Status updated from IN_PROGRESS to ENDED.', '91efddd0-4131-485a-ac14-a113aca48233'),
('08d5f4f8-63ea-4f68-8dbf-df9f769325cd', 'e90b9c7c-4d9a-432c-8668-657f7b8a1e1d', '2025-01-07 12:30:00', 'DELETION', 'Ticket assigned to another team member.', 'f32059ac-5a63-4f17-b83a-059c3c88eff');


CREATE TABLE IF NOT EXISTS `ticket_tasks` (
  `uuid_task` varchar(255) NOT NULL,
  `ticket` varchar(255) NOT NULL,
  `date_reminder` datetime DEFAULT NULL,
  `description` text DEFAULT NULL,
  `uuid_user` varchar(255) NOT NULL
);

INSERT INTO `ticket_tasks` (`uuid_task`, `ticket`, `date_reminder`, `description`, `uuid_user`) VALUES
('task-011', 'd4596123-df99-4553-a708-ddea7ad2cacd', '2025-01-08 13:01:00', 'Prepare a root cause analysis report for the incident.', '517516e7-4e8a-4765-91d5-ec87012e227d'),
('task-012', '57277e5f-8d86-4df3-b183-c1edafc9b756', '2025-01-08 08:28:00', 'Document the resolution steps taken for future reference.', '90ec858e-9537-484a-8bac-9f6b261964b6'),
('task-013', 'e6fb1c86-c467-4354-9f28-d1aea0e82381', '2025-01-09 14:22:00', 'Check the status of the ticket and update the client.', 'e1edf453-3921-43c3-bccc-ded818a79fdc'),
('task-014', 'a3e01194-2b80-4e0b-91e7-d1ac49aa7b1c', '2025-01-09 02:42:00', 'Document the resolution steps taken for future reference.', 'ac715e9b-07df-45d4-9a78-e544348a6341'),
('task-015', 'a0856051-e5a5-4f54-8593-d50891a3f367', '2025-01-09 07:32:00', 'Test the fix applied to the reported bug.', '88a90300-a0e6-41b9-be12-1ba08b1580ba'),
('task-016', 'f6355cba-13c2-406f-9589-0572196c10ca', '2025-01-07 13:53:00', 'Deadline adjusted for better alignment with project goals.', '8382ffbd-4e4e-4ad4-b013-7839df25e5c5'),
('task-017', '5280a377-46dc-40bc-a487-479aa2e59b37', '2025-01-09 06:23:00', 'Schedule a team meeting to discuss the feature request.', '4407f89a-753c-4238-ac4b-f94a3bbc9b1c'),
('task-018', '328f4077-fba7-4741-954b-1087e8b4f65d', '2025-01-09 02:19:00', 'Check the status of the ticket and update the client.', '65b48d47-c060-4023-882f-89074e921ee6'),
('task-019', '971f1a80-8540-46bb-9760-5d7bcae2fd81', '2025-01-09 16:24:00', 'Call the client to gather additional information on the issue.', 'ca46107a-e113-41e2-a523-0dac4a6d8aee'),
('task-020', '762f4f19-6ded-44cb-9f97-9ef741df6d9b', '2025-01-08 15:59:00', 'Schedule a team meeting to discuss the feature request.', '3e75fda5-df43-4d84-93f5-d590cd9830a0'),
('task-021', '43f70428-9130-4585-b9c9-f99c017559a5', '2025-01-08 15:09:00', 'Test the fix applied to the reported bug.', '78f125b1-29c9-453c-98e3-ec2ead9bd314'),
('task-022', '167316d6-4ae6-476f-8f50-4a70b6487947', '2025-01-08 18:31:00', 'Reassign the ticket to a more experienced support agent.', 'd1b5007c-a1bf-4afa-a46d-5d5fdb7c79cd'),
('task-023', '672a11d1-24dc-4072-972e-e508abe3a048', '2025-01-08 20:07:00', 'Check the server logs for additional details related to the reported issue.', '887ffa4f-63a2-41f1-b0e8-45857bf366ed'),
('task-024', '84b922a5-34aa-49fe-8abb-27b511862bae', '2025-01-09 04:54:00', 'Call the client to gather additional information on the issue.', '8fae166d-33b9-4bf8-97e8-0eb6ddb0955b'),
('task-025', 'bca9e463-9667-47d5-9290-0d999273c7d4', '2025-01-08 13:00:00', 'Test the fix applied to the reported bug.', '14e2d59e-32d6-40a8-b1f1-bfbd93931020'),
('task-026', 'd9b964f9-0ce9-4c2c-a4f7-8ca771841c79', '2025-01-08 09:30:00', 'Call the client to gather additional information on the issue.', 'ac5ccd32-a1da-4960-b2db-4996bf8d71b9'),
('task-027', '2867dcf6-fbc2-4893-b2b3-783c1f887d52', '2025-01-09 13:57:00', 'Document the resolution steps taken for future reference.', 'e8735c6d-19ba-4f3b-850b-cdab28e58c58'),
('task-028', '19bc1d97-b1ae-43cb-94bf-7fbd59c10cd2', '2025-01-09 10:41:00', 'Call the client to gather additional information on the issue.', '4fb60321-b245-4199-a273-d864ed4e8780'),
('task-029', '0937ce1e-a435-4f6a-bad9-cb9cf70367ce', '2025-01-09 08:28:00', 'Prepare a root cause analysis report for the incident.', '7d3ccf83-edc1-4d77-870a-20d15b553e60'),
('task-030', 'd73b9023-9d9f-435d-ab56-e03f5531676a', '2025-01-08 16:44:00', 'Reassign the ticket to a more experienced support agent.', 'f125a170-b480-415d-9c32-e9ffaa3cf043'),
('task-031', '3882fe30-3907-4f7b-884e-67f4f7cfa30d', '2025-01-09 08:17:00', 'Call the client to gather additional information on the issue.', '806bf56d-10f5-40ce-839c-1da507089623'),
('task-032', 'bf2a7849-7502-4ea3-a490-5e076de4d76c', '2025-01-08 11:01:00', 'Call the client to gather additional information on the issue.', 'a2ae6969-8dba-464a-aff0-d1d037374c0f'),
('task-033', '7c124e85-a54b-4935-a0a0-d349a28414be', '2025-01-09 11:33:00', 'Check the server logs for additional details related to the reported issue.', '6e18a343-baa2-4400-a48a-bd695105ab7f'),
('task-034', 'bb76ac3b-df7a-4cdc-985a-af6374066918', '2025-01-08 18:33:00', 'Reassign the ticket to a more experienced support agent.', '87694617-325d-4620-b40e-dc5581c399c5'),
('task-035', '1bbd47c9-1094-4560-8b27-eb83e5d11bf3', '2025-01-08 21:54:00', 'Check the server logs for additional details related to the reported issue.', 'f7b26b88-9bae-4a6f-8021-64efb6d1d45b'),
('task-036', '5d49f3db-f984-48aa-8abf-4808a6e4407c', '2025-01-09 04:24:00', 'Send a follow-up email to the client for feedback on the resolved ticket.', '037e545a-273e-4a65-9519-8dac591ca05e'),
('task-037', 'b9c05e65-3a0c-4897-aaa0-09ea5ff99746', '2025-01-08 09:50:00', 'Document the resolution steps taken for future reference.', '635626c0-2c94-4abf-b6fa-19fe7acf6a42'),
('task-038', '73ad3b56-5b07-4943-ae8a-066df10fb821', '2025-01-08 11:28:00', 'Test the fix applied to the reported bug.', 'c2c5f835-bede-4de2-a5ae-94f0ee6c3407'),
('task-039', 'c3cdec0d-20a3-4dc9-bdd5-0a1254b201ea', '2025-01-09 15:32:00', 'Prepare a root cause analysis report for the incident.', '4f8682d5-f44a-468b-8b83-78b6416c4f2b'),
('task-040', '44b5a41f-c52f-4d4a-9a8e-09ae853ef8f1', '2025-01-09 17:11:00', 'Call the client to gather additional information on the issue.', 'cff54bd7-e83b-490e-aba8-7d6330c137b7'),
('task-041', '7db4474c-63e3-416b-ad34-4365d0f537df', '2025-01-08 13:02:00', 'Call the client to gather additional information on the issue.', 'da0f9809-71cf-4913-bce9-6d7f5b2d6d44'),
('task-042', 'a67f5006-296f-48db-9c3f-f71464bc60e1', '2025-01-08 13:26:00', 'Schedule a team meeting to discuss the feature request.', '446de252-5d4a-407e-8bb7-481a26c11e21'),
('task-043', 'ce1b7600-a2fa-45d0-b4a1-dea3980a8bde', '2025-01-09 14:21:00', 'Call the client to gather additional information on the issue.', '526f6e2d-8d05-4f66-b149-17f109660cb6'),
('task-044', 'fefe791b-4bd7-4196-b592-09c842effa43', '2025-01-08 17:15:00', 'Check the status of the ticket and update the client.', 'b0da8980-cf8b-4a55-a692-4f4ae45e6e92'),
('task-045', 'c1a4c962-8d6b-4869-ab56-98a93e237a6d', '2025-01-08 14:17:00', 'Prepare a root cause analysis report for the incident.', '022d22a1-ad43-4684-8272-d558100f6d5f'),
('task-046', '89ff7e64-8b94-47be-8f78-01e3f89c9b4f', '2025-01-09 10:53:00', 'Update the client on the progress of their feature request.', 'ce216c39-0275-4d0c-9203-d3a09e7ade51'),
('task-047', 'a9201917-579d-46cd-b6b1-687adf4f6e54', '2025-01-08 08:17:00', 'Check the server logs for additional details related to the reported issue.', '7fa9b68b-80ce-4f5e-8a90-d4e4db57cbb8'),
('task-048', 'c9422348-812c-4e60-816b-4dea12a13012', '2025-01-09 15:06:00', 'Prepare a root cause analysis report for the incident.', 'fd8c1b82-9fd1-47fb-ae98-f3f0e8762a27'),
('task-049', 'e9b27db2-750e-4c45-b915-0f370cb37979', '2025-01-08 08:33:00', 'Prepare a root cause analysis report for the incident.', '9c548d22-7a2d-4c9c-b25a-aa9f6c77d549'),
('task-050', '6559a75d-6f12-4b64-95da-0d10ff626d2f', '2025-01-08 11:14:00', 'Send a follow-up email to the client for feedback on the resolved ticket.', '81e426fe-aca1-4941-9936-e3a31ec567f8'),
('task-051', '67428791-e9d9-4936-9001-224ebaaf8a64', '2025-01-09 11:50:00', 'Prepare a root cause analysis report for the incident.', 'd78fbf55-a771-4e8d-b8f9-7eb1af8d1c80'),
('task-052', 'b3658e5f-078c-4899-916a-94a72b6f686f', '2025-01-08 15:50:00', 'Update the client on the progress of their feature request.', '61c24e4a-4486-4e7c-bae4-9ceae7aa668a'),
('task-053', '4385ff81-4719-488c-a8cd-6b9f07bfa4d2', '2025-01-08 20:58:00', 'Reassign the ticket to a more experienced support agent.', '27d4dce5-42db-4405-8025-5c23b9a67a2d'),
('task-054', '7bcc3451-7edc-4944-a322-733ffc0fce1d', '2025-01-09 01:30:00', 'Check the server logs for additional details related to the reported issue.', '4f468dba-2506-44f7-a27a-4d825349d738'),
('task-055', '1c1f7de7-361c-4ecd-bc20-d811ac67b305', '2025-01-08 18:39:00', 'Check the server logs for additional details related to the reported issue.', '88a4e4f3-1622-4dda-a8c0-efc421ae9dfa'),
('task-056', 'd1063214-5966-46b8-a59a-000111c6027b', '2025-01-08 11:27:00', 'Reassign the ticket to a more experienced support agent.', '9f0c6aa9-5632-49a2-8c6d-bfe94f04224e'),
('task-057', '0bd2f8d2-3a94-4fd1-9825-84a597ae8a36', '2025-01-09 07:50:00', 'Document the resolution steps taken for future reference.', 'afa77a96-2166-4db4-b327-3fe9f9cf5d7c'),
('task-058', '17e71b16-bd35-4e1c-9c48-ed8d79e7f869', '2025-01-09 14:32:00', 'Update the client on the progress of their feature request.', 'b89df274-0451-4638-be76-cfd65a0a021e'),
('task-059', 'c7392b64-207e-45df-ac06-9ab84cec4303', '2025-01-09 05:35:00', 'Update the client on the progress of their feature request.', 'bc68f758-fc66-4b01-85b5-9da9e8953e44'),
('task-060', 'a226c348-6299-446d-834a-695006d84a66', '2025-01-09 11:47:00', 'Check the status of the ticket and update the client.', 'aa0aceaa-57c5-4496-9c38-d404b13a40b1'),
('task-061', '2a88f324-b9df-4778-82b5-2e352c97f330', '2025-01-08 19:13:00', 'Check the status of the ticket and update the client.', '55668095-f677-4e21-83b7-ce8784946247'),
('task-062', 'd1f06c24-9bf0-4e02-8e33-09332cdbb127', '2025-01-09 00:01:00', 'Send a follow-up email to the client for feedback on the resolved ticket.', '66ed8a89-c823-4821-9589-859c7ebe8ad2'),
('task-063', 'e81bb043-5b6b-4f43-94ea-cca89ae22c32', '2025-01-09 09:42:00', 'Reassign the ticket to a more experienced support agent.', 'f972326e-401c-44ce-bf20-346fbd96222f'),
('task-064', 'ec589d72-ed2e-4bb4-9113-178d1ccd91f4', '2025-01-09 10:57:00', 'Schedule a team meeting to discuss the feature request.', 'ae512b71-e1a3-4b40-bf92-917801b3e902'),
('task-065', '724481c5-9ea6-4bd2-b2c1-ed9d81fcd263', '2025-01-09 13:42:00', 'Prepare a root cause analysis report for the incident.', 'adf11883-da54-4ddf-a548-4ba12604033b'),
('task-066', '310efa17-a148-42a4-b621-cc325b9157b1', '2025-01-09 04:42:00', 'Check the server logs for additional details related to the reported issue.', '1f152489-da9b-4832-80b2-7c6329be6303'),
('task-067', 'bf436eeb-0a74-460d-9d69-e7a73ea84549', '2025-01-09 00:47:00', 'Test the fix applied to the reported bug.', 'cd74daea-7c0e-4e41-bb8f-b49ade29bec3'),
('task-068', '8f673627-7d11-4b0d-b115-60b15a45bf5b', '2025-01-09 00:41:00', 'Call the client to gather additional information on the issue.', '2e93b113-45b7-48e9-b565-1609aa963305'),
('task-069', '54a871b3-1748-4022-9841-ec6e2ea5a364', '2025-01-09 11:59:00', 'Send a follow-up email to the client for feedback on the resolved ticket.', 'd41b60e4-2bc0-4eeb-b132-3f958a9c2330'),
('task-070', 'ffcd21f4-9661-46da-aac1-704fbdaac7a4', '2025-01-09 09:22:00', 'Check the server logs for additional details related to the reported issue.', '9e27ba0d-6006-4489-b40a-16fb8ac36ae6'),
('task-071', '6fa1b4ed-a3e0-425b-95bc-347efc54d48c', '2025-01-09 04:05:00', 'Update the client on the progress of their feature request.', 'c8185919-219a-48ea-854e-8db9d4e92a88'),
('task-072', 'a35d2c30-4c33-446c-864c-db245fe55856', '2025-01-08 21:41:00', 'Send a follow-up email to the client for feedback on the resolved ticket.', '6f53dac5-e547-48d4-932c-2efb9770746e'),
('task-073', '29e4b6f4-f1c1-4d8b-997c-1a5c71dacf9a', '2025-01-08 20:12:00', 'Schedule a team meeting to discuss the feature request.', 'a33ab7e9-961a-46c2-b832-26225c393335'),
('task-074', 'e0698d9b-4b3c-47eb-8c73-960d4b4278ec', '2025-01-08 15:16:00', 'Send a follow-up email to the client for feedback on the resolved ticket.', 'e4b4c683-c067-4fa7-82f1-60e448d59afe'),
('task-075', '4f2ab895-4562-43f9-9cbd-cb79e749488b', '2025-01-08 11:38:00', 'Call the client to gather additional information on the issue.', '594a8d3f-53a4-4c1f-a514-71422b837b5b'),
('task-076', 'ca8c107f-939a-46df-aac8-4625003a3679', '2025-01-09 03:20:00', 'Check the server logs for additional details related to the reported issue.', '2b224bde-1d85-4f2b-9aea-6092ba676f77'),
('task-077', 'efc21854-ff30-4805-b9f9-e3f2caf70e8f', '2025-01-09 11:11:00', 'Test the fix applied to the reported bug.', 'f06c7141-c628-406a-b9f2-ff022831e2a6'),
('task-078', 'c66e6aa8-e3e2-42d4-ad08-861aa96fd0be', '2025-01-09 13:29:00', 'Check the status of the ticket and update the client.', '2e7311b6-7d07-4073-bde0-9c40f0fe8557'),
('task-079', '5f76c225-d1f0-444d-a01a-d8acc80ed1a3', '2025-01-09 08:07:00', 'Call the client to gather additional information on the issue.', 'f619e28f-a0ed-4849-b389-6ded157ad901'),
('task-080', 'f3b3ba05-51c6-4a47-b0ba-59338b2bcb92', '2025-01-09 15:27:00', 'Call the client to gather additional information on the issue.', '979535d3-7cac-4827-891d-3357bf3aa6c7'),
('task-081', 'e96cf697-2d92-4343-af1b-bd3fe41345f7', '2025-01-09 06:59:00', 'Reassign the ticket to a more experienced support agent.', '875886d5-d4eb-4362-96fb-206beec6ddad'),
('task-082', '2560e450-6513-4c36-b3bd-f99b2278fb62', '2025-01-08 15:14:00', 'Schedule a team meeting to discuss the feature request.', '85efc017-adf3-44c8-b4fb-6a5a8e0e72ee'),
('task-083', '5f76c225-d1f0-444d-a01a-d8acc80ed1a3', '2025-01-09 00:11:00', 'Check the server logs for additional details related to the reported issue.', '2d0bd405-bc58-4e07-a00e-2d15b8920ed6'),
('task-084', 'c5a2494d-d5b1-4119-9c61-641a76f084c4', '2025-01-08 21:03:00', 'Check the status of the ticket and update the client.', '75a204b0-f9cd-4e3d-a11c-072f5ef5abe5'),
('task-085', 'b181c77d-68e8-4275-aed8-a69b6fbeab32', '2025-01-09 05:42:00', 'Schedule a team meeting to discuss the feature request.', '1fc55114-62f0-4b1d-8531-abab2ab1759f'),
('task-086', '490ff633-9249-401e-adb5-e9a73108358b', '2025-01-09 08:04:00', 'Call the client to gather additional information on the issue.', '52f2a2d1-4d12-4f10-95c1-abda7d5200c6'),
('task-087', 'aca27287-106f-4dcd-ae78-af7af6cbf6c5', '2025-01-08 11:29:00', 'Reassign the ticket to a more experienced support agent.', '9866c4a1-64e1-45f8-869e-db3e1bee55de'),
('task-088', 'f8dd8c45-8bda-4d68-950f-047a4a7ed061', '2025-01-09 11:21:00', 'Call the client to gather additional information on the issue.', '9fd3b785-4d45-4e2e-ac46-956c83f3be0e'),
('task-089', 'a3fa57f2-84c4-4242-8271-93a857481823', '2025-01-09 05:37:00', 'Schedule a team meeting to discuss the feature request.', 'a6315ff5-53a1-4118-b5f6-2d605e3624ae'),
('task-090', 'c3918cf8-7ffa-40cd-ae75-79b96dd32518', '2025-01-09 08:50:00', 'Update the client on the progress of their feature request.', '4ce9f3a9-6f22-48e2-8faa-2e88f17e9781'),
('task-091', '298f09a4-3903-4af7-8d39-bb52826557fe', '2025-01-09 05:59:00', 'Schedule a team meeting to discuss the feature request.', '8c6a14b3-5b79-4287-ab85-98ca85876556'),
('task-092', 'a5126b72-1a7f-4ece-ac2b-38a16af88d81', '2025-01-09 09:55:00', 'Schedule a team meeting to discuss the feature request.', '5678832b-d534-4e1b-8370-a20516a5db08'),
('task-093', '25b44fbd-89dd-4607-9cba-5f0996b01ef1', '2025-01-08 08:16:00', 'Call the client to gather additional information on the issue.', '14c160c9-6cb4-4d85-8a25-b0d92469e550'),
('task-094', 'f8c8e8d3-1db6-4f8e-be6c-4c45da12d089', '2025-01-09 12:39:00', 'Update the client on the progress of their feature request.', '36dfc032-f5e8-4ed4-a0e4-802f20a15cf9'),
('task-095', '236d279e-7ce7-4bd8-a0c9-c25f657d1d75', '2025-01-08 09:53:00', 'Document the resolution steps taken for future reference.', '4f2d485c-bfeb-4d8f-adc1-c2ea2890b246'),
('task-096', 'fd34526b-fe66-4b59-b37d-2f367d774c83', '2025-01-09 02:51:00', 'Update the client on the progress of their feature request.', 'cd753433-a574-41bd-a0f1-c8c192f5f300'),
('task-097', 'f4682755-cd13-4f5c-9d31-8064c24f7c8d', '2025-01-09 07:01:00', 'Call the client to gather additional information on the issue.', 'aa637022-f2a0-48fe-8b8a-e73c36200391'),
('task-098', '17df6493-e15c-419b-8ecc-c2331838b3ba', '2025-01-08 21:41:00', 'Check the status of the ticket and update the client.', '827c700d-1bee-4c78-9672-f5955c71176c'),
('task-099', '16e3f600-5cea-4861-8d58-3efb16ae6290', '2025-01-08 10:03:00', 'Prepare a root cause analysis report for the incident.', '1af2e795-006f-4065-a185-5aa3ab95e975'),
('task-100', '4737fb53-c5a3-464c-a9c9-8d236a628d23', '2025-01-09 06:49:00', 'Document the resolution steps taken for future reference.', 'ce589280-f0da-4515-8578-2a945da0a1be'),
('task-101', '77137be5-26e1-4b0d-9b6f-ff30a0faafac', '2025-01-09 03:20:00', 'Schedule a team meeting to discuss the feature request.', '984edd9b-094d-4b3a-a6cd-56a1fe77617b'),
('task-102', '411f757c-5f75-44e0-93f2-003cd5be55b2', '2025-01-09 07:03:00', 'Reassign the ticket to a more experienced support agent.', 'c3633edb-9ddc-417c-aebc-11096fb6a5a6'),
('task-103', 'e300d718-918b-439e-b019-e1203b48a420', '2025-01-09 16:25:00', 'Update the client on the progress of their feature request.', 'b88964fc-887a-45e8-88cc-86a2e4b7f3b8'),
('task-104', '962671ce-b488-4c8f-9abe-9b608076a45a', '2025-01-08 09:58:00', 'Call the client to gather additional information on the issue.', '13836555-4836-4604-a2f6-35ed29a9ac09'),
('task-105', '80b2c781-5b34-4eef-825b-a7418183aec8', '2025-01-09 01:16:00', 'Prepare a root cause analysis report for the incident.', '87ebdf12-5e8d-4172-aba4-ee88c2251060'),
('task-106', 'dd0414cd-0914-4732-b3b6-c871e7ad03b4', '2025-01-09 01:27:00', 'Update the client on the progress of their feature request.', '53e981f0-9e4d-44d9-837b-77ae0b091faa'),
('task-107', '0d7f8498-2d2a-49a3-b05a-486c473decb4', '2025-01-09 13:35:00', 'Test the fix applied to the reported bug.', '5f86ea7c-1e22-451b-ac36-4d671edda0c2'),
('task-108', '94755b91-7bb5-4d5f-8b85-5014e8d0acf1', '2025-01-08 13:30:00', 'Update the client on the progress of their feature request.', 'f70427c8-feef-4bf7-96bc-02c2aa56f127'),
('task-109', '6f5fb848-153e-4eb8-9020-bb1766d0f609', '2025-01-08 16:47:00', 'Prepare a root cause analysis report for the incident.', 'b4c6d13a-0a40-421b-8a36-964b78bc9d0f'),
('task-110', '6da425ff-d338-426e-a445-5ec319c236c4', '2025-01-08 12:03:00', 'Send a follow-up email to the client for feedback on the resolved ticket.', 'f3a75103-ebff-4866-8361-eaf19a0f5b95'),
('task-111', '9c67b0e4-51b2-40ea-92f7-1e8b788d33cd', '2025-01-09 09:15:00', 'Review the new feature documentation and provide feedback.', '69ac4bce-b419-4c87-bcfa-5c3c8562bf5f'),
('task-112', '60fbd9de-f64a-4520-9f9a-78edc4c841cd', '2025-01-09 14:20:00', 'Test the performance of the updated application version.', '2fd1986f-f32a-4b1a-a095-9afc523d19a0'),
('task-113', 'c02d4d31-d5cb-4996-b497-6d9e3f25ad2b', '2025-01-08 10:45:00', 'Assist the client in configuring their new system setup.', '91efddd0-4131-485a-ac14-a113aca48233'),
('task-114', 'e90b9c7c-4d9a-432c-8668-657f7b8a1e1d', '2025-01-08 15:55:00', 'Compile a list of frequently reported issues for internal review.', 'f32059ac-5a63-4f17-b83a-059c3c88eff');


ALTER TABLE `tickets`
  ADD PRIMARY KEY (`uuid_ticket`);

ALTER TABLE `ticket_actions`
  ADD PRIMARY KEY (`uuid_action`);

ALTER TABLE `ticket_tasks`
  ADD PRIMARY KEY (`uuid_task`);
COMMIT;


-- Order & Transaction
CREATE TABLE IF NOT EXISTS `order` (
  `id_order` int NOT NULL AUTO_INCREMENT,
  `uuid_order` varchar(255) DEFAULT NULL,
  `date_created` datetime DEFAULT NULL,
  `date_update` datetime DEFAULT NULL,
  `status` varchar(50) DEFAULT NULL,
  `total_amount` float DEFAULT NULL,
  `id_item` int DEFAULT NULL,
  `uuid_item` varchar(255) DEFAULT NULL,
  `item_type` varchar(50) DEFAULT NULL,
  `id_user` int DEFAULT NULL,
  `uuid_user` varchar(255) DEFAULT NULL,
  `description` text,
  PRIMARY KEY (`id_order`)
);

INSERT INTO `order` VALUES
(1, 'ef4f7b2e-cce3-11ef-b916-b48c9d6df3cd', '2025-01-01 00:00:00', '2025-01-02 00:00:00', 'PENDING', 100.5, 1, '57d8722a-cdbe-11ef-bd31-9822eff265f8', 'PRODUCT', 1, '517516e7-4e8a-4765-91d5-ec87012e227d', 'iPhone 14'),
(2, 'ef4f8184-cce3-11ef-b916-b48c9d6df3cd', '2025-01-03 00:00:00', '2025-01-04 00:00:00', 'FINISHED', 250, 2, '57eca7d3-cdbe-11ef-bd31-9822eff265f8', 'PRODUCT', 2, '90ec858e-9537-484a-8bac-9f6b261964b6', 'Samsung Galaxy S23'),
(3, 'ef4f8326-cce3-11ef-b916-b48c9d6df3cd', '2025-01-05 00:00:00', '2025-01-06 00:00:00', 'CANCELLED', 75.75, 3, '57ecab48-cdbe-11ef-bd31-9822eff265f8', 'PRODUCT', 3, 'e1edf453-3921-43c3-bccc-ded818a79fdc', 'MacBook Pro 16"'),
(4, 'ef4f8568-cce3-11ef-b916-b48c9d6df3cd', '2025-01-07 00:00:00', '2025-01-08 00:00:00', 'CANCELLED', 180, 4, '57ecac2c-cdbe-11ef-bd31-9822eff265f8', 'PRODUCT', 4, 'ac715e9b-07df-45d4-9a78-e544348a6341', 'Dell XPS 15'),
(5, 'ef4f879e-cce3-11ef-b916-b48c9d6df3cd', '2025-01-09 00:00:00', '2025-01-10 00:00:00', 'CANCELLED', 300, 5, '57ecacfc-cdbe-11ef-bd31-9822eff265f8', 'PRODUCT', 5, '88a90300-a0e6-41b9-be12-1ba08b1580ba', 'AirPods Pro'),
(6, 'ef4f8ae2-cce3-11ef-b916-b48c9d6df3cd', '2025-01-11 00:00:00', '2025-01-12 00:00:00', 'PENDING', 400, 6, '4c24ca97-742f-42b5-941b-35b84ba0d4e6', 'APPARTMENT', 6, '8382ffbd-4e4e-4ad4-b013-7839df25e5c5', '103 Pine Road'),
(7, 'ef4f8d28-cce3-11ef-b916-b48c9d6df3cd', '2025-01-13 00:00:00', '2025-01-14 00:00:00', 'FINISHED', 120.9, 7, '57ecae94-cdbe-11ef-bd31-9822eff265f8', 'PRODUCT', 7, '4407f89a-753c-4238-ac4b-f94a3bbc9b1c', 'Canon EOS R6'),
(8, 'ef4f8f6a-cce3-11ef-b916-b48c9d6df3cd', '2025-01-15 00:00:00', '2025-01-16 00:00:00', 'CANCELLED', 500.5, 8, '57ecaf7d-cdbe-11ef-bd31-9822eff265f8', 'PRODUCT', 8, '65b48d47-c060-4023-882f-89074e921ee6', 'Sony WH-1000XM5'),
(9, 'ef4f91c4-cce3-11ef-b916-b48c9d6df3cd', '2025-01-17 00:00:00', '2025-01-18 00:00:00', 'PENDING', 200, 9, '57ecb04f-cdbe-11ef-bd31-9822eff265f8', 'PRODUCT', 9, 'ca46107a-e113-41e2-a523-0dac4a6d8aee', 'Mixer KitchenAid'),
(10, 'ef4f93fe-cce3-11ef-b916-b48c9d6df3cd', '2025-01-19 00:00:00', '2025-01-20 00:00:00', 'PENDING', 320.75, 10, '57ecb10f-cdbe-11ef-bd31-9822eff265f8', 'PRODUCT', 10, '3e75fda5-df43-4d84-93f5-d590cd9830a0', 'Kindle Reader'),
(11, 'dfc1fd09-0b7a-45bd-9f50-d353ea2e8652', '2025-01-21 00:00:00', '2025-01-22 00:00:00', 'FINISHED', 165.5, 11, '57ecb1cc-cdbe-11ef-bd31-9822eff265f8', 'PRODUCT', 11, '78f125b1-29c9-453c-98e3-ec2ead9bd314', 'Boardgame Monopoly'),
(12, 'a43443be-eccb-477c-81b4-a79b07c6a22b', '2025-01-23 00:00:00', '2025-01-24 00:00:00', 'CANCELLED', 176.0, 12, '57ecb299-cdbe-11ef-bd31-9822eff265f8', 'PRODUCT', 12, 'd1b5007c-a1bf-4afa-a46d-5d5fdb7c79cd', 'Lawnmower Bosch'),
(13, '915e4b91-f60d-4980-8f38-4e02d0e02d78', '2025-01-25 00:00:00', '2025-01-26 00:00:00', 'PENDING', 186.5, 13, '57ecb516-cdbe-11ef-bd31-9822eff265f8', 'PRODUCT', 13, '887ffa4f-63a2-41f1-b0e8-45857bf366ed', 'Sweat Adidas'),
(14, 'dc725f1d-5242-4e11-9f85-bad4a6f2090f', '2025-01-27 00:00:00', '2025-01-28 00:00:00', 'CANCELLED', 197.0, 14, '57ecb5db-cdbe-11ef-bd31-9822eff265f8', 'PRODUCT', 14, '8fae166d-33b9-4bf8-97e8-0eb6ddb0955b', 'Summer dress Zara'),
(15, '27117cb9-b482-43ac-9c9f-bc91feef4a63', '2025-01-29 00:00:00', '2025-01-30 00:00:00', 'PENDING', 207.5, 15, '3a51db0c-8ac7-4a89-bb3c-cd49710ec99a', 'APPARTMENT', 15,'14e2d59e-32d6-40a8-b1f1-bfbd93931020', '100 Main Street'),
(16, '361f8c50-2b99-4003-8c4b-c97abe830549', '2025-01-31 00:00:00', '2025-02-01 00:00:00', 'FINISHED', 218.0, 16, '57ecb7f6-cdbe-11ef-bd31-9822eff265f8', 'PRODUCT', 16,'ac5ccd32-a1da-4960-b2db-4996bf8d71b9', 'Desk lamp Philips'),
(17, '2a12ab01-f358-4258-ab49-77487d1a8303', '2025-02-02 00:00:00', '2025-02-03 00:00:00', 'CANCELLED', 228.5, 17, '57ecb8c3-cdbe-11ef-bd31-9822eff265f8', 'PRODUCT', 17,'e8735c6d-19ba-4f3b-850b-cdab28e58c58', 'Coffee Maker Nespresso'),
(18, '489f8bcd-7a3f-4ef9-942f-2f8d7b573675', '2025-02-04 00:00:00', '2025-02-05 00:00:00', 'PENDING', 239.0, 18, '33b2639d-2907-4eef-b42a-66b8da10f00f', 'APPARTMENT', 18,'4fb60321-b245-4199-a273-d864ed4e8780', '104 Maple Boulevard'),
(19, 'b5c8cf0a-fd59-49cd-a060-1d0727226474', '2025-02-06 00:00:00', '2025-02-07 00:00:00', 'CANCELLED', 249.5, 19, '57ecba40-cdbe-11ef-bd31-9822eff265f8', 'PRODUCT', 19,'7d3ccf83-edc1-4d77-870a-20d15b553e60', 'Multi-tools Bosch'),
(20, '28262a7b-42b4-41c9-9610-fa6e5e3c5b1f', '2025-02-08 00:00:00', '2025-02-09 00:00:00', 'PENDING', 260.0, 20, '57ecbb02-cdbe-11ef-bd31-9822eff265f8', 'PRODUCT', 20,'f125a170-b480-415d-9c32-e9ffaa3cf043', 'Backpack Herschel'),
(21, '2c6395c9-ad93-45c9-86a9-6f8a1637082a', '2025-02-10 00:00:00', '2025-02-11 00:00:00', 'FINISHED', 270.5, 21, '57ecbbc4-cdbe-11ef-bd31-9822eff265f8', 'PRODUCT', 21,'806bf56d-10f5-40ce-839c-1da507089623', 'Sunglasses Ray-Ban'),
(22, '4284cb6b-84a2-489a-942a-e2308540e4e4', '2025-02-12 00:00:00', '2025-02-13 00:00:00', 'CANCELLED', 281.0, 22, '57ecbc83-cdbe-11ef-bd31-9822eff265f8', 'PRODUCT', 22,'a2ae6969-8dba-464a-aff0-d1d037374c0f', 'Electric Bike Trek'),
(23, 'a06a8145-63f5-4509-9156-f0afb30dd767', '2025-02-14 00:00:00', '2025-02-15 00:00:00', 'PENDING', 291.5, 23, '57ecbd4b-cdbe-11ef-bd31-9822eff265f8', 'PRODUCT', 23,'6e18a343-baa2-4400-a48a-bd695105ab7f', 'Yoga matress Manduka'),
(24, 'b1a54c96-065b-44ba-b201-715a84c99d1f', '2025-02-16 00:00:00', '2025-02-17 00:00:00', 'CANCELLED', 302.0, 24, 'af22aac2-cf2e-44b6-bd9e-9dde37ad2d47', 'APPARTMENT', 24,'87694617-325d-4620-b40e-dc5581c399c5', '101 Elm Street'),
(25, '3cf09d2a-d82e-4827-9c96-988179c7c39d', '2025-02-18 00:00:00', '2025-02-19 00:00:00', 'PENDING', 312.5, 25, '57ecbf53-cdbe-11ef-bd31-9822eff265f8', 'PRODUCT', 25,'f7b26b88-9bae-4a6f-8021-64efb6d1d45b', 'Vacuum cleaner Dyson V12'),
(26, '14ff5df9-4353-48e4-82fa-53a74dec71b7', '2025-02-20 00:00:00', '2025-02-21 00:00:00', 'FINISHED', 323.0, 26, '57ecbff3-cdbe-11ef-bd31-9822eff265f8', 'PRODUCT', 26,'037e545a-273e-4a65-9519-8dac591ca05e', 'Connected watch Garmin'),
(27, '8efceda2-4cd5-44c5-bcef-1ecc3f625e1e', '2025-02-22 00:00:00', '2025-02-23 00:00:00', 'CANCELLED', 333.5, 27, '57ecc08e-cdbe-11ef-bd31-9822eff265f8', 'PRODUCT', 27,'635626c0-2c94-4abf-b6fa-19fe7acf6a42', ' VR Oculus glasses'),
(28, '6e570750-6ad3-495e-9a07-7b6a35e1d2b0', '2025-02-24 00:00:00', '2025-02-25 00:00:00', 'PENDING', 344.0, 28, '57ecc132-cdbe-11ef-bd31-9822eff265f8', 'PRODUCT', 28,'c2c5f835-bede-4de2-a5ae-94f0ee6c3407', 'Camera  Fujifilm'),
(29, '9293127c-834c-425e-a265-d147382ea8b8', '2025-02-26 00:00:00', '2025-02-27 00:00:00', 'CANCELLED', 354.5, 29, '57ecc1d3-cdbe-11ef-bd31-9822eff265f8', 'PRODUCT', 29,'4f8682d5-f44a-468b-8b83-78b6416c4f2b', 'Hiking shoes Salomon'),
(30, 'a1a09f7f-0000-4d02-ac4a-16da6065d923', '2025-02-28 00:00:00', '2025-03-01 00:00:00', 'PENDING', 365.0, 30, '57ecc270-cdbe-11ef-bd31-9822eff265f8', 'PRODUCT', 30,'cff54bd7-e83b-490e-aba8-7d6330c137b7', 'Adjustable Desk'),
(31, '2aee7775-0591-46d3-833b-b8b3d857f79e', '2025-03-02 00:00:00', '2025-03-03 00:00:00', 'FINISHED', 375.5, 31, '57ecc1d3-cdbe-11ef-bd31-9822eff265f8', 'PRODUCT', 31, 'da0f9809-71cf-4913-bce9-6d7f5b2d6d44', 'Adjustable Desk'),
(32, 'b01f537c-236f-4dfa-bccf-d92b8c17b7ec', '2025-03-04 00:00:00', '2025-03-05 00:00:00', 'CANCELLED', 386.0, 32, '57ecc270-cdbe-11ef-bd31-9822eff265f8', 'PRODUCT', 32, '446de252-5d4a-407e-8bb7-481a26c11e21', 'Gaming headset Logitech'),
(33, '4b4e336b-4413-4d05-911f-ecb7f1f69b0d', '2025-03-06 00:00:00', '2025-03-07 00:00:00', 'PENDING', 396.5, 33, '57ecc311-cdbe-11ef-bd31-9822eff265f8', 'PRODUCT', 33, '526f6e2d-8d05-4f66-b149-17f109660cb6', 'External battery Anker'),
(34, 'ab271eb6-b55e-4274-bffc-29d1d5cf5159', '2025-03-08 00:00:00', '2025-03-09 00:00:00', 'CANCELLED', 407.0, 34, '15ed7376-8c9b-4521-b9eb-f8664434cf24', 'APPARTMENT', 34, 'b0da8980-cf8b-4a55-a692-4f4ae45e6e92', '102 Oak Avenue'),
(35, 'e2cda31e-cfcd-4f85-88df-96663223eb7f', '2025-03-10 00:00:00', '2025-03-11 00:00:00', 'PENDING', 417.5, 35, '57ecc454-cdbe-11ef-bd31-9822eff265f8', 'PRODUCT', 35, '022d22a1-ad43-4684-8272-d558100f6d5f', 'Drone DJI Mini 3'),
(36, '1c985c41-8427-4253-b866-7018d994ce9c', '2025-03-12 00:00:00', '2025-03-13 00:00:00', 'FINISHED', 428.0, 36, '57ecc4ef-cdbe-11ef-bd31-9822eff265f8', 'PRODUCT', 36, 'ce216c39-0275-4d0c-9203-d3a09e7ade51', 'Security camera Arlo'),
(37, 'b539bfa5-4d15-4785-8a1a-dc31a59f66a3', '2025-03-14 00:00:00', '2025-03-15 00:00:00', 'CANCELLED', 438.5, 37, '57ecc591-cdbe-11ef-bd31-9822eff265f8', 'PRODUCT', 37, '7fa9b68b-80ce-4f5e-8a90-d4e4db57cbb8', 'Controller Xbox Series X'),
(38, '9dccceb9-3877-4ea4-bed7-5e8b2e1e7f8b', '2025-03-16 00:00:00', '2025-03-17 00:00:00', 'PENDING', 449.0, 38, '57ecc62e-cdbe-11ef-bd31-9822eff265f8', 'PRODUCT', 38, 'fd8c1b82-9fd1-47fb-ae98-f3f0e8762a27', 'Switch HDMI'),
(39, '014f5dea-c87c-455a-9a15-8442354be6b3', '2025-03-18 00:00:00', '2025-03-19 00:00:00', 'CANCELLED', 459.5, 39, '57ecc6cb-cdbe-11ef-bd31-9822eff265f8', 'PRODUCT', 39, '9c548d22-7a2d-4c9c-b25a-aa9f6c77d549', 'Netatmo Weather Station'),
(40, '6c25255d-2cb6-4b10-8ba9-7c39f77e2df9', '2025-03-20 00:00:00', '2025-03-21 00:00:00', 'PENDING', 470.0, 40, '57d8722a-cdbe-11ef-bd31-9822eff265f8', 'PRODUCT', 40, '81e426fe-aca1-4941-9936-e3a31ec567f8', 'iPhone 14'),
(41, '83c11f46-15db-4c92-89bd-ab1e85b8ac7e', '2025-03-22 00:00:00', '2025-03-23 00:00:00', 'FINISHED', 480.5, 41, '57eca7d3-cdbe-11ef-bd31-9822eff265f8', 'PRODUCT', 41, 'd78fbf55-a771-4e8d-b8f9-7eb1af8d1c80', 'Samsung Galaxy S23'),
(42, 'd8a9f88d-a555-4cdf-90ad-2f2c6d25cc11', '2025-03-24 00:00:00', '2025-03-25 00:00:00', 'CANCELLED', 491.0, 42, '57ecab48-cdbe-11ef-bd31-9822eff265f8', 'PRODUCT', 42, '61c24e4a-4486-4e7c-bae4-9ceae7aa668a', 'MacBook Pro 16"'),
(43, 'd31fc86e-be22-4907-af6e-ccc9f1a88806', '2025-03-26 00:00:00', '2025-03-27 00:00:00', 'PENDING', 501.5, 43, '57ecac2c-cdbe-11ef-bd31-9822eff265f8', 'PRODUCT', 43, '27d4dce5-42db-4405-8025-5c23b9a67a2d', 'Dell XPS 15'),
(44, '3d55695c-4f72-4cee-a075-ec6ba0579205', '2025-03-28 00:00:00', '2025-03-29 00:00:00', 'CANCELLED', 512.0, 44, '57ecacfc-cdbe-11ef-bd31-9822eff265f8', 'PRODUCT', 44, '4f468dba-2506-44f7-a27a-4d825349d738', 'AirPods Pro'),
(45, '9940866d-431f-4277-8372-572820deb6ce', '2025-03-30 00:00:00', '2025-03-31 00:00:00', 'PENDING', 522.5, 45, '57ecadc2-cdbe-11ef-bd31-9822eff265f8', 'PRODUCT', 45, '88a4e4f3-1622-4dda-a8c0-efc421ae9dfa', 'Baskets Nike Air'),
(46, '3a8bf641-c5b1-40af-b605-be79a4050a51', '2025-04-01 00:00:00', '2025-04-02 00:00:00', 'FINISHED', 533.0, 46, '57ecae94-cdbe-11ef-bd31-9822eff265f8', 'PRODUCT', 46, '9f0c6aa9-5632-49a2-8c6d-bfe94f04224e', 'Canon EOS R6'),
(47, '2621aeae-48bd-4dee-b98e-f078e71fd813', '2025-04-03 00:00:00', '2025-04-04 00:00:00', 'CANCELLED', 543.5, 47, '57ecaf7d-cdbe-11ef-bd31-9822eff265f8', 'PRODUCT', 47, '69ac4bce-b419-4c87-bcfa-5c3c8562bf5f', 'Sony WH-1000XM5'),
(48, 'f5481f41-7e3b-41a1-9d94-9137d5653b09', '2025-04-05 00:00:00', '2025-04-06 00:00:00', 'PENDING', 554.0, 48, '57ecb04f-cdbe-11ef-bd31-9822eff265f8', 'PRODUCT', 48, '2fd1986f-f32a-4b1a-a095-9afc523d19a0', 'Blender KitchenAid'),
(49, 'fcbdc2e9-8ca9-4fef-946b-f5b6318d7f61', '2025-04-07 00:00:00', '2025-04-08 00:00:00', 'CANCELLED', 564.5, 49, '57ecb10f-cdbe-11ef-bd31-9822eff265f8', 'PRODUCT', 49, '91efddd0-4131-485a-ac14-a113aca48233', 'Reader Kindle'),
(50, '7755971b-e24f-4d0c-9370-1d85f41d52af', '2025-04-09 00:00:00', '2025-04-10 00:00:00', 'PENDING', 575.0, 50, '57ecb1cc-cdbe-11ef-bd31-9822eff265f8', 'PRODUCT', 50, 'f32059ac-5a63-4f17-b83a-059c3c88eff', 'Boardgame Monopoly');

CREATE TABLE IF NOT EXISTS `transaction` (
  `id_transaction` int NOT NULL AUTO_INCREMENT,
  `uuid_transaction` varchar(255) DEFAULT NULL,
  `amount` float DEFAULT NULL,
  `payment_method` varchar(50) DEFAULT NULL,
  `id_order` int DEFAULT NULL,
  `transaction_status` varchar(50) DEFAULT NULL,
  `date_created` datetime DEFAULT NULL,
  `date_update` datetime DEFAULT NULL,
  `description` text,
  PRIMARY KEY (`id_transaction`)
);

INSERT INTO `transaction` VALUES
(1, 'f1714d93-cce3-11ef-b916-b48c9d6df3cd', 100.5, 'CARD', 1, 'SUCCESS', '2025-01-01 00:00:00', '2025-01-02 00:00:00', 'Transaction for the first order'),
(2, 'f17152ea-cce3-11ef-b916-b48c9d6df3cd', 250, 'PAYPAL', 2, 'FAILED', '2025-01-03 00:00:00', '2025-01-04 00:00:00', 'Transaction for the second order'),
(3, 'f1715454-cce3-11ef-b916-b48c9d6df3cd', 75.75, 'CASH', 3, 'PENDING', '2025-01-05 00:00:00', '2025-01-06 00:00:00', 'Transaction for the third order'),
(4, 'f17156a8-cce3-11ef-b916-b48c9d6df3cd', 180, 'CARD', 4, 'SUCCESS', '2025-01-07 00:00:00', '2025-01-08 00:00:00', 'Transaction for the fourth order'),
(5, 'f17158ec-cce3-11ef-b916-b48c9d6df3cd', 300, 'TRANSFER', 5, 'SUCCESS', '2025-01-09 00:00:00', '2025-01-10 00:00:00', 'Transaction for the fifth order'),
(6, 'f1715c3d-cce3-11ef-b916-b48c9d6df3cd', 400, 'TRANSFER', 6, 'PENDING', '2025-01-11 00:00:00', '2025-01-12 00:00:00', 'Transaction for the sixth order'),
(7, 'f1715e7f-cce3-11ef-b916-b48c9d6df3cd', 120.9, 'CARD', 7, 'SUCCESS', '2025-01-13 00:00:00', '2025-01-14 00:00:00', 'Transaction for the seventh order'),
(8, 'f17160b6-cce3-11ef-b916-b48c9d6df3cd', 500.5, 'PAYPAL', 8, 'FAILED', '2025-01-15 00:00:00', '2025-01-16 00:00:00', 'Transaction for the eighth order'),
(9, 'f17162ee-cce3-11ef-b916-b48c9d6df3cd', 200, 'CASH', 9, 'PENDING', '2025-01-17 00:00:00', '2025-01-18 00:00:00', 'Transaction for the ninth order'),
(10, 'f1716537-cce3-11ef-b916-b48c9d6df3cd', 320.75, 'CARD', 10, 'SUCCESS', '2025-01-19 00:00:00', '2025-01-20 00:00:00', 'Transaction for the tenth order'),
(11, '997a30d0-eaa7-445b-b22c-b72bde7b2e96', 163.25, 'PAYPAL', 11, 'SUCCESS', '2025-01-21 00:00:00', '2025-01-22 00:00:00', 'Transaction for order 11'),
(12, '0d73a422-6c2e-44a0-bf41-0ab38c150b7b', 169.0, 'CASH', 12, 'SUCCESS', '2025-01-23 00:00:00', '2025-01-24 00:00:00', 'Transaction for order 12'),
(13, 'ca5070d8-99a2-4976-ad02-0e774ecfe543', 174.75, 'TRANSFER', 13, 'FAILED', '2025-01-25 00:00:00', '2025-01-26 00:00:00', 'Transaction for order 13'),
(14, '6df305d7-9ca0-4f52-8d67-c37212456f16', 180.5, 'CARD', 14, 'PENDING', '2025-01-27 00:00:00', '2025-01-28 00:00:00', 'Transaction for order 14'),
(15, '60620274-72d5-48a4-a129-30abb534037f', 186.25, 'CARD', 15, 'PENDING', '2025-01-29 00:00:00', '2025-01-30 00:00:00', 'Transaction for order 15'),
(16, 'c3c48db6-040b-4a91-bb9f-24e01e56574a', 192.0, 'PAYPAL', 16, 'SUCCESS', '2025-01-31 00:00:00', '2025-02-01 00:00:00', 'Transaction for order 16'),
(17, 'b72f0de1-123c-4f02-9e71-e5287b812796', 197.75, 'CASH', 17, 'FAILED', '2025-02-02 00:00:00', '2025-02-03 00:00:00', 'Transaction for order 17'),
(18, '369ad8c1-1f5a-4a59-a7bf-9d0e62d333eb', 203.5, 'TRANSFER', 18, 'PENDING', '2025-02-04 00:00:00', '2025-02-05 00:00:00', 'Transaction for order 18'),
(19, '06807423-7082-4b6a-acea-19dd6ecfd964', 209.25, 'CARD', 19, 'PENDING', '2025-02-06 00:00:00', '2025-02-07 00:00:00', 'Transaction for order 19'),
(20, 'af1a4619-0ee6-4a6c-9ccc-23af9d72b165', 215.0, 'CARD', 20, 'SUCCESS', '2025-02-08 00:00:00', '2025-02-09 00:00:00', 'Transaction for order 20'),
(21, '11d6689f-680e-41e7-ad77-97ea292aa022', 220.75, 'PAYPAL', 21, 'FAILED', '2025-02-10 00:00:00', '2025-02-11 00:00:00', 'Transaction for order 21'),
(22, '2dbf1bad-e389-4734-8ca8-0ddcefbe7e80', 226.5, 'CASH', 22, 'PENDING', '2025-02-12 00:00:00', '2025-02-13 00:00:00', 'Transaction for order 22'),
(23, 'a6853619-5a62-47bf-9f60-22b521d43db5', 232.25, 'TRANSFER', 23, 'PENDING', '2025-02-14 00:00:00', '2025-02-15 00:00:00', 'Transaction for order 23'),
(24, '355beaf1-b79c-4e2e-a835-63df87ddbc42', 238.0, 'CARD', 24, 'SUCCESS', '2025-02-16 00:00:00', '2025-02-17 00:00:00', 'Transaction for order 24'),
(25, 'f582f8c9-de4e-423f-a87f-2a66563ea001', 243.75, 'CARD', 25, 'FAILED', '2025-02-18 00:00:00', '2025-02-19 00:00:00', 'Transaction for order 25'),
(26, '6767b95d-8ce0-4e01-b369-130a1a06699f', 249.5, 'PAYPAL', 26, 'PENDING', '2025-02-20 00:00:00', '2025-02-21 00:00:00', 'Transaction for order 26'),
(27, 'c179c061-3a7e-4975-b502-a11fe8f20161', 255.25, 'CASH', 27, 'PENDING', '2025-02-22 00:00:00', '2025-02-23 00:00:00', 'Transaction for order 27'),
(28, '2b391219-a164-46b4-956c-32f4fa8ac8a7', 261.0, 'TRANSFER', 28, 'SUCCESS', '2025-02-24 00:00:00', '2025-02-25 00:00:00', 'Transaction for order 28'),
(29, '6c2ba904-027b-46b9-b0d2-40b375ebe39f', 266.75, 'CARD', 29, 'FAILED', '2025-02-26 00:00:00', '2025-02-27 00:00:00', 'Transaction for order 29'),
(30, '8ccb26ad-0d62-4da1-9cb6-7296acf1fcad', 272.5, 'CARD', 30, 'PENDING', '2025-02-28 00:00:00', '2025-03-01 00:00:00', 'Transaction for order 30'),
(31, 'ef6905f5-62d6-4d4a-a0e8-ee7562f2600e', 278.25, 'PAYPAL', 31, 'PENDING', '2025-03-02 00:00:00', '2025-03-03 00:00:00', 'Transaction for order 31'),
(32, '2231a5d5-ba97-46c9-9e95-cce22ba28750', 284.0, 'CASH', 32, 'SUCCESS', '2025-03-04 00:00:00', '2025-03-05 00:00:00', 'Transaction for order 32'),
(33, '4802e5d7-c1ab-41f9-a258-6ccc6768b127', 289.75, 'TRANSFER', 33, 'FAILED', '2025-03-06 00:00:00', '2025-03-07 00:00:00', 'Transaction for order 33'),
(34, '69718dd0-b6c5-4c6f-b839-d2b59135274d', 295.5, 'CARD', 34, 'PENDING', '2025-03-08 00:00:00', '2025-03-09 00:00:00', 'Transaction for order 34'),
(35, '9fa59b30-e603-4d4a-a990-55f93bd732bd', 301.25, 'CARD', 35, 'PENDING', '2025-03-10 00:00:00', '2025-03-11 00:00:00', 'Transaction for order 35'),
(36, 'ebd5afc5-d22e-4ed9-893e-acf4f948f64d', 307.0, 'PAYPAL', 36, 'SUCCESS', '2025-03-12 00:00:00', '2025-03-13 00:00:00', 'Transaction for order 36'),
(37, '89b79af5-0290-43a2-ab80-6b5e6ef6ce9d', 312.75, 'CASH', 37, 'FAILED', '2025-03-14 00:00:00', '2025-03-15 00:00:00', 'Transaction for order 37'),
(38, '6817e922-2a89-40b1-a2f1-35713037f6c8', 318.5, 'TRANSFER', 38, 'PENDING', '2025-03-16 00:00:00', '2025-03-17 00:00:00', 'Transaction for order 38'),
(39, '788ad326-5ca3-4e70-bfc5-bf99022d297b', 324.25, 'CARD', 39, 'PENDING', '2025-03-18 00:00:00', '2025-03-19 00:00:00', 'Transaction for order 39'),
(40, '14b02fe3-3736-4512-ba6d-908ecd64a1d6', 330.0, 'CARD', 40, 'SUCCESS', '2025-03-20 00:00:00', '2025-03-21 00:00:00', 'Transaction for order 40'),
(41, 'f8a6b35a-6f51-4ce1-a773-27c34da41500', 335.75, 'PAYPAL', 41, 'FAILED', '2025-03-22 00:00:00', '2025-03-23 00:00:00', 'Transaction for order 41'),
(42, 'd4ab2219-d94a-416a-aa8d-1da3c40b7f25', 341.5, 'CASH', 42, 'PENDING', '2025-03-24 00:00:00', '2025-03-25 00:00:00', 'Transaction for order 42'),
(43, '2c36711d-e8cb-440c-94ad-06cdaa1a85e0', 347.25, 'TRANSFER', 43, 'PENDING', '2025-03-26 00:00:00', '2025-03-27 00:00:00', 'Transaction for order 43'),
(44, '94f3aa1d-bbe8-4102-bdb5-e0241f8a59e5', 353.0, 'CARD', 44, 'SUCCESS', '2025-03-28 00:00:00', '2025-03-29 00:00:00', 'Transaction for order 44'),
(45, '8d8f6645-a6f9-4ad6-b109-5dbe2b75951d', 358.75, 'CARD', 45, 'FAILED', '2025-03-30 00:00:00', '2025-03-31 00:00:00', 'Transaction for order 45'),
(46, 'e1e920a7-a25d-48d2-b969-710869c561ed', 364.5, 'PAYPAL', 46, 'PENDING', '2025-04-01 00:00:00', '2025-04-02 00:00:00', 'Transaction for order 46'),
(47, '69ea6d1e-03f7-4951-8107-50a5ceaa189f', 370.25, 'CASH', 47, 'PENDING', '2025-04-03 00:00:00', '2025-04-04 00:00:00', 'Transaction for order 47'),
(48, '4eb766bc-5393-477e-b57d-7aaeb54b3c2d', 376.0, 'TRANSFER', 48, 'SUCCESS', '2025-04-05 00:00:00', '2025-04-06 00:00:00', 'Transaction for order 48'),
(49, '55a29d95-a724-4be3-b530-1907c800bb3e', 381.75, 'CARD', 49, 'FAILED', '2025-04-07 00:00:00', '2025-04-08 00:00:00', 'Transaction for order 49'),
(50, 'e0aec980-33ad-4b15-a386-054ff1837d68', 387.5, 'CARD', 50, 'PENDING', '2025-04-09 00:00:00', '2025-04-10 00:00:00', 'Transaction for order 50');

-- Experience Management
drop user if exists admin@localhost;
flush privileges;

-- Créer un utilisateur avec un mot de passe
CREATE USER 'admin'@'localhost' IDENTIFIED BY '1234';
-- Accorder tous les privilèges à cet utilisateur sur la base de données
GRANT ALL PRIVILEGES ON projet.* TO 'admin'@'localhost';

-- Appliquer les changements
FLUSH PRIVILEGES;

-- Table pour les catégories de feedback
CREATE TABLE feedbackcategory (
    id INT AUTO_INCREMENT PRIMARY KEY,
    name VARCHAR(50) NOT NULL
);

-- Table pour les catégories de mémoire
CREATE TABLE memorycategory (
    id INT AUTO_INCREMENT PRIMARY KEY,
    name VARCHAR(50) NOT NULL
);

-- Table pour les types de partage
CREATE TABLE share (
    id INT AUTO_INCREMENT PRIMARY KEY,
    name VARCHAR(50) NOT NULL
);

-- Table pour les retours utilisateurs (FeedbackModel)
CREATE TABLE feedbackmodel (
    idFeedback VARCHAR(36) PRIMARY KEY,
    title VARCHAR(255) NOT NULL,
    dateCreated DATE NOT NULL,
    review TEXT,
    image VARCHAR(1000),
    category INT,
    views INT DEFAULT 0,
    dateUpdated DATE,
    idUser VARCHAR(36) NOT NULL,
    idOrder VARCHAR(36),
    bDelete BOOLEAN DEFAULT FALSE,
    FOREIGN KEY (category) REFERENCES feedbackcategory(id)
);

-- Table pour les mémoires (MemoryModel)
CREATE TABLE memorymodel (
    idMemory VARCHAR(36) PRIMARY KEY,
    title VARCHAR(255) NOT NULL,
    publicationDate DATE NOT NULL,
    category INT,
    views INT DEFAULT 0,
    image VARCHAR(1000),
    description TEXT,
    place VARCHAR(255),
    hashtag VARCHAR(255),
    share INT,
    tag VARCHAR(255),
    idOrder VARCHAR(36),
    idUser VARCHAR(36) NOT NULL,
    bDelete BOOLEAN DEFAULT FALSE,
    FOREIGN KEY (category) REFERENCES memorycategory(id),
    FOREIGN KEY (share) REFERENCES share(id)
);


-- Ajout de catégories de feedback
INSERT INTO feedbackcategory (name) VALUES
('Product Feedback'),
('Service Feedback'),
('Website Feedback'),
('Other');

-- Ajout de catégories de mémoire
INSERT INTO memorycategory (name) VALUES
('Personal'),
('Work'),
('Travel'),
('Event');

-- Ajout de types de partage
INSERT INTO share (name) VALUES
('Public'),
('Private'),
('Friends Only');

-- Ajout d'exemples de retours utilisateurs (FeedbackModel)
INSERT INTO feedbackmodel (idFeedback, title, dateCreated, review, image, category, views, dateUpdated, idUser, idOrder, bDelete) VALUES
(UUID(), 'Great Service', '2025-01-01', 'The service was excellent.', 'https://s1.qwant.com/thumbr/474x276/9/8/c42c230a8bc020f6310ae4b71c4c42022da991609537a1becc97473f58b9f2/th.jpg?u=https%3A%2F%2Ftse.mm.bing.net%2Fth%3Fid%3DOIP.JBgkfc58cJpGJH5q4IJykwHaEU%26pid%3DApi&q=0&b=1&p=0&a=0<separationlienimage>https://s2.qwant.com/thumbr/474x289/6/e/e25850329c7b4278eed1d4cc58a85426d9871067537241e63027680c04e37a/th.jpg?u=https%3A%2F%2Ftse.mm.bing.net%2Fth%3Fid%3DOIP.NXaAFLYF5XF8b7z5t_FlTAHaEh%26pid%3DApi&q=0&b=1&p=0&a=0', 1, 100, '2025-01-02', '517516e7-4e8a-4765-91d5-ec87012e227d', 'order1', FALSE),
(UUID(), 'Website Issue', '2025-01-03', 'The website is slow.', 'https://s2.qwant.com/thumbr/474x320/c/f/492094b9800aadbb702e7141b3b2bd9ac895335fdecd85886c262cd8895697/th.jpg?u=https%3A%2F%2Ftse.mm.bing.net%2Fth%3Fid%3DOIP.8WATDTFnBgfmtq_UW8ETYwHaFA%26pid%3DApi&q=0&b=1&p=0&a=0', 3, 50, '2025-01-04', '90ec858e-9537-484a-8bac-9f6b261964b6', 'order2', FALSE),
(UUID(), 'Product Feedback', '2025-01-05', 'The product quality is great.', 'https://s1.qwant.com/thumbr/474x231/9/1/8db3257d1994550b4bc14c7dc351c9f528b873c528dea9e9daf3f168673a74/th.jpg?u=https%3A%2F%2Ftse.mm.bing.net%2Fth%3Fid%3DOIP.VfbXmyDPxrOphpKFAA6ffQHaDn%26pid%3DApi&q=0&b=1&p=0&a=0', 1, 30, '2025-01-06', 'e1edf453-3921-43c3-bccc-ded818a79fdc', 'order3', FALSE),
(UUID(), 'Delivery Delay', '2025-01-07', 'Delivery took longer than expected.', 'https://s1.qwant.com/thumbr/474x474/1/b/834f8d5dc554a0709a3f70e7cad34f1e558cc8d1f77013cae6c0e299d47128/th.jpg?u=https%3A%2F%2Ftse.mm.bing.net%2Fth%3Fid%3DOIP.k-AT3sq6P5ypGdIemTXt0wHaHa%26pid%3DApi&q=0&b=1&p=0&a=0', 2, 80, '2025-01-08', 'ac715e9b-07df-45d4-9a78-e544348a6341', 'order4', FALSE),
(UUID(), 'Amazing Support', '2025-01-09', 'Customer support was very helpful.', 'https://s2.qwant.com/thumbr/474x341/7/2/b7edd8f78ecec8c89c2cd0c19a32705c2c1bd51677573f0649d0979d930222/th.jpg?u=https%3A%2F%2Ftse.mm.bing.net%2Fth%3Fid%3DOIP.oiw7JubpqPk1edbTbUHp5gHaFV%26pid%3DApi&q=0&b=1&p=0&a=0<separationlienimage>https://s2.qwant.com/thumbr/474x252/f/c/cddbc80f7d93e3cdd3d8f3985249028886064b638f856da42caa850f44482d/th.jpg?u=https%3A%2F%2Ftse.mm.bing.net%2Fth%3Fid%3DOIP.mmp1qvh2tivUtaX5TdIMgQHaD8%26pid%3DApi&q=0&b=1&p=0&a=0<separationlienimage>https://s1.qwant.com/thumbr/474x316/b/4/b5a50410c5341f73ca5a18ab9254b3d167eda3c310c9b63f906450bd79ad96/th.jpg?u=https%3A%2F%2Ftse.mm.bing.net%2Fth%3Fid%3DOIP.wqMaXZwODC-ut6CID30aJwHaE8%26pid%3DApi&q=0&b=1&p=0&a=0', 1, 120, '2025-01-10', '88a90300-a0e6-41b9-be12-1ba08b1580ba', 'order5', FALSE),
(UUID(), 'Poor Packaging', '2025-01-11', 'The packaging was damaged.', 'https://s2.qwant.com/thumbr/474x247/f/5/3da5c73521335607a3b8065126ecc48ff5f83cdf9c8a43dfd217bf0cb24f35/th.jpg?u=https%3A%2F%2Ftse.mm.bing.net%2Fth%3Fid%3DOIP.ByJeIa8hbgdnPl60XKNBvAHaD3%26pid%3DApi&q=0&b=1&p=0&a=0', 2, 40, '2025-01-12', '8382ffbd-4e4e-4ad4-b013-7839df25e5c5', 'order6', FALSE),
(UUID(), 'Excellent App', '2025-01-13', 'The app is user-friendly and intuitive.', 'https://s2.qwant.com/thumbr/474x474/6/4/7645c36f1e457c51dcb1a730633ce0486e7a2b67dd4801962db912c17218f0/th.jpg?u=https%3A%2F%2Ftse.mm.bing.net%2Fth%3Fid%3DOIP.hBkVif1WxxOO-qENcTrSjwAAAA%26pid%3DApi&q=0&b=1&p=0&a=0<separationlienimage>https://s1.qwant.com/thumbr/474x355/b/9/606896385399da416f2ed29fa5205e5c5127f21d04a51d885570bbc835b16f/th.jpg?u=https%3A%2F%2Ftse.mm.bing.net%2Fth%3Fid%3DOIP.JV8GEmzenqLIo4VIi2oW_gHaFj%26pid%3DApi&q=0&b=1&p=0&a=0', 3, 200, '2025-01-14', '4407f89a-753c-4238-ac4b-f94a3bbc9b1c', 'order7', FALSE),
(UUID(), 'Refund Issue', '2025-01-15', 'Refund process was complicated.', 'https://s2.qwant.com/thumbr/474x315/e/c/048b161a6243703307038f4c643af1a086e50cefc533065f9b23ab17ff35f7/th.jpg?u=https%3A%2F%2Ftse.mm.bing.net%2Fth%3Fid%3DOIP.jdDkMquF46Bd9LLubksm_QHaE7%26pid%3DApi&q=0&b=1&p=0&a=0', 4, 30, '2025-01-16', '65b48d47-c060-4023-882f-89074e921ee6', 'order8', FALSE),
(UUID(), 'Quick Delivery', '2025-01-17', 'The order was delivered quickly.', 'https://s2.qwant.com/thumbr/474x199/7/7/5f58be9f92a81e0abe7c45746311023fa7381532ff20820080ad20c0758e3c/th.jpg?u=https%3A%2F%2Ftse.mm.bing.net%2Fth%3Fid%3DOIP._CILpCrsaVEtArQLFz9XWgHaDH%26pid%3DApi&q=0&b=1&p=0&a=0', 1, 150, '2025-01-18', 'ca46107a-e113-41e2-a523-0dac4a6d8aee', 'order9', FALSE),
(UUID(), 'Misleading Product', '2025-01-19', 'The product was not as described.', 'https://s1.qwant.com/thumbr/474x276/9/8/c42c230a8bc020f6310ae4b71c4c42022da991609537a1becc97473f58b9f2/th.jpg?u=https%3A%2F%2Ftse.mm.bing.net%2Fth%3Fid%3DOIP.JBgkfc58cJpGJH5q4IJykwHaEU%26pid%3DApi&q=0&b=1&p=0&a=0<separationlienimage>https://s2.qwant.com/thumbr/474x289/6/e/e25850329c7b4278eed1d4cc58a85426d9871067537241e63027680c04e37a/th.jpg?u=https%3A%2F%2Ftse.mm.bing.net%2Fth%3Fid%3DOIP.NXaAFLYF5XF8b7z5t_FlTAHaEh%26pid%3DApi&q=0&b=1&p=0&a=0', 2, 25, '2025-01-20', '3e75fda5-df43-4d84-93f5-d590cd9830a0', 'order10', FALSE),
(UUID(), 'Easy Return Process', '2025-01-21', 'Returning the product was hassle-free.', 'https://s2.qwant.com/thumbr/474x320/c/f/492094b9800aadbb702e7141b3b2bd9ac895335fdecd85886c262cd8895697/th.jpg?u=https%3A%2F%2Ftse.mm.bing.net%2Fth%3Fid%3DOIP.8WATDTFnBgfmtq_UW8ETYwHaFA%26pid%3DApi&q=0&b=1&p=0&a=0', 1, 70, '2025-01-22', '78f125b1-29c9-453c-98e3-ec2ead9bd314', 'order11', FALSE),
(UUID(), 'High Price', '2025-01-23', 'The product is overpriced.', 'https://s2.qwant.com/thumbr/474x320/c/f/492094b9800aadbb702e7141b3b2bd9ac895335fdecd85886c262cd8895697/th.jpg?u=https%3A%2F%2Ftse.mm.bing.net%2Fth%3Fid%3DOIP.8WATDTFnBgfmtq_UW8ETYwHaFA%26pid%3DApi&q=0&b=1&p=0&a=0', 3, 60, '2025-01-24', 'd1b5007c-a1bf-4afa-a46d-5d5fdb7c79cd', 'order12', FALSE),
(UUID(), 'Good Quality', '2025-01-25', 'The product is of high quality.', 'https://s2.qwant.com/thumbr/474x320/c/f/492094b9800aadbb702e7141b3b2bd9ac895335fdecd85886c262cd8895697/th.jpg?u=https%3A%2F%2Ftse.mm.bing.net%2Fth%3Fid%3DOIP.8WATDTFnBgfmtq_UW8ETYwHaFA%26pid%3DApi&q=0&b=1&p=0&a=0', 1, 90, '2025-01-26', '887ffa4f-63a2-41f1-b0e8-45857bf366ed', 'order13', FALSE),
(UUID(), 'Bad Experience', '2025-01-27', 'The overall experience was disappointing.', 'https://s2.qwant.com/thumbr/474x320/c/f/492094b9800aadbb702e7141b3b2bd9ac895335fdecd85886c262cd8895697/th.jpg?u=https%3A%2F%2Ftse.mm.bing.net%2Fth%3Fid%3DOIP.8WATDTFnBgfmtq_UW8ETYwHaFA%26pid%3DApi&q=0&b=1&p=0&a=0', 4, 20, '2025-01-28', '8fae166d-33b9-4bf8-97e8-0eb6ddb0955b', 'order14', FALSE),
(UUID(), 'Fast Shipping', '2025-01-29', 'The shipping was very fast.', 'https://s2.qwant.com/thumbr/474x320/c/f/492094b9800aadbb702e7141b3b2bd9ac895335fdecd85886c262cd8895697/th.jpg?u=https%3A%2F%2Ftse.mm.bing.net%2Fth%3Fid%3DOIP.8WATDTFnBgfmtq_UW8ETYwHaFA%26pid%3DApi&q=0&b=1&p=0&a=0', 1, 110, '2025-01-30', '14e2d59e-32d6-40a8-b1f1-bfbd93931020', 'order15', FALSE),
(UUID(), 'Poor Service', '2025-01-31', 'The service was not up to the mark.', 'https://s2.qwant.com/thumbr/474x320/c/f/492094b9800aadbb702e7141b3b2bd9ac895335fdecd85886c262cd8895697/th.jpg?u=https%3A%2F%2Ftse.mm.bing.net%2Fth%3Fid%3DOIP.8WATDTFnBgfmtq_UW8ETYwHaFA%26pid%3DApi&q=0&b=1&p=0&a=0', 2, 55, '2025-02-01', 'ac5ccd32-a1da-4960-b2db-4996bf8d71b9', 'order16', FALSE),
(UUID(), 'Great Deal', '2025-02-02', 'Got a great deal on the product.', 'https://s2.qwant.com/thumbr/474x320/c/f/492094b9800aadbb702e7141b3b2bd9ac895335fdecd85886c262cd8895697/th.jpg?u=https%3A%2F%2Ftse.mm.bing.net%2Fth%3Fid%3DOIP.8WATDTFnBgfmtq_UW8ETYwHaFA%26pid%3DApi&q=0&b=1&p=0&a=0', 1, 130, '2025-02-03', 'e8735c6d-19ba-4f3b-850b-cdab28e58c58', 'order17', FALSE),
(UUID(), 'Incorrect Order', '2025-02-04', 'Received the wrong product.', 'https://s1.qwant.com/thumbr/474x276/9/8/c42c230a8bc020f6310ae4b71c4c42022da991609537a1becc97473f58b9f2/th.jpg?u=https%3A%2F%2Ftse.mm.bing.net%2Fth%3Fid%3DOIP.JBgkfc58cJpGJH5q4IJykwHaEU%26pid%3DApi&q=0&b=1&p=0&a=0<separationlienimage>https://s2.qwant.com/thumbr/474x289/6/e/e25850329c7b4278eed1d4cc58a85426d9871067537241e63027680c04e37a/th.jpg?u=https%3A%2F%2Ftse.mm.bing.net%2Fth%3Fid%3DOIP.NXaAFLYF5XF8b7z5t_FlTAHaEh%26pid%3DApi&q=0&b=1&p=0&a=0', 3, 45, '2025-02-05', '4fb60321-b245-4199-a273-d864ed4e8780', 'order18', FALSE),
(UUID(), 'Excellent Quality', '2025-02-06', 'The product quality is excellent.', 'https://s1.qwant.com/thumbr/474x231/9/1/8db3257d1994550b4bc14c7dc351c9f528b873c528dea9e9daf3f168673a74/th.jpg?u=https%3A%2F%2Ftse.mm.bing.net%2Fth%3Fid%3DOIP.VfbXmyDPxrOphpKFAA6ffQHaDn%26pid%3DApi&q=0&b=1&p=0&a=0', 1, 140, '2025-02-07', '7d3ccf83-edc1-4d77-870a-20d15b553e60', 'order19', FALSE),
(UUID(), 'Delayed Response', '2025-02-08', 'Customer support response was delayed.', 'https://s1.qwant.com/thumbr/474x231/9/1/8db3257d1994550b4bc14c7dc351c9f528b873c528dea9e9daf3f168673a74/th.jpg?u=https%3A%2F%2Ftse.mm.bing.net%2Fth%3Fid%3DOIP.VfbXmyDPxrOphpKFAA6ffQHaDn%26pid%3DApi&q=0&b=1&p=0&a=0', 2, 75, '2025-02-09', 'f125a170-b480-415d-9c32-e9ffaa3cf043', 'order20', FALSE),
(UUID(), 'Easy to Use', '2025-02-10', 'The product is very easy to use.', 'https://s1.qwant.com/thumbr/474x231/9/1/8db3257d1994550b4bc14c7dc351c9f528b873c528dea9e9daf3f168673a74/th.jpg?u=https%3A%2F%2Ftse.mm.bing.net%2Fth%3Fid%3DOIP.VfbXmyDPxrOphpKFAA6ffQHaDn%26pid%3DApi&q=0&b=1&p=0&a=0', 1, 105, '2025-02-11', '806bf56d-10f5-40ce-839c-1da507089623', 'order21', FALSE),
(UUID(), 'Damaged Item', '2025-02-12', 'The product arrived damaged.', 'https://s1.qwant.com/thumbr/474x231/9/1/8db3257d1994550b4bc14c7dc351c9f528b873c528dea9e9daf3f168673a74/th.jpg?u=https%3A%2F%2Ftse.mm.bing.net%2Fth%3Fid%3DOIP.VfbXmyDPxrOphpKFAA6ffQHaDn%26pid%3DApi&q=0&b=1&p=0&a=0', 4, 35, '2025-02-13', 'a2ae6969-8dba-464a-aff0-d1d037374c0f', 'order22', FALSE),
(UUID(), 'Quick Resolution', '2025-02-14', 'The issue was resolved quickly.', 'https://s1.qwant.com/thumbr/474x231/9/1/8db3257d1994550b4bc14c7dc351c9f528b873c528dea9e9daf3f168673a74/th.jpg?u=https%3A%2F%2Ftse.mm.bing.net%2Fth%3Fid%3DOIP.VfbXmyDPxrOphpKFAA6ffQHaDn%26pid%3DApi&q=0&b=1&p=0&a=0', 1, 125, '2025-02-15', '6e18a343-baa2-4400-a48a-bd695105ab7f', 'order23', FALSE),
(UUID(), 'Out of Stock', '2025-02-16', 'The product was out of stock.', 'https://s1.qwant.com/thumbr/474x231/9/1/8db3257d1994550b4bc14c7dc351c9f528b873c528dea9e9daf3f168673a74/th.jpg?u=https%3A%2F%2Ftse.mm.bing.net%2Fth%3Fid%3DOIP.VfbXmyDPxrOphpKFAA6ffQHaDn%26pid%3DApi&q=0&b=1&p=0&a=0', 3, 50, '2025-02-17', '87694617-325d-4620-b40e-dc5581c399c5', 'order24', FALSE),
(UUID(), 'Helpful Staff', '2025-02-18', 'The staff was very helpful.', 'https://s1.qwant.com/thumbr/474x231/9/1/8db3257d1994550b4bc14c7dc351c9f528b873c528dea9e9daf3f168673a74/th.jpg?u=https%3A%2F%2Ftse.mm.bing.net%2Fth%3Fid%3DOIP.VfbXmyDPxrOphpKFAA6ffQHaDn%26pid%3DApi&q=0&b=1&p=0&a=0', 1, 135, '2025-02-19', 'f7b26b88-9bae-4a6f-8021-64efb6d1d45b', 'order25', FALSE),
(UUID(), 'Incomplete Order', '2025-02-20', 'The order was incomplete.', 'https://s1.qwant.com/thumbr/474x276/9/8/c42c230a8bc020f6310ae4b71c4c42022da991609537a1becc97473f58b9f2/th.jpg?u=https%3A%2F%2Ftse.mm.bing.net%2Fth%3Fid%3DOIP.JBgkfc58cJpGJH5q4IJykwHaEU%26pid%3DApi&q=0&b=1&p=0&a=0<separationlienimage>https://s2.qwant.com/thumbr/474x289/6/e/e25850329c7b4278eed1d4cc58a85426d9871067537241e63027680c04e37a/th.jpg?u=https%3A%2F%2Ftse.mm.bing.net%2Fth%3Fid%3DOIP.NXaAFLYF5XF8b7z5t_FlTAHaEh%26pid%3DApi&q=0&b=1&p=0&a=0', 2, 65, '2025-02-21', '037e545a-273e-4a65-9519-8dac591ca05e', 'order26', FALSE),
(UUID(), 'Great Features', '2025-02-22', 'The product has great features.', 'https://s1.qwant.com/thumbr/474x231/9/1/8db3257d1994550b4bc14c7dc351c9f528b873c528dea9e9daf3f168673a74/th.jpg?u=https%3A%2F%2Ftse.mm.bing.net%2Fth%3Fid%3DOIP.VfbXmyDPxrOphpKFAA6ffQHaDn%26pid%3DApi&q=0&b=1&p=0&a=0', 1, 145, '2025-02-23', '635626c0-2c94-4abf-b6fa-19fe7acf6a42', 'order27', FALSE),
(UUID(), 'Long Wait', '2025-02-24', 'Had to wait a long time for support.', 'https://s1.qwant.com/thumbr/474x231/9/1/8db3257d1994550b4bc14c7dc351c9f528b873c528dea9e9daf3f168673a74/th.jpg?u=https%3A%2F%2Ftse.mm.bing.net%2Fth%3Fid%3DOIP.VfbXmyDPxrOphpKFAA6ffQHaDn%26pid%3DApi&q=0&b=1&p=0&a=0', 3, 40, '2025-02-25', 'c2c5f835-bede-4de2-a5ae-94f0ee6c3407', 'order28', FALSE),
(UUID(), 'Satisfied Customer', '2025-02-26', 'Very satisfied with the purchase.', 'https://s1.qwant.com/thumbr/474x231/9/1/8db3257d1994550b4bc14c7dc351c9f528b873c528dea9e9daf3f168673a74/th.jpg?u=https%3A%2F%2Ftse.mm.bing.net%2Fth%3Fid%3DOIP.VfbXmyDPxrOphpKFAA6ffQHaDn%26pid%3DApi&q=0&b=1&p=0&a=0', 1, 155, '2025-02-27', '4f8682d5-f44a-468b-8b83-78b6416c4f2b', 'order29', FALSE),
(UUID(), 'Product Defect', '2025-02-28', 'The product had a manufacturing defect.', 'https://s1.qwant.com/thumbr/474x231/9/1/8db3257d1994550b4bc14c7dc351c9f528b873c528dea9e9daf3f168673a74/th.jpg?u=https%3A%2F%2Ftse.mm.bing.net%2Fth%3Fid%3DOIP.VfbXmyDPxrOphpKFAA6ffQHaDn%26pid%3DApi&q=0&b=1&p=0&a=0', 4, 25, '2025-03-01', 'cff54bd7-e83b-490e-aba8-7d6330c137b7', 'order30', FALSE),
(UUID(), 'Prompt Service', '2025-03-02', 'The service was prompt and efficient.', 'https://s1.qwant.com/thumbr/474x231/9/1/8db3257d1994550b4bc14c7dc351c9f528b873c528dea9e9daf3f168673a74/th.jpg?u=https%3A%2F%2Ftse.mm.bing.net%2Fth%3Fid%3DOIP.VfbXmyDPxrOphpKFAA6ffQHaDn%26pid%3DApi&q=0&b=1&p=0&a=0', 1, 165, '2025-03-03', 'da0f9809-71cf-4913-bce9-6d7f5b2d6d44', 'order31', FALSE),
(UUID(), 'Complex Setup', '2025-03-04', 'The product setup was too complex.', 'https://s1.qwant.com/thumbr/474x231/9/1/8db3257d1994550b4bc14c7dc351c9f528b873c528dea9e9daf3f168673a74/th.jpg?u=https%3A%2F%2Ftse.mm.bing.net%2Fth%3Fid%3DOIP.VfbXmyDPxrOphpKFAA6ffQHaDn%26pid%3DApi&q=0&b=1&p=0&a=0', 3, 55, '2025-03-05', '446de252-5d4a-407e-8bb7-481a26c11e21', 'order32', FALSE),
(UUID(), 'Great Value', '2025-03-06', 'The product offers great value for money.', 'https://s1.qwant.com/thumbr/474x231/9/1/8db3257d1994550b4bc14c7dc351c9f528b873c528dea9e9daf3f168673a74/th.jpg?u=https%3A%2F%2Ftse.mm.bing.net%2Fth%3Fid%3DOIP.VfbXmyDPxrOphpKFAA6ffQHaDn%26pid%3DApi&q=0&b=1&p=0&a=0', 1, 175, '2025-03-07', '526f6e2d-8d05-4f66-b149-17f109660cb6', 'order33', FALSE),
(UUID(), 'Slow Response', '2025-03-08', 'Customer support was slow to respond.', 'https://s1.qwant.com/thumbr/474x276/9/8/c42c230a8bc020f6310ae4b71c4c42022da991609537a1becc97473f58b9f2/th.jpg?u=https%3A%2F%2Ftse.mm.bing.net%2Fth%3Fid%3DOIP.JBgkfc58cJpGJH5q4IJykwHaEU%26pid%3DApi&q=0&b=1&p=0&a=0<separationlienimage>https://s2.qwant.com/thumbr/474x289/6/e/e25850329c7b4278eed1d4cc58a85426d9871067537241e63027680c04e37a/th.jpg?u=https%3A%2F%2Ftse.mm.bing.net%2Fth%3Fid%3DOIP.NXaAFLYF5XF8b7z5t_FlTAHaEh%26pid%3DApi&q=0&b=1&p=0&a=0', 2, 65, '2025-03-09', 'b0da8980-cf8b-4a55-a692-4f4ae45e6e92', 'order34', FALSE),
(UUID(), 'Amazing Support', '2025-01-09', 'Customer support was very helpful.', 'https://s2.qwant.com/thumbr/474x341/7/2/b7edd8f78ecec8c89c2cd0c19a32705c2c1bd51677573f0649d0979d930222/th.jpg?u=https%3A%2F%2Ftse.mm.bing.net%2Fth%3Fid%3DOIP.oiw7JubpqPk1edbTbUHp5gHaFV%26pid%3DApi&q=0&b=1&p=0&a=0<separationlienimage>https://s2.qwant.com/thumbr/474x252/f/c/cddbc80f7d93e3cdd3d8f3985249028886064b638f856da42caa850f44482d/th.jpg?u=https%3A%2F%2Ftse.mm.bing.net%2Fth%3Fid%3DOIP.mmp1qvh2tivUtaX5TdIMgQHaD8%26pid%3DApi&q=0&b=1&p=0&a=0<separationlienimage>https://s1.qwant.com/thumbr/474x316/b/4/b5a50410c5341f73ca5a18ab9254b3d167eda3c310c9b63f906450bd79ad96/th.jpg?u=https%3A%2F%2Ftse.mm.bing.net%2Fth%3Fid%3DOIP.wqMaXZwODC-ut6CID30aJwHaE8%26pid%3DApi&q=0&b=1&p=0&a=0', 1, 185, '2025-03-11', '022d22a1-ad43-4684-8272-d558100f6d5f', 'order35', FALSE),
(UUID(), 'Amazing Support', '2025-01-09', 'Customer support was very helpful.', 'https://s2.qwant.com/thumbr/474x341/7/2/b7edd8f78ecec8c89c2cd0c19a32705c2c1bd51677573f0649d0979d930222/th.jpg?u=https%3A%2F%2Ftse.mm.bing.net%2Fth%3Fid%3DOIP.oiw7JubpqPk1edbTbUHp5gHaFV%26pid%3DApi&q=0&b=1&p=0&a=0<separationlienimage>https://s2.qwant.com/thumbr/474x252/f/c/cddbc80f7d93e3cdd3d8f3985249028886064b638f856da42caa850f44482d/th.jpg?u=https%3A%2F%2Ftse.mm.bing.net%2Fth%3Fid%3DOIP.mmp1qvh2tivUtaX5TdIMgQHaD8%26pid%3DApi&q=0&b=1&p=0&a=0<separationlienimage>https://s1.qwant.com/thumbr/474x316/b/4/b5a50410c5341f73ca5a18ab9254b3d167eda3c310c9b63f906450bd79ad96/th.jpg?u=https%3A%2F%2Ftse.mm.bing.net%2Fth%3Fid%3DOIP.wqMaXZwODC-ut6CID30aJwHaE8%26pid%3DApi&q=0&b=1&p=0&a=0', 4, 30, '2025-03-13', 'ce216c39-0275-4d0c-9203-d3a09e7ade51', 'order36', FALSE),
(UUID(), 'Amazing Support', '2025-01-09', 'Customer support was very helpful.', 'https://s2.qwant.com/thumbr/474x341/7/2/b7edd8f78ecec8c89c2cd0c19a32705c2c1bd51677573f0649d0979d930222/th.jpg?u=https%3A%2F%2Ftse.mm.bing.net%2Fth%3Fid%3DOIP.oiw7JubpqPk1edbTbUHp5gHaFV%26pid%3DApi&q=0&b=1&p=0&a=0<separationlienimage>https://s2.qwant.com/thumbr/474x252/f/c/cddbc80f7d93e3cdd3d8f3985249028886064b638f856da42caa850f44482d/th.jpg?u=https%3A%2F%2Ftse.mm.bing.net%2Fth%3Fid%3DOIP.mmp1qvh2tivUtaX5TdIMgQHaD8%26pid%3DApi&q=0&b=1&p=0&a=0<separationlienimage>https://s1.qwant.com/thumbr/474x316/b/4/b5a50410c5341f73ca5a18ab9254b3d167eda3c310c9b63f906450bd79ad96/th.jpg?u=https%3A%2F%2Ftse.mm.bing.net%2Fth%3Fid%3DOIP.wqMaXZwODC-ut6CID30aJwHaE8%26pid%3DApi&q=0&b=1&p=0&a=0', 1, 195, '2025-03-15', '7fa9b68b-80ce-4f5e-8a90-d4e4db57cbb8', 'order37', FALSE),
(UUID(), 'Amazing Support', '2025-01-09', 'Customer support was very helpful.', 'https://s2.qwant.com/thumbr/474x341/7/2/b7edd8f78ecec8c89c2cd0c19a32705c2c1bd51677573f0649d0979d930222/th.jpg?u=https%3A%2F%2Ftse.mm.bing.net%2Fth%3Fid%3DOIP.oiw7JubpqPk1edbTbUHp5gHaFV%26pid%3DApi&q=0&b=1&p=0&a=0<separationlienimage>https://s2.qwant.com/thumbr/474x252/f/c/cddbc80f7d93e3cdd3d8f3985249028886064b638f856da42caa850f44482d/th.jpg?u=https%3A%2F%2Ftse.mm.bing.net%2Fth%3Fid%3DOIP.mmp1qvh2tivUtaX5TdIMgQHaD8%26pid%3DApi&q=0&b=1&p=0&a=0<separationlienimage>https://s1.qwant.com/thumbr/474x316/b/4/b5a50410c5341f73ca5a18ab9254b3d167eda3c310c9b63f906450bd79ad96/th.jpg?u=https%3A%2F%2Ftse.mm.bing.net%2Fth%3Fid%3DOIP.wqMaXZwODC-ut6CID30aJwHaE8%26pid%3DApi&q=0&b=1&p=0&a=0', 3, 45, '2025-03-17', 'fd8c1b82-9fd1-47fb-ae98-f3f0e8762a27', 'order38', FALSE),
(UUID(), 'Amazing Support', '2025-01-09', 'Customer support was very helpful.', 'https://s2.qwant.com/thumbr/474x341/7/2/b7edd8f78ecec8c89c2cd0c19a32705c2c1bd51677573f0649d0979d930222/th.jpg?u=https%3A%2F%2Ftse.mm.bing.net%2Fth%3Fid%3DOIP.oiw7JubpqPk1edbTbUHp5gHaFV%26pid%3DApi&q=0&b=1&p=0&a=0<separationlienimage>https://s2.qwant.com/thumbr/474x252/f/c/cddbc80f7d93e3cdd3d8f3985249028886064b638f856da42caa850f44482d/th.jpg?u=https%3A%2F%2Ftse.mm.bing.net%2Fth%3Fid%3DOIP.mmp1qvh2tivUtaX5TdIMgQHaD8%26pid%3DApi&q=0&b=1&p=0&a=0<separationlienimage>https://s1.qwant.com/thumbr/474x316/b/4/b5a50410c5341f73ca5a18ab9254b3d167eda3c310c9b63f906450bd79ad96/th.jpg?u=https%3A%2F%2Ftse.mm.bing.net%2Fth%3Fid%3DOIP.wqMaXZwODC-ut6CID30aJwHaE8%26pid%3DApi&q=0&b=1&p=0&a=0', 1, 205, '2025-03-19', '9c548d22-7a2d-4c9c-b25a-aa9f6c77d549', 'order39', FALSE),
(UUID(), 'Amazing Support', '2025-01-09', 'Customer support was very helpful.', 'https://s2.qwant.com/thumbr/474x341/7/2/b7edd8f78ecec8c89c2cd0c19a32705c2c1bd51677573f0649d0979d930222/th.jpg?u=https%3A%2F%2Ftse.mm.bing.net%2Fth%3Fid%3DOIP.oiw7JubpqPk1edbTbUHp5gHaFV%26pid%3DApi&q=0&b=1&p=0&a=0<separationlienimage>https://s2.qwant.com/thumbr/474x252/f/c/cddbc80f7d93e3cdd3d8f3985249028886064b638f856da42caa850f44482d/th.jpg?u=https%3A%2F%2Ftse.mm.bing.net%2Fth%3Fid%3DOIP.mmp1qvh2tivUtaX5TdIMgQHaD8%26pid%3DApi&q=0&b=1&p=0&a=0<separationlienimage>https://s1.qwant.com/thumbr/474x316/b/4/b5a50410c5341f73ca5a18ab9254b3d167eda3c310c9b63f906450bd79ad96/th.jpg?u=https%3A%2F%2Ftse.mm.bing.net%2Fth%3Fid%3DOIP.wqMaXZwODC-ut6CID30aJwHaE8%26pid%3DApi&q=0&b=1&p=0&a=0', 2, 70, '2025-03-21', '81e426fe-aca1-4941-9936-e3a31ec567f8', 'order40', FALSE),
(UUID(), 'Amazing Support', '2025-01-09', 'Customer support was very helpful.', 'https://s2.qwant.com/thumbr/474x341/7/2/b7edd8f78ecec8c89c2cd0c19a32705c2c1bd51677573f0649d0979d930222/th.jpg?u=https%3A%2F%2Ftse.mm.bing.net%2Fth%3Fid%3DOIP.oiw7JubpqPk1edbTbUHp5gHaFV%26pid%3DApi&q=0&b=1&p=0&a=0<separationlienimage>https://s2.qwant.com/thumbr/474x252/f/c/cddbc80f7d93e3cdd3d8f3985249028886064b638f856da42caa850f44482d/th.jpg?u=https%3A%2F%2Ftse.mm.bing.net%2Fth%3Fid%3DOIP.mmp1qvh2tivUtaX5TdIMgQHaD8%26pid%3DApi&q=0&b=1&p=0&a=0<separationlienimage>https://s1.qwant.com/thumbr/474x316/b/4/b5a50410c5341f73ca5a18ab9254b3d167eda3c310c9b63f906450bd79ad96/th.jpg?u=https%3A%2F%2Ftse.mm.bing.net%2Fth%3Fid%3DOIP.wqMaXZwODC-ut6CID30aJwHaE8%26pid%3DApi&q=0&b=1&p=0&a=0', 1, 215, '2025-03-23', 'd78fbf55-a771-4e8d-b8f9-7eb1af8d1c80', 'order41', FALSE),
(UUID(), 'Missing Parts', '2025-03-24', 'Some parts were missing from the order.', 'https://s1.qwant.com/thumbr/474x276/9/8/c42c230a8bc020f6310ae4b71c4c42022da991609537a1becc97473f58b9f2/th.jpg?u=https%3A%2F%2Ftse.mm.bing.net%2Fth%3Fid%3DOIP.JBgkfc58cJpGJH5q4IJykwHaEU%26pid%3DApi&q=0&b=1&p=0&a=0<separationlienimage>https://s2.qwant.com/thumbr/474x289/6/e/e25850329c7b4278eed1d4cc58a85426d9871067537241e63027680c04e37a/th.jpg?u=https%3A%2F%2Ftse.mm.bing.net%2Fth%3Fid%3DOIP.NXaAFLYF5XF8b7z5t_FlTAHaEh%26pid%3DApi&q=0&b=1&p=0&a=0', 4, 20, '2025-03-25', '61c24e4a-4486-4e7c-bae4-9ceae7aa668a', 'order42', FALSE),
(UUID(), 'Great Experience', '2025-03-26', 'Overall, a great experience.', 'https://s2.qwant.com/thumbr/474x199/7/7/5f58be9f92a81e0abe7c45746311023fa7381532ff20820080ad20c0758e3c/th.jpg?u=https%3A%2F%2Ftse.mm.bing.net%2Fth%3Fid%3DOIP._CILpCrsaVEtArQLFz9XWgHaDH%26pid%3DApi&q=0&b=1&p=0&a=0', 1, 225, '2025-03-27', '27d4dce5-42db-4405-8025-5c23b9a67a2d', 'order43', FALSE),
(UUID(), 'Poor Instructions', '2025-03-28', 'The instructions were poor.', 'https://s2.qwant.com/thumbr/474x199/7/7/5f58be9f92a81e0abe7c45746311023fa7381532ff20820080ad20c0758e3c/th.jpg?u=https%3A%2F%2Ftse.mm.bing.net%2Fth%3Fid%3DOIP._CILpCrsaVEtArQLFz9XWgHaDH%26pid%3DApi&q=0&b=1&p=0&a=0', 3, 50, '2025-03-29', '4f468dba-2506-44f7-a27a-4d825349d738', 'order44', FALSE),
(UUID(), 'Fast Delivery', '2025-03-30', 'The delivery was very fast.', 'https://s2.qwant.com/thumbr/474x199/7/7/5f58be9f92a81e0abe7c45746311023fa7381532ff20820080ad20c0758e3c/th.jpg?u=https%3A%2F%2Ftse.mm.bing.net%2Fth%3Fid%3DOIP._CILpCrsaVEtArQLFz9XWgHaDH%26pid%3DApi&q=0&b=1&p=0&a=0', 1, 235, '2025-03-31', '88a4e4f3-1622-4dda-a8c0-efc421ae9dfa', 'order45', FALSE),
(UUID(), 'Excellent Product', '2025-04-01', 'The product is excellent.', 'https://s2.qwant.com/thumbr/474x199/7/7/5f58be9f92a81e0abe7c45746311023fa7381532ff20820080ad20c0758e3c/th.jpg?u=https%3A%2F%2Ftse.mm.bing.net%2Fth%3Fid%3DOIP._CILpCrsaVEtArQLFz9XWgHaDH%26pid%3DApi&q=0&b=1&p=0&a=0', 1, 245, '2025-04-02', '9f0c6aa9-5632-49a2-8c6d-bfe94f04224e', 'order46', FALSE),
(UUID(), 'Difficult Return', '2025-04-03', 'The return process was difficult.', 'https://s2.qwant.com/thumbr/474x199/7/7/5f58be9f92a81e0abe7c45746311023fa7381532ff20820080ad20c0758e3c/th.jpg?u=https%3A%2F%2Ftse.mm.bing.net%2Fth%3Fid%3DOIP._CILpCrsaVEtArQLFz9XWgHaDH%26pid%3DApi&q=0&b=1&p=0&a=0', 2, 60, '2025-04-04', 'afa77a96-2166-4db4-b327-3fe9f9cf5d7c', 'order47', FALSE),
(UUID(), 'Great Support', '2025-04-05', 'Customer support was very helpful.', 'https://s2.qwant.com/thumbr/474x199/7/7/5f58be9f92a81e0abe7c45746311023fa7381532ff20820080ad20c0758e3c/th.jpg?u=https%3A%2F%2Ftse.mm.bing.net%2Fth%3Fid%3DOIP._CILpCrsaVEtArQLFz9XWgHaDH%26pid%3DApi&q=0&b=1&p=0&a=0', 1, 255, '2025-04-06', 'b89df274-0451-4638-be76-cfd65a0a021e', 'order48', FALSE),
(UUID(), 'Damaged Package', '2025-04-07', 'The package arrived damaged.', 'https://s2.qwant.com/thumbr/474x199/7/7/5f58be9f92a81e0abe7c45746311023fa7381532ff20820080ad20c0758e3c/th.jpg?u=https%3A%2F%2Ftse.mm.bing.net%2Fth%3Fid%3DOIP._CILpCrsaVEtArQLFz9XWgHaDH%26pid%3DApi&q=0&b=1&p=0&a=0', 4, 35, '2025-04-08', 'bc68f758-fc66-4b01-85b5-9da9e8953e44', 'order49', FALSE),
(UUID(), 'Quick Service', '2025-04-09', 'The service was quick and efficient.', 'https://s2.qwant.com/thumbr/474x199/7/7/5f58be9f92a81e0abe7c45746311023fa7381532ff20820080ad20c0758e3c/th.jpg?u=https%3A%2F%2Ftse.mm.bing.net%2Fth%3Fid%3DOIP._CILpCrsaVEtArQLFz9XWgHaDH%26pid%3DApi&q=0&b=1&p=0&a=0', 1, 265, '2025-04-10', 'aa0aceaa-57c5-4496-9c38-d404b13a40b1', 'order50', FALSE),
(UUID(), 'Great Service', '2025-04-11', 'The service was excellent.', 'https://s2.qwant.com/thumbr/474x315/e/f/7395098a929792583a78feb22e554f9ba3208d73a21c900bce5a3477b0844a/th.jpg?u=https%3A%2F%2Ftse.mm.bing.net%2Fth%3Fid%3DOIP.xFUf7lgBibAAH3AGhubkgwHaE7%26pid%3DApi&q=0&b=1&p=0&a=0', 1, 100, '2025-04-12', '55668095-f677-4e21-83b7-ce8784946247', 'order51', FALSE),
(UUID(), 'Website Issue', '2025-04-13', 'The website is slow.', 'https://s2.qwant.com/thumbr/474x314/c/4/707e0fee791269ef2e681dab3d74cb76e4d49678a7ea0530262ad1e1c25b65/th.jpg?u=https%3A%2F%2Ftse.mm.bing.net%2Fth%3Fid%3DOIP.T6Ussg3u2Suxc2OBhY0UEQAAAA%26pid%3DApi&q=0&b=1&p=0&a=0', 3, 50, '2025-04-14', '66ed8a89-c823-4821-9589-859c7ebe8ad2', 'order52', FALSE),
(UUID(), 'Product Feedback', '2025-04-15', 'The product quality is great.', 'https://s2.qwant.com/thumbr/474x270/c/3/e2497aad76637bd0e10564e4725468eb97acde531cbeb1f91e3f27505236d4/th.jpg?u=https%3A%2F%2Ftse.mm.bing.net%2Fth%3Fid%3DOIP.8XHRGkRx1xfyl65sJNU_FQHaEO%26pid%3DApi&q=0&b=1&p=0&a=0', 1, 30, '2025-04-16', 'f972326e-401c-44ce-bf20-346fbd96222f', 'order53', FALSE),
(UUID(), 'Delivery Delay', '2025-04-17', 'Delivery took longer than expected.', 'https://s2.qwant.com/thumbr/474x284/e/a/508ab393b97f57ae9633c97c9479913a2f7908c3c6dca265edcc97759e24e9/th.jpg?u=https%3A%2F%2Ftse.mm.bing.net%2Fth%3Fid%3DOIP.JN28QxJvYaV58MyP9M1aoAHaEc%26pid%3DApi&q=0&b=1&p=0&a=0', 2, 80, '2025-04-18', 'ae512b71-e1a3-4b40-bf92-917801b3e902', 'order54', FALSE),
(UUID(), 'Amazing Support', '2025-04-19', 'Customer support was very helpful.', 'https://s2.qwant.com/thumbr/474x341/7/2/b7edd8f78ecec8c89c2cd0c19a32705c2c1bd51677573f0649d0979d930222/th.jpg?u=https%3A%2F%2Ftse.mm.bing.net%2Fth%3Fid%3DOIP.oiw7JubpqPk1edbTbUHp5gHaFV%26pid%3DApi&q=0&b=1&p=0&a=0<separationlienimage>https://s2.qwant.com/thumbr/474x252/f/c/cddbc80f7d93e3cdd3d8f3985249028886064b638f856da42caa850f44482d/th.jpg?u=https%3A%2F%2Ftse.mm.bing.net%2Fth%3Fid%3DOIP.mmp1qvh2tivUtaX5TdIMgQHaD8%26pid%3DApi&q=0&b=1&p=0&a=0<separationlienimage>https://s1.qwant.com/thumbr/474x316/b/4/b5a50410c5341f73ca5a18ab9254b3d167eda3c310c9b63f906450bd79ad96/th.jpg?u=https%3A%2F%2Ftse.mm.bing.net%2Fth%3Fid%3DOIP.wqMaXZwODC-ut6CID30aJwHaE8%26pid%3DApi&q=0&b=1&p=0&a=0', 1, 120, '2025-04-20', 'adf11883-da54-4ddf-a548-4ba12604033b', 'ef4f7b2e-cce3-11ef-b916-b48c9d6df3cd', FALSE),
(UUID(), 'Poor Packaging', '2025-04-21', 'The packaging was damaged.', 'https://s2.qwant.com/thumbr/474x247/f/5/3da5c73521335607a3b8065126ecc48ff5f83cdf9c8a43dfd217bf0cb24f35/th.jpg?u=https%3A%2F%2Ftse.mm.bing.net%2Fth%3Fid%3DOIP.ByJeIa8hbgdnPl60XKNBvAHaD3%26pid%3DApi&q=0&b=1&p=0&a=0', 2, 40, '2025-04-22', '1f152489-da9b-4832-80b2-7c6329be6303', 'ef4f8184-cce3-11ef-b916-b48c9d6df3cd', FALSE),
(UUID(), 'Excellent App', '2025-04-23', 'The app is user-friendly and intuitive.', 'https://s2.qwant.com/thumbr/474x474/6/4/7645c36f1e457c51dcb1a730633ce0486e7a2b67dd4801962db912c17218f0/th.jpg?u=https%3A%2F%2Ftse.mm.bing.net%2Fth%3Fid%3DOIP.hBkVif1WxxOO-qENcTrSjwAAAA%26pid%3DApi&q=0&b=1&p=0&a=0<separationlienimage>https://s1.qwant.com/thumbr/474x355/b/9/606896385399da416f2ed29fa5205e5c5127f21d04a51d885570bbc835b16f/th.jpg?u=https%3A%2F%2Ftse.mm.bing.net%2Fth%3Fid%3DOIP.JV8GEmzenqLIo4VIi2oW_gHaFj%26pid%3DApi&q=0&b=1&p=0&a=0', 3, 200, '2025-04-24', 'cd74daea-7c0e-4e41-bb8f-b49ade29bec3', 'ef4f8326-cce3-11ef-b916-b48c9d6df3cd', FALSE),
(UUID(), 'Refund Issue', '2025-04-25', 'Refund process was complicated.', 'https://s2.qwant.com/thumbr/474x315/e/c/048b161a6243703307038f4c643af1a086e50cefc533065f9b23ab17ff35f7/th.jpg?u=https%3A%2F%2Ftse.mm.bing.net%2Fth%3Fid%3DOIP.jdDkMquF46Bd9LLubksm_QHaE7%26pid%3DApi&q=0&b=1&p=0&a=0', 4, 30, '2025-04-26', '2e93b113-45b7-48e9-b565-1609aa963305', 'ef4f8568-cce3-11ef-b916-b48c9d6df3cd', FALSE),
(UUID(), 'Quick Delivery', '2025-04-27', 'The order was delivered quickly.', 'https://s2.qwant.com/thumbr/474x199/7/7/5f58be9f92a81e0abe7c45746311023fa7381532ff20820080ad20c0758e3c/th.jpg?u=https%3A%2F%2Ftse.mm.bing.net%2Fth%3Fid%3DOIP._CILpCrsaVEtArQLFz9XWgHaDH%26pid%3DApi&q=0&b=1&p=0&a=0', 1, 150, '2025-04-28', 'd41b60e4-2bc0-4eeb-b132-3f958a9c2330', 'ef4f879e-cce3-11ef-b916-b48c9d6df3cd', FALSE),
(UUID(), 'Misleading Product', '2025-04-29', 'The product was not as described.', 'https://s1.qwant.com/thumbr/474x276/9/8/c42c230a8bc020f6310ae4b71c4c42022da991609537a1becc97473f58b9f2/th.jpg?u=https%3A%2F%2Ftse.mm.bing.net%2Fth%3Fid%3DOIP.JBgkfc58cJpGJH5q4IJykwHaEU%26pid%3DApi&q=0&b=1&p=0&a=0<separationlienimage>https://s2.qwant.com/thumbr/474x289/6/e/e25850329c7b4278eed1d4cc58a85426d9871067537241e63027680c04e37a/th.jpg?u=https%3A%2F%2Ftse.mm.bing.net%2Fth%3Fid%3DOIP.NXaAFLYF5XF8b7z5t_FlTAHaEh%26pid%3DApi&q=0&b=1&p=0&a=0', 2, 25, '2025-04-30', '9e27ba0d-6006-4489-b40a-16fb8ac36ae6', 'ef4f8ae2-cce3-11ef-b916-b48c9d6df3cd', FALSE),
(UUID(), 'Easy Return Process', '2025-05-01', 'Returning the product was hassle-free.', 'https://s2.qwant.com/thumbr/474x315/e/c/048b161a6243703307038f4c643af1a086e50cefc533065f9b23ab17ff35f7/th.jpg?u=https%3A%2F%2Ftse.mm.bing.net%2Fth%3Fid%3DOIP.jdDkMquF46Bd9LLubksm_QHaE7%26pid%3DApi&q=0&b=1&p=0&a=0', 1, 70, '2025-05-02', 'c8185919-219a-48ea-854e-8db9d4e92a88', 'ef4f8d28-cce3-11ef-b916-b48c9d6df3cd', FALSE),
(UUID(), 'High Price', '2025-05-03', 'The product is overpriced.', 'https://s2.qwant.com/thumbr/474x315/e/c/048b161a6243703307038f4c643af1a086e50cefc533065f9b23ab17ff35f7/th.jpg?u=https%3A%2F%2Ftse.mm.bing.net%2Fth%3Fid%3DOIP.jdDkMquF46Bd9LLubksm_QHaE7%26pid%3DApi&q=0&b=1&p=0&a=0', 3, 60, '2025-05-04', '6f53dac5-e547-48d4-932c-2efb9770746e', 'ef4f8f6a-cce3-11ef-b916-b48c9d6df3cd', FALSE),
(UUID(), 'Good Quality', '2025-05-05', 'The product is of high quality.', 'https://s2.qwant.com/thumbr/474x315/e/c/048b161a6243703307038f4c643af1a086e50cefc533065f9b23ab17ff35f7/th.jpg?u=https%3A%2F%2Ftse.mm.bing.net%2Fth%3Fid%3DOIP.jdDkMquF46Bd9LLubksm_QHaE7%26pid%3DApi&q=0&b=1&p=0&a=0', 1, 90, '2025-05-06', 'a33ab7e9-961a-46c2-b832-26225c393335', 'ef4f91c4-cce3-11ef-b916-b48c9d6df3cd', FALSE),
(UUID(), 'Bad Experience', '2025-05-07', 'The overall experience was disappointing.', 'https://s2.qwant.com/thumbr/474x315/e/c/048b161a6243703307038f4c643af1a086e50cefc533065f9b23ab17ff35f7/th.jpg?u=https%3A%2F%2Ftse.mm.bing.net%2Fth%3Fid%3DOIP.jdDkMquF46Bd9LLubksm_QHaE7%26pid%3DApi&q=0&b=1&p=0&a=0', 4, 20, '2025-05-08', 'e4b4c683-c067-4fa7-82f1-60e448d59afe', 'ef4f93fe-cce3-11ef-b916-b48c9d6df3cd', FALSE),
(UUID(), 'Fast Shipping', '2025-05-09', 'The shipping was very fast.', 'https://s2.qwant.com/thumbr/474x315/e/c/048b161a6243703307038f4c643af1a086e50cefc533065f9b23ab17ff35f7/th.jpg?u=https%3A%2F%2Ftse.mm.bing.net%2Fth%3Fid%3DOIP.jdDkMquF46Bd9LLubksm_QHaE7%26pid%3DApi&q=0&b=1&p=0&a=0', 1, 110, '2025-05-10', '594a8d3f-53a4-4c1f-a514-71422b837b5b', 'dfc1fd09-0b7a-45bd-9f50-d353ea2e8652', FALSE),
(UUID(), 'Poor Service', '2025-05-11', 'The service was not up to the mark.', 'https://s2.qwant.com/thumbr/474x315/e/c/048b161a6243703307038f4c643af1a086e50cefc533065f9b23ab17ff35f7/th.jpg?u=https%3A%2F%2Ftse.mm.bing.net%2Fth%3Fid%3DOIP.jdDkMquF46Bd9LLubksm_QHaE7%26pid%3DApi&q=0&b=1&p=0&a=0', 2, 55, '2025-05-12', '2b224bde-1d85-4f2b-9aea-6092ba676f77', 'a43443be-eccb-477c-81b4-a79b07c6a22b', FALSE),
(UUID(), 'Great Deal', '2025-05-13', 'Got a great deal on the product.', 'https://s1.qwant.com/thumbr/474x276/9/8/c42c230a8bc020f6310ae4b71c4c42022da991609537a1becc97473f58b9f2/th.jpg?u=https%3A%2F%2Ftse.mm.bing.net%2Fth%3Fid%3DOIP.JBgkfc58cJpGJH5q4IJykwHaEU%26pid%3DApi&q=0&b=1&p=0&a=0<separationlienimage>https://s2.qwant.com/thumbr/474x289/6/e/e25850329c7b4278eed1d4cc58a85426d9871067537241e63027680c04e37a/th.jpg?u=https%3A%2F%2Ftse.mm.bing.net%2Fth%3Fid%3DOIP.NXaAFLYF5XF8b7z5t_FlTAHaEh%26pid%3DApi&q=0&b=1&p=0&a=0', 1, 130, '2025-05-14', 'f06c7141-c628-406a-b9f2-ff022831e2a6', '915e4b91-f60d-4980-8f38-4e02d0e02d78', FALSE),
(UUID(), 'Incorrect Order', '2025-05-15', 'Received the wrong product.', 'https://s1.qwant.com/thumbr/474x276/9/8/c42c230a8bc020f6310ae4b71c4c42022da991609537a1becc97473f58b9f2/th.jpg?u=https%3A%2F%2Ftse.mm.bing.net%2Fth%3Fid%3DOIP.JBgkfc58cJpGJH5q4IJykwHaEU%26pid%3DApi&q=0&b=1&p=0&a=0<separationlienimage>https://s2.qwant.com/thumbr/474x289/6/e/e25850329c7b4278eed1d4cc58a85426d9871067537241e63027680c04e37a/th.jpg?u=https%3A%2F%2Ftse.mm.bing.net%2Fth%3Fid%3DOIP.NXaAFLYF5XF8b7z5t_FlTAHaEh%26pid%3DApi&q=0&b=1&p=0&a=0', 3, 45, '2025-05-16', '2e7311b6-7d07-4073-bde0-9c40f0fe8557', 'dc725f1d-5242-4e11-9f85-bad4a6f2090f', FALSE),
(UUID(), 'Excellent Quality', '2025-05-17', 'The product quality is excellent.', 'https://s1.qwant.com/thumbr/474x276/9/8/c42c230a8bc020f6310ae4b71c4c42022da991609537a1becc97473f58b9f2/th.jpg?u=https%3A%2F%2Ftse.mm.bing.net%2Fth%3Fid%3DOIP.JBgkfc58cJpGJH5q4IJykwHaEU%26pid%3DApi&q=0&b=1&p=0&a=0<separationlienimage>https://s2.qwant.com/thumbr/474x289/6/e/e25850329c7b4278eed1d4cc58a85426d9871067537241e63027680c04e37a/th.jpg?u=https%3A%2F%2Ftse.mm.bing.net%2Fth%3Fid%3DOIP.NXaAFLYF5XF8b7z5t_FlTAHaEh%26pid%3DApi&q=0&b=1&p=0&a=0', 1, 140, '2025-05-18', 'f619e28f-a0ed-4849-b389-6ded157ad901', '27117cb9-b482-43ac-9c9f-bc91feef4a63', FALSE),
(UUID(), 'Delayed Response', '2025-05-19', 'Customer support response was delayed.', 'https://s1.qwant.com/thumbr/474x276/9/8/c42c230a8bc020f6310ae4b71c4c42022da991609537a1becc97473f58b9f2/th.jpg?u=https%3A%2F%2Ftse.mm.bing.net%2Fth%3Fid%3DOIP.JBgkfc58cJpGJH5q4IJykwHaEU%26pid%3DApi&q=0&b=1&p=0&a=0<separationlienimage>https://s2.qwant.com/thumbr/474x289/6/e/e25850329c7b4278eed1d4cc58a85426d9871067537241e63027680c04e37a/th.jpg?u=https%3A%2F%2Ftse.mm.bing.net%2Fth%3Fid%3DOIP.NXaAFLYF5XF8b7z5t_FlTAHaEh%26pid%3DApi&q=0&b=1&p=0&a=0', 2, 75, '2025-05-20', '979535d3-7cac-4827-891d-3357bf3aa6c7', '361f8c50-2b99-4003-8c4b-c97abe830549', FALSE),
(UUID(), 'Easy to Use', '2025-05-21', 'The product is very easy to use.', 'https://s1.qwant.com/thumbr/474x276/9/8/c42c230a8bc020f6310ae4b71c4c42022da991609537a1becc97473f58b9f2/th.jpg?u=https%3A%2F%2Ftse.mm.bing.net%2Fth%3Fid%3DOIP.JBgkfc58cJpGJH5q4IJykwHaEU%26pid%3DApi&q=0&b=1&p=0&a=0<separationlienimage>https://s2.qwant.com/thumbr/474x289/6/e/e25850329c7b4278eed1d4cc58a85426d9871067537241e63027680c04e37a/th.jpg?u=https%3A%2F%2Ftse.mm.bing.net%2Fth%3Fid%3DOIP.NXaAFLYF5XF8b7z5t_FlTAHaEh%26pid%3DApi&q=0&b=1&p=0&a=0', 1, 105, '2025-05-22', '875886d5-d4eb-4362-96fb-206beec6ddad', '2a12ab01-f358-4258-ab49-77487d1a8303', FALSE),
(UUID(), 'Damaged Item', '2025-05-23', 'The product arrived damaged.', 'https://s1.qwant.com/thumbr/474x276/9/8/c42c230a8bc020f6310ae4b71c4c42022da991609537a1becc97473f58b9f2/th.jpg?u=https%3A%2F%2Ftse.mm.bing.net%2Fth%3Fid%3DOIP.JBgkfc58cJpGJH5q4IJykwHaEU%26pid%3DApi&q=0&b=1&p=0&a=0<separationlienimage>https://s2.qwant.com/thumbr/474x289/6/e/e25850329c7b4278eed1d4cc58a85426d9871067537241e63027680c04e37a/th.jpg?u=https%3A%2F%2Ftse.mm.bing.net%2Fth%3Fid%3DOIP.NXaAFLYF5XF8b7z5t_FlTAHaEh%26pid%3DApi&q=0&b=1&p=0&a=0', 4, 35, '2025-05-24', '85efc017-adf3-44c8-b4fb-6a5a8e0e72ee', '489f8bcd-7a3f-4ef9-942f-2f8d7b573675', FALSE),
(UUID(), 'Quick Resolution', '2025-05-25', 'The issue was resolved quickly.', 'https://s1.qwant.com/thumbr/474x276/9/8/c42c230a8bc020f6310ae4b71c4c42022da991609537a1becc97473f58b9f2/th.jpg?u=https%3A%2F%2Ftse.mm.bing.net%2Fth%3Fid%3DOIP.JBgkfc58cJpGJH5q4IJykwHaEU%26pid%3DApi&q=0&b=1&p=0&a=0<separationlienimage>https://s2.qwant.com/thumbr/474x289/6/e/e25850329c7b4278eed1d4cc58a85426d9871067537241e63027680c04e37a/th.jpg?u=https%3A%2F%2Ftse.mm.bing.net%2Fth%3Fid%3DOIP.NXaAFLYF5XF8b7z5t_FlTAHaEh%26pid%3DApi&q=0&b=1&p=0&a=0', 1, 125, '2025-05-26', '2d0bd405-bc58-4e07-a00e-2d15b8920ed6', 'b5c8cf0a-fd59-49cd-a060-1d0727226474', FALSE),
(UUID(), 'Out of Stock', '2025-05-27', 'The product was out of stock.', 'https://s1.qwant.com/thumbr/474x276/9/8/c42c230a8bc020f6310ae4b71c4c42022da991609537a1becc97473f58b9f2/th.jpg?u=https%3A%2F%2Ftse.mm.bing.net%2Fth%3Fid%3DOIP.JBgkfc58cJpGJH5q4IJykwHaEU%26pid%3DApi&q=0&b=1&p=0&a=0<separationlienimage>https://s2.qwant.com/thumbr/474x289/6/e/e25850329c7b4278eed1d4cc58a85426d9871067537241e63027680c04e37a/th.jpg?u=https%3A%2F%2Ftse.mm.bing.net%2Fth%3Fid%3DOIP.NXaAFLYF5XF8b7z5t_FlTAHaEh%26pid%3DApi&q=0&b=1&p=0&a=0', 3, 50, '2025-05-28', '75a204b0-f9cd-4e3d-a11c-072f5ef5abe5', '28262a7b-42b4-41c9-9610-fa6e5e3c5b1f', FALSE),
(UUID(), 'Helpful Staff', '2025-05-29', 'The staff was very helpful.', 'https://s1.qwant.com/thumbr/474x276/9/8/c42c230a8bc020f6310ae4b71c4c42022da991609537a1becc97473f58b9f2/th.jpg?u=https%3A%2F%2Ftse.mm.bing.net%2Fth%3Fid%3DOIP.JBgkfc58cJpGJH5q4IJykwHaEU%26pid%3DApi&q=0&b=1&p=0&a=0<separationlienimage>https://s2.qwant.com/thumbr/474x289/6/e/e25850329c7b4278eed1d4cc58a85426d9871067537241e63027680c04e37a/th.jpg?u=https%3A%2F%2Ftse.mm.bing.net%2Fth%3Fid%3DOIP.NXaAFLYF5XF8b7z5t_FlTAHaEh%26pid%3DApi&q=0&b=1&p=0&a=0', 1, 135, '2025-05-30', '1fc55114-62f0-4b1d-8531-abab2ab1759f', '2c6395c9-ad93-45c9-86a9-6f8a1637082a', FALSE),
(UUID(), 'Incomplete Order', '2025-05-31', 'The order was incomplete.', 'https://s1.qwant.com/thumbr/474x231/9/1/8db3257d1994550b4bc14c7dc351c9f528b873c528dea9e9daf3f168673a74/th.jpg?u=https%3A%2F%2Ftse.mm.bing.net%2Fth%3Fid%3DOIP.VfbXmyDPxrOphpKFAA6ffQHaDn%26pid%3DApi&q=0&b=1&p=0&a=0', 2, 65, '2025-06-01', '52f2a2d1-4d12-4f10-95c1-abda7d5200c6', '4284cb6b-84a2-489a-942a-e2308540e4e4', FALSE),
(UUID(), 'Great Features', '2025-06-02', 'The product has great features.', 'https://s1.qwant.com/thumbr/474x231/9/1/8db3257d1994550b4bc14c7dc351c9f528b873c528dea9e9daf3f168673a74/th.jpg?u=https%3A%2F%2Ftse.mm.bing.net%2Fth%3Fid%3DOIP.VfbXmyDPxrOphpKFAA6ffQHaDn%26pid%3DApi&q=0&b=1&p=0&a=0', 1, 145, '2025-06-03', '9866c4a1-64e1-45f8-869e-db3e1bee55de', 'a06a8145-63f5-4509-9156-f0afb30dd767', FALSE),
(UUID(), 'Long Wait', '2025-06-04', 'Had to wait a long time for support.', 'https://s1.qwant.com/thumbr/474x231/9/1/8db3257d1994550b4bc14c7dc351c9f528b873c528dea9e9daf3f168673a74/th.jpg?u=https%3A%2F%2Ftse.mm.bing.net%2Fth%3Fid%3DOIP.VfbXmyDPxrOphpKFAA6ffQHaDn%26pid%3DApi&q=0&b=1&p=0&a=0', 3, 40, '2025-06-05', '9fd3b785-4d45-4e2e-ac46-956c83f3be0e', 'b1a54c96-065b-44ba-b201-715a84c99d1f', FALSE),
(UUID(), 'Satisfied Customer', '2025-06-06', 'Very satisfied with the purchase.', 'https://s1.qwant.com/thumbr/474x231/9/1/8db3257d1994550b4bc14c7dc351c9f528b873c528dea9e9daf3f168673a74/th.jpg?u=https%3A%2F%2Ftse.mm.bing.net%2Fth%3Fid%3DOIP.VfbXmyDPxrOphpKFAA6ffQHaDn%26pid%3DApi&q=0&b=1&p=0&a=0', 1, 155, '2025-06-07', 'a6315ff5-53a1-4118-b5f6-2d605e3624ae', '3cf09d2a-d82e-4827-9c96-988179c7c39d', FALSE),
(UUID(), 'Product Defect', '2025-06-08', 'The product had a manufacturing defect.', 'https://s1.qwant.com/thumbr/474x231/9/1/8db3257d1994550b4bc14c7dc351c9f528b873c528dea9e9daf3f168673a74/th.jpg?u=https%3A%2F%2Ftse.mm.bing.net%2Fth%3Fid%3DOIP.VfbXmyDPxrOphpKFAA6ffQHaDn%26pid%3DApi&q=0&b=1&p=0&a=0', 4, 25, '2025-06-09', '4ce9f3a9-6f22-48e2-8faa-2e88f17e9781', '14ff5df9-4353-48e4-82fa-53a74dec71b7', FALSE),
(UUID(), 'Prompt Service', '2025-06-10', 'The service was prompt and efficient.', 'https://s1.qwant.com/thumbr/474x231/9/1/8db3257d1994550b4bc14c7dc351c9f528b873c528dea9e9daf3f168673a74/th.jpg?u=https%3A%2F%2Ftse.mm.bing.net%2Fth%3Fid%3DOIP.VfbXmyDPxrOphpKFAA6ffQHaDn%26pid%3DApi&q=0&b=1&p=0&a=0', 1, 165, '2025-06-11', '8c6a14b3-5b79-4287-ab85-98ca85876556', '8efceda2-4cd5-44c5-bcef-1ecc3f625e1e', FALSE),
(UUID(), 'Complex Setup', '2025-06-12', 'The product setup was too complex.', 'https://s1.qwant.com/thumbr/474x231/9/1/8db3257d1994550b4bc14c7dc351c9f528b873c528dea9e9daf3f168673a74/th.jpg?u=https%3A%2F%2Ftse.mm.bing.net%2Fth%3Fid%3DOIP.VfbXmyDPxrOphpKFAA6ffQHaDn%26pid%3DApi&q=0&b=1&p=0&a=0', 3, 55, '2025-06-13', '5678832b-d534-4e1b-8370-a20516a5db08', '6e570750-6ad3-495e-9a07-7b6a35e1d2b0', FALSE),
(UUID(), 'Great Value', '2025-06-14', 'The product offers great value for money.', 'https://s1.qwant.com/thumbr/474x276/9/8/c42c230a8bc020f6310ae4b71c4c42022da991609537a1becc97473f58b9f2/th.jpg?u=https%3A%2F%2Ftse.mm.bing.net%2Fth%3Fid%3DOIP.JBgkfc58cJpGJH5q4IJykwHaEU%26pid%3DApi&q=0&b=1&p=0&a=0<separationlienimage>https://s2.qwant.com/thumbr/474x289/6/e/e25850329c7b4278eed1d4cc58a85426d9871067537241e63027680c04e37a/th.jpg?u=https%3A%2F%2Ftse.mm.bing.net%2Fth%3Fid%3DOIP.NXaAFLYF5XF8b7z5t_FlTAHaEh%26pid%3DApi&q=0&b=1&p=0&a=0', 1, 175, '2025-06-15', '14c160c9-6cb4-4d85-8a25-b0d92469e550', '9293127c-834c-425e-a265-d147382ea8b8', FALSE),
(UUID(), 'Slow Response', '2025-06-16', 'Customer support was slow to respond.', 'https://s2.qwant.com/thumbr/474x474/6/4/7645c36f1e457c51dcb1a730633ce0486e7a2b67dd4801962db912c17218f0/th.jpg?u=https%3A%2F%2Ftse.mm.bing.net%2Fth%3Fid%3DOIP.hBkVif1WxxOO-qENcTrSjwAAAA%26pid%3DApi&q=0&b=1&p=0&a=0<separationlienimage>https://s1.qwant.com/thumbr/474x355/b/9/606896385399da416f2ed29fa5205e5c5127f21d04a51d885570bbc835b16f/th.jpg?u=https%3A%2F%2Ftse.mm.bing.net%2Fth%3Fid%3DOIP.JV8GEmzenqLIo4VIi2oW_gHaFj%26pid%3DApi&q=0&b=1&p=0&a=0', 2, 65, '2025-06-17', '36dfc032-f5e8-4ed4-a0e4-802f20a15cf9', 'a1a09f7f-0000-4d02-ac4a-16da6065d923', FALSE),
(UUID(), 'User-Friendly', '2025-06-18', 'The product is very user-friendly.', 'https://s2.qwant.com/thumbr/474x474/6/4/7645c36f1e457c51dcb1a730633ce0486e7a2b67dd4801962db912c17218f0/th.jpg?u=https%3A%2F%2Ftse.mm.bing.net%2Fth%3Fid%3DOIP.hBkVif1WxxOO-qENcTrSjwAAAA%26pid%3DApi&q=0&b=1&p=0&a=0<separationlienimage>https://s1.qwant.com/thumbr/474x355/b/9/606896385399da416f2ed29fa5205e5c5127f21d04a51d885570bbc835b16f/th.jpg?u=https%3A%2F%2Ftse.mm.bing.net%2Fth%3Fid%3DOIP.JV8GEmzenqLIo4VIi2oW_gHaFj%26pid%3DApi&q=0&b=1&p=0&a=0', 1, 185, '2025-06-19', '4f2d485c-bfeb-4d8f-adc1-c2ea2890b246', '2aee7775-0591-46d3-833b-b8b3d857f79e', FALSE),
(UUID(), 'Faulty Item', '2025-06-20', 'The product was faulty on arrival.', 'https://s2.qwant.com/thumbr/474x474/6/4/7645c36f1e457c51dcb1a730633ce0486e7a2b67dd4801962db912c17218f0/th.jpg?u=https%3A%2F%2Ftse.mm.bing.net%2Fth%3Fid%3DOIP.hBkVif1WxxOO-qENcTrSjwAAAA%26pid%3DApi&q=0&b=1&p=0&a=0<separationlienimage>https://s1.qwant.com/thumbr/474x355/b/9/606896385399da416f2ed29fa5205e5c5127f21d04a51d885570bbc835b16f/th.jpg?u=https%3A%2F%2Ftse.mm.bing.net%2Fth%3Fid%3DOIP.JV8GEmzenqLIo4VIi2oW_gHaFj%26pid%3DApi&q=0&b=1&p=0&a=0', 4, 30, '2025-06-21', 'cd753433-a574-41bd-a0f1-c8c192f5f300', 'b01f537c-236f-4dfa-bccf-d92b8c17b7ec', FALSE),
(UUID(), 'Excellent Service', '2025-06-22', 'The service was excellent.', 'https://s2.qwant.com/thumbr/474x474/6/4/7645c36f1e457c51dcb1a730633ce0486e7a2b67dd4801962db912c17218f0/th.jpg?u=https%3A%2F%2Ftse.mm.bing.net%2Fth%3Fid%3DOIP.hBkVif1WxxOO-qENcTrSjwAAAA%26pid%3DApi&q=0&b=1&p=0&a=0<separationlienimage>https://s1.qwant.com/thumbr/474x355/b/9/606896385399da416f2ed29fa5205e5c5127f21d04a51d885570bbc835b16f/th.jpg?u=https%3A%2F%2Ftse.mm.bing.net%2Fth%3Fid%3DOIP.JV8GEmzenqLIo4VIi2oW_gHaFj%26pid%3DApi&q=0&b=1&p=0&a=0', 1, 195, '2025-06-23', 'aa637022-f2a0-48fe-8b8a-e73c36200391', '4b4e336b-4413-4d05-911f-ecb7f1f69b0d', FALSE),
(UUID(), 'Order Cancellation', '2025-06-24', 'Had to cancel the order due to issues.', 'https://s2.qwant.com/thumbr/474x474/6/4/7645c36f1e457c51dcb1a730633ce0486e7a2b67dd4801962db912c17218f0/th.jpg?u=https%3A%2F%2Ftse.mm.bing.net%2Fth%3Fid%3DOIP.hBkVif1WxxOO-qENcTrSjwAAAA%26pid%3DApi&q=0&b=1&p=0&a=0<separationlienimage>https://s1.qwant.com/thumbr/474x355/b/9/606896385399da416f2ed29fa5205e5c5127f21d04a51d885570bbc835b16f/th.jpg?u=https%3A%2F%2Ftse.mm.bing.net%2Fth%3Fid%3DOIP.JV8GEmzenqLIo4VIi2oW_gHaFj%26pid%3DApi&q=0&b=1&p=0&a=0', 3, 45, '2025-06-25', '827c700d-1bee-4c78-9672-f5955c71176c', 'ab271eb6-b55e-4274-bffc-29d1d5cf5159', FALSE),
(UUID(), 'Highly Recommended', '2025-06-26', 'Highly recommend this product.', 'https://s2.qwant.com/thumbr/474x474/6/4/7645c36f1e457c51dcb1a730633ce0486e7a2b67dd4801962db912c17218f0/th.jpg?u=https%3A%2F%2Ftse.mm.bing.net%2Fth%3Fid%3DOIP.hBkVif1WxxOO-qENcTrSjwAAAA%26pid%3DApi&q=0&b=1&p=0&a=0<separationlienimage>https://s1.qwant.com/thumbr/474x355/b/9/606896385399da416f2ed29fa5205e5c5127f21d04a51d885570bbc835b16f/th.jpg?u=https%3A%2F%2Ftse.mm.bing.net%2Fth%3Fid%3DOIP.JV8GEmzenqLIo4VIi2oW_gHaFj%26pid%3DApi&q=0&b=1&p=0&a=0', 1, 205, '2025-06-27', '1af2e795-006f-4065-a185-5aa3ab95e975', 'e2cda31e-cfcd-4f85-88df-96663223eb7f', FALSE),
(UUID(), 'Late Delivery', '2025-06-28', 'The delivery was late.', 'https://s2.qwant.com/thumbr/474x474/6/4/7645c36f1e457c51dcb1a730633ce0486e7a2b67dd4801962db912c17218f0/th.jpg?u=https%3A%2F%2Ftse.mm.bing.net%2Fth%3Fid%3DOIP.hBkVif1WxxOO-qENcTrSjwAAAA%26pid%3DApi&q=0&b=1&p=0&a=0<separationlienimage>https://s1.qwant.com/thumbr/474x355/b/9/606896385399da416f2ed29fa5205e5c5127f21d04a51d885570bbc835b16f/th.jpg?u=https%3A%2F%2Ftse.mm.bing.net%2Fth%3Fid%3DOIP.JV8GEmzenqLIo4VIi2oW_gHaFj%26pid%3DApi&q=0&b=1&p=0&a=0', 2, 70, '2025-06-29', 'ce589280-f0da-4515-8578-2a945da0a1be', '1c985c41-8427-4253-b866-7018d994ce9c', FALSE),
(UUID(), 'Easy Setup', '2025-06-30', 'The product was easy to set up.', 'https://s1.qwant.com/thumbr/474x276/9/8/c42c230a8bc020f6310ae4b71c4c42022da991609537a1becc97473f58b9f2/th.jpg?u=https%3A%2F%2Ftse.mm.bing.net%2Fth%3Fid%3DOIP.JBgkfc58cJpGJH5q4IJykwHaEU%26pid%3DApi&q=0&b=1&p=0&a=0<separationlienimage>https://s2.qwant.com/thumbr/474x289/6/e/e25850329c7b4278eed1d4cc58a85426d9871067537241e63027680c04e37a/th.jpg?u=https%3A%2F%2Ftse.mm.bing.net%2Fth%3Fid%3DOIP.NXaAFLYF5XF8b7z5t_FlTAHaEh%26pid%3DApi&q=0&b=1&p=0&a=0', 1, 215, '2025-07-01', '984edd9b-094d-4b3a-a6cd-56a1fe77617b', 'b539bfa5-4d15-4785-8a1a-dc31a59f66a3', FALSE),
(UUID(), 'Missing Parts', '2025-07-02', 'Some parts were missing from the order.', 'https://s2.qwant.com/thumbr/474x199/7/7/5f58be9f92a81e0abe7c45746311023fa7381532ff20820080ad20c0758e3c/th.jpg?u=https%3A%2F%2Ftse.mm.bing.net%2Fth%3Fid%3DOIP._CILpCrsaVEtArQLFz9XWgHaDH%26pid%3DApi&q=0&b=1&p=0&a=0', 4, 20, '2025-07-03', 'c3633edb-9ddc-417c-aebc-11096fb6a5a6', '9dccceb9-3877-4ea4-bed7-5e8b2e1e7f8b', FALSE),
(UUID(), 'Great Experience', '2025-07-04', 'Overall, a great experience.', 'https://s2.qwant.com/thumbr/474x199/7/7/5f58be9f92a81e0abe7c45746311023fa7381532ff20820080ad20c0758e3c/th.jpg?u=https%3A%2F%2Ftse.mm.bing.net%2Fth%3Fid%3DOIP._CILpCrsaVEtArQLFz9XWgHaDH%26pid%3DApi&q=0&b=1&p=0&a=0', 1, 225, '2025-07-05', 'b88964fc-887a-45e8-88cc-86a2e4b7f3b8', '014f5dea-c87c-455a-9a15-8442354be6b3', FALSE),
(UUID(), 'Poor Instructions', '2025-07-06', 'The instructions were poor.', 'https://s2.qwant.com/thumbr/474x199/7/7/5f58be9f92a81e0abe7c45746311023fa7381532ff20820080ad20c0758e3c/th.jpg?u=https%3A%2F%2Ftse.mm.bing.net%2Fth%3Fid%3DOIP._CILpCrsaVEtArQLFz9XWgHaDH%26pid%3DApi&q=0&b=1&p=0&a=0', 3, 50, '2025-07-07', '13836555-4836-4604-a2f6-35ed29a9ac09', '6c25255d-2cb6-4b10-8ba9-7c39f77e2df9', FALSE),
(UUID(), 'Fast Delivery', '2025-07-08', 'The delivery was very fast.', 'https://s2.qwant.com/thumbr/474x199/7/7/5f58be9f92a81e0abe7c45746311023fa7381532ff20820080ad20c0758e3c/th.jpg?u=https%3A%2F%2Ftse.mm.bing.net%2Fth%3Fid%3DOIP._CILpCrsaVEtArQLFz9XWgHaDH%26pid%3DApi&q=0&b=1&p=0&a=0', 1, 235, '2025-07-09', '87ebdf12-5e8d-4172-aba4-ee88c2251060', '83c11f46-15db-4c92-89bd-ab1e85b8ac7e', FALSE),
(UUID(), 'Excellent Product', '2025-07-10', 'The product is excellent.', 'https://s2.qwant.com/thumbr/474x199/7/7/5f58be9f92a81e0abe7c45746311023fa7381532ff20820080ad20c0758e3c/th.jpg?u=https%3A%2F%2Ftse.mm.bing.net%2Fth%3Fid%3DOIP._CILpCrsaVEtArQLFz9XWgHaDH%26pid%3DApi&q=0&b=1&p=0&a=0', 1, 245, '2025-07-11', '53e981f0-9e4d-44d9-837b-77ae0b091faa', 'd8a9f88d-a555-4cdf-90ad-2f2c6d25cc11', FALSE),
(UUID(), 'Difficult Return', '2025-07-12', 'The return process was difficult.', 'https://s2.qwant.com/thumbr/474x199/7/7/5f58be9f92a81e0abe7c45746311023fa7381532ff20820080ad20c0758e3c/th.jpg?u=https%3A%2F%2Ftse.mm.bing.net%2Fth%3Fid%3DOIP._CILpCrsaVEtArQLFz9XWgHaDH%26pid%3DApi&q=0&b=1&p=0&a=0', 2, 60, '2025-07-13', '5f86ea7c-1e22-451b-ac36-4d671edda0c2', 'd31fc86e-be22-4907-af6e-ccc9f1a88806', FALSE),
(UUID(), 'Great Support', '2025-07-14', 'Customer support was very helpful.', 'https://s1.qwant.com/thumbr/474x276/9/8/c42c230a8bc020f6310ae4b71c4c42022da991609537a1becc97473f58b9f2/th.jpg?u=https%3A%2F%2Ftse.mm.bing.net%2Fth%3Fid%3DOIP.JBgkfc58cJpGJH5q4IJykwHaEU%26pid%3DApi&q=0&b=1&p=0&a=0<separationlienimage>https://s2.qwant.com/thumbr/474x289/6/e/e25850329c7b4278eed1d4cc58a85426d9871067537241e63027680c04e37a/th.jpg?u=https%3A%2F%2Ftse.mm.bing.net%2Fth%3Fid%3DOIP.NXaAFLYF5XF8b7z5t_FlTAHaEh%26pid%3DApi&q=0&b=1&p=0&a=0', 1, 255, '2025-07-15', 'f70427c8-feef-4bf7-96bc-02c2aa56f127', '3d55695c-4f72-4cee-a075-ec6ba0579205', FALSE),
(UUID(), 'Damaged Package', '2025-07-16', 'The package arrived damaged.', 'https://s2.qwant.com/thumbr/474x474/6/4/7645c36f1e457c51dcb1a730633ce0486e7a2b67dd4801962db912c17218f0/th.jpg?u=https%3A%2F%2Ftse.mm.bing.net%2Fth%3Fid%3DOIP.hBkVif1WxxOO-qENcTrSjwAAAA%26pid%3DApi&q=0&b=1&p=0&a=0<separationlienimage>https://s1.qwant.com/thumbr/474x355/b/9/606896385399da416f2ed29fa5205e5c5127f21d04a51d885570bbc835b16f/th.jpg?u=https%3A%2F%2Ftse.mm.bing.net%2Fth%3Fid%3DOIP.JV8GEmzenqLIo4VIi2oW_gHaFj%26pid%3DApi&q=0&b=1&p=0&a=0', 4, 35, '2025-07-17', 'b4c6d13a-0a40-421b-8a36-964b78bc9d0f', '9940866d-431f-4277-8372-572820deb6ce', FALSE),
(UUID(), 'Quick Service', '2025-07-18', 'The service was quick and efficient.', 'https://s2.qwant.com/thumbr/474x474/6/4/7645c36f1e457c51dcb1a730633ce0486e7a2b67dd4801962db912c17218f0/th.jpg?u=https%3A%2F%2Ftse.mm.bing.net%2Fth%3Fid%3DOIP.hBkVif1WxxOO-qENcTrSjwAAAA%26pid%3DApi&q=0&b=1&p=0&a=0<separationlienimage>https://s1.qwant.com/thumbr/474x355/b/9/606896385399da416f2ed29fa5205e5c5127f21d04a51d885570bbc835b16f/th.jpg?u=https%3A%2F%2Ftse.mm.bing.net%2Fth%3Fid%3DOIP.JV8GEmzenqLIo4VIi2oW_gHaFj%26pid%3DApi&q=0&b=1&p=0&a=0', 1, 265, '2025-07-19', 'f3a75103-ebff-4866-8361-eaf19a0f5b95', '3a8bf641-c5b1-40af-b605-be79a4050a51', FALSE),
(UUID(), 'Great Service', '2025-07-20', 'The service was excellent.', 'https://s1.qwant.com/thumbr/474x340/1/6/9356c0437b48bad4110ac5b187e3cd109160f264725b43426bb3ca4c5556bb/th.jpg?u=https%3A%2F%2Ftse.mm.bing.net%2Fth%3Fid%3DOIP.Df460avkQHOfqwPzAN8-xAHaFU%26pid%3DApi&q=0&b=1&p=0&a=0<separationlienimage>https://s2.qwant.com/thumbr/474x283/c/e/de76f6f8dd38c03cc20fa0ff330bf3a867d4f82330c451b1c85b2355d9067b/th.jpg?u=https%3A%2F%2Ftse.mm.bing.net%2Fth%3Fid%3DOIP.w-crlNOm-HNFrBPFD9nDMwHaEb%26pid%3DApi&q=0&b=1&p=0&a=0', 1, 100, '2025-07-21', '69ac4bce-b419-4c87-bcfa-5c3c8562bf5f', '2621aeae-48bd-4dee-b98e-f078e71fd813', FALSE),
(UUID(), 'Website Issue', '2025-07-22', 'The website is slow.', 'https://s1.qwant.com/thumbr/474x237/b/c/f34654ac9fc1aeb9a035d868982ac4d444c9545b7ef1f2143259e62fb0ff25/th.jpg?u=https%3A%2F%2Ftse.mm.bing.net%2Fth%3Fid%3DOIP.jjSndMtdXBls6lXKIPOyugHaDt%26pid%3DApi&q=0&b=1&p=0&a=0', 3, 50, '2025-07-23', '2fd1986f-f32a-4b1a-a095-9afc523d19a0', 'f5481f41-7e3b-41a1-9d94-9137d5653b09', FALSE),
(UUID(), 'Product Feedback', '2025-07-24', 'The product quality is great.', 'https://s2.qwant.com/thumbr/474x258/d/1/ea789e6d17c935ef5cc464d07920465b0020d9f4ff3d9ae746fe080a8c8975/th.jpg?u=https%3A%2F%2Ftse.mm.bing.net%2Fth%3Fid%3DOIP.XqDT7IoxJfLHG7xH-dTPrAHaEC%26pid%3DApi&q=0&b=1&p=0&a=0', 1, 30, '2025-07-25', '91efddd0-4131-485a-ac14-a113aca48233', 'fcbdc2e9-8ca9-4fef-946b-f5b6318d7f61', FALSE),
(UUID(), 'Delivery Delay', '2025-07-26', 'Delivery took longer than expected.', 'https://s2.qwant.com/thumbr/474x264/e/6/d87b1b4cf1010face8650f75043cf33aee466ff2b2fa04669d249a4dbc7bc5/th.jpg?u=https%3A%2F%2Ftse2.explicit.bing.net%2Fth%3Fid%3DOIP.hvBSz8cPwSn9O1ysRCGd4wHaEI%26pid%3DApi&q=0&b=1&p=0&a=0', 2, 80, '2025-07-27', 'f32059ac-5a63-4f17-b83a-059c3c88eff', '7755971b-e24f-4d0c-9370-1d85f41d52af', FALSE);


-- Ajout d'exemples de mémoires (MemoryModel)
INSERT INTO memorymodel (idMemory, title, publicationDate, category, views, image, description, place, hashtag, share, tag, idOrder, idUser, bDelete) VALUES
(UUID(), 'Vacation in Paris', '2024-12-25', 3, 200, 'https://s1.qwant.com/thumbr/474x316/9/e/4f968fd7dd85c7c83eadddc80524fc9e1bb1cfd673c2a9eb21f0083cbb8570/th.jpg?u=https%3A%2F%2Ftse.mm.bing.net%2Fth%3Fid%3DOIP.Df0vZtLhyFa_O_bq4DPbQgHaE8%26pid%3DApi&q=0&b=1&p=0&a=0', 'Visited the Eiffel Tower and Louvre.', 'Paris', '#travel', 1, 'vacation,paris', 'order4', '517516e7-4e8a-4765-91d5-ec87012e227d', FALSE),
(UUID(), 'Office Party', '2024-12-20', 2, 150, 'https://s2.qwant.com/thumbr/474x338/d/1/d8a55e65944805201cbd80c2de01dd5ea18899f76c85cc9b759ddac34ef6f1/th.jpg?u=https%3A%2F%2Ftse.mm.bing.net%2Fth%3Fid%3DOIP.9Q11j06j8BPIlYYSGPNdpgHaFS%26pid%3DApi&q=0&b=1&p=0&a=0', 'End-of-year celebration at the office.', 'Office', '#work', 2, 'party,office', 'order5', '90ec858e-9537-484a-8bac-9f6b261964b6', FALSE),
(UUID(), 'Wedding Event', '2024-12-15', 4, 300, 'https://s1.qwant.com/thumbr/474x296/3/3/4a375348c6d25b473ff6824bbf74f83d4459c9925786430ed34b3c0254b37e/th.jpg?u=https%3A%2F%2Ftse3.explicit.bing.net%2Fth%3Fid%3DOIP.y3b-ndE3BWeSl7xjAahD9wHaEo%26pid%3DApi&q=0&b=1&p=0&a=0<separationlienimage>https://s2.qwant.com/thumbr/474x316/c/8/d8012ae05688d210d9b1c5e2fd27b4ccb5baaea7edc85c6b93acf59bf9dd91/th.jpg?u=https%3A%2F%2Ftse.mm.bing.net%2Fth%3Fid%3DOIP.rhh9E8mtkIRktLihHUZ8pAHaE8%26pid%3DApi&q=0&b=1&p=0&a=0', 'My best friend’s wedding.', 'Venue XYZ', '#wedding', 1, 'event,wedding', 'order6', 'e1edf453-3921-43c3-bccc-ded818a79fdc', FALSE),
(UUID(), 'Mountain Hiking', '2024-12-10', 3, 180, 'https://s2.qwant.com/thumbr/474x316/f/6/387bd095a2d0f1ccc6f49b7edf93b4930e5910003da49612309b72b64824c8/th.jpg?u=https%3A%2F%2Ftse.mm.bing.net%2Fth%3Fid%3DOIP.okaEG5SeQWsJBqKw0YdhjQHaE8%26pid%3DApi&q=0&b=1&p=0&a=0<separationlienimage>https://s2.qwant.com/thumbr/474x266/d/4/ee17cb5f75dc787b836c251177be18e456abf8e9c599965626b4cd60abc726/th.jpg?u=https%3A%2F%2Ftse.mm.bing.net%2Fth%3Fid%3DOIP.wqCIUkZvpCiCDsheaCyCLAHaEK%26pid%3DApi&q=0&b=1&p=0&a=0', 'Reached the summit after a long hike.', 'Mount Everest', '#adventure', 1, 'hiking,mountain', 'order7', 'ac715e9b-07df-45d4-9a78-e544348a6341', FALSE),
(UUID(), 'Family Reunion', '2024-12-05', 1, 100, 'https://s2.qwant.com/thumbr/474x316/6/2/08ebd197e23970a9e412950d3197ce7c90d057d5e408b6a815af0af03f100d/th.jpg?u=https%3A%2F%2Ftse.mm.bing.net%2Fth%3Fid%3DOIP.Dg_Ff0B02hawXT6DJGo6nAHaE8%26pid%3DApi&q=0&b=1&p=0&a=0', 'A wonderful time with family.', 'Home', '#family', 2, 'reunion,family', 'order8', '88a90300-a0e6-41b9-be12-1ba08b1580ba', FALSE),
(UUID(), 'Beach Party', '2024-11-30', 3, 220, 'https://s2.qwant.com/thumbr/474x315/7/4/06190a5aaf58a106602431c8a78eed6c0aba7ed8089ac99f8bb97f91876557/th.jpg?u=https%3A%2F%2Ftse.mm.bing.net%2Fth%3Fid%3DOIP.10YryFNgL0dkNu3nBjcnkwHaE7%26pid%3DApi&q=0&b=1&p=0&a=0<separationlienimage>https://s1.qwant.com/thumbr/474x302/0/9/f0c5199baeb87badadfb7d9c6d8c7f02be819ee373c5ca7f5e232fc90aafef/th.jpg?u=https%3A%2F%2Ftse.mm.bing.net%2Fth%3Fid%3DOIP.e7ShWWBxRBiX57Clc5gHeAHaEu%26pid%3DApi&q=0&b=1&p=0&a=0<separationlienimage>https://s2.qwant.com/thumbr/474x366/d/d/2273121c90aaddb4a6af6c39f44decf7f6578000b73aeb8cb5245bef20bd33/th.jpg?u=https%3A%2F%2Ftse.mm.bing.net%2Fth%3Fid%3DOIP.4iRn7jTLuL8po20plexDkAHaFu%26pid%3DApi&q=0&b=1&p=0&a=0', 'Enjoyed the sunshine and waves.', 'Malibu', '#beach', 1, 'party,beach', 'order9', '8382ffbd-4e4e-4ad4-b013-7839df25e5c5', FALSE),
(UUID(), 'Conference Talk', '2024-11-25', 2, 160, 'https://s1.qwant.com/thumbr/474x316/9/e/4f968fd7dd85c7c83eadddc80524fc9e1bb1cfd673c2a9eb21f0083cbb8570/th.jpg?u=https%3A%2F%2Ftse.mm.bing.net%2Fth%3Fid%3DOIP.Df0vZtLhyFa_O_bq4DPbQgHaE8%26pid%3DApi&q=0&b=1&p=0&a=0', 'Gave a talk on technology trends.', 'Convention Center', '#conference', 2, 'talk,conference', 'order10', '4407f89a-753c-4238-ac4b-f94a3bbc9b1c', FALSE),
(UUID(), 'Birthday Celebration', '2024-11-20', 4, 140, 'https://s1.qwant.com/thumbr/474x316/9/e/4f968fd7dd85c7c83eadddc80524fc9e1bb1cfd673c2a9eb21f0083cbb8570/th.jpg?u=https%3A%2F%2Ftse.mm.bing.net%2Fth%3Fid%3DOIP.Df0vZtLhyFa_O_bq4DPbQgHaE8%26pid%3DApi&q=0&b=1&p=0&a=0', 'Celebrated my 30th birthday.', 'Banquet Hall', '#birthday', 1, 'celebration,birthday', 'order11', '65b48d47-c060-4023-882f-89074e921ee6', FALSE),
(UUID(), 'Camping Trip', '2024-11-15', 3, 190, 'https://s1.qwant.com/thumbr/474x316/9/e/4f968fd7dd85c7c83eadddc80524fc9e1bb1cfd673c2a9eb21f0083cbb8570/th.jpg?u=https%3A%2F%2Ftse.mm.bing.net%2Fth%3Fid%3DOIP.Df0vZtLhyFa_O_bq4DPbQgHaE8%26pid%3DApi&q=0&b=1&p=0&a=0', 'Stayed under the stars.', 'National Park', '#camping', 1, 'trip,camping', 'order12', 'ca46107a-e113-41e2-a523-0dac4a6d8aee', FALSE),
(UUID(), 'Art Exhibition', '2024-11-10', 4, 110, 'https://s1.qwant.com/thumbr/474x316/9/e/4f968fd7dd85c7c83eadddc80524fc9e1bb1cfd673c2a9eb21f0083cbb8570/th.jpg?u=https%3A%2F%2Ftse.mm.bing.net%2Fth%3Fid%3DOIP.Df0vZtLhyFa_O_bq4DPbQgHaE8%26pid%3DApi&q=0&b=1&p=0&a=0', 'Visited an inspiring art exhibition.', 'City Gallery', '#art', 2, 'exhibition,art', 'order13', '3e75fda5-df43-4d84-93f5-d590cd9830a0', FALSE),
(UUID(), 'Cooking Class', '2024-11-05', 2, 130, 'https://s1.qwant.com/thumbr/474x316/9/e/4f968fd7dd85c7c83eadddc80524fc9e1bb1cfd673c2a9eb21f0083cbb8570/th.jpg?u=https%3A%2F%2Ftse.mm.bing.net%2Fth%3Fid%3DOIP.Df0vZtLhyFa_O_bq4DPbQgHaE8%26pid%3DApi&q=0&b=1&p=0&a=0', 'Learned to cook Italian cuisine.', 'Culinary School', '#cooking', 1, 'class,cooking', 'order14', '78f125b1-29c9-453c-98e3-ec2ead9bd314', FALSE),
(UUID(), 'Music Festival', '2024-11-01', 4, 250, 'https://s1.qwant.com/thumbr/474x316/9/e/4f968fd7dd85c7c83eadddc80524fc9e1bb1cfd673c2a9eb21f0083cbb8570/th.jpg?u=https%3A%2F%2Ftse.mm.bing.net%2Fth%3Fid%3DOIP.Df0vZtLhyFa_O_bq4DPbQgHaE8%26pid%3DApi&q=0&b=1&p=0&a=0', 'Attended a fantastic music festival.', 'Festival Grounds', '#music', 2, 'festival,music', 'order15', 'd1b5007c-a1bf-4afa-a46d-5d5fdb7c79cd', FALSE),
(UUID(), 'Skiing Adventure', '2024-10-25', 3, 170, 'https://s2.qwant.com/thumbr/474x338/d/1/d8a55e65944805201cbd80c2de01dd5ea18899f76c85cc9b759ddac34ef6f1/th.jpg?u=https%3A%2F%2Ftse.mm.bing.net%2Fth%3Fid%3DOIP.9Q11j06j8BPIlYYSGPNdpgHaFS%26pid%3DApi&q=0&b=1&p=0&a=0', 'Enjoyed skiing in the Alps.', 'Ski Resort', '#skiing', 1, 'adventure,skiing', 'order16', '887ffa4f-63a2-41f1-b0e8-45857bf366ed', FALSE),
(UUID(), 'Book Club Meeting', '2024-10-20', 1, 90, 'https://s2.qwant.com/thumbr/474x338/d/1/d8a55e65944805201cbd80c2de01dd5ea18899f76c85cc9b759ddac34ef6f1/th.jpg?u=https%3A%2F%2Ftse.mm.bing.net%2Fth%3Fid%3DOIP.9Q11j06j8BPIlYYSGPNdpgHaFS%26pid%3DApi&q=0&b=1&p=0&a=0', 'Discussed the latest bestseller.', 'Library', '#books', 2, 'meeting,bookclub', 'order17', '8fae166d-33b9-4bf8-97e8-0eb6ddb0955b', FALSE),
(UUID(), 'Yoga Retreat', '2024-10-15', 3, 210, 'https://s2.qwant.com/thumbr/474x338/d/1/d8a55e65944805201cbd80c2de01dd5ea18899f76c85cc9b759ddac34ef6f1/th.jpg?u=https%3A%2F%2Ftse.mm.bing.net%2Fth%3Fid%3DOIP.9Q11j06j8BPIlYYSGPNdpgHaFS%26pid%3DApi&q=0&b=1&p=0&a=0', 'Relaxing yoga retreat in the mountains.', 'Retreat Center', '#yoga', 1, 'retreat,yoga', 'order18', '14e2d59e-32d6-40a8-b1f1-bfbd93931020', FALSE),
(UUID(), 'Charity Run', '2024-10-10', 2, 120, 'https://s2.qwant.com/thumbr/474x338/d/1/d8a55e65944805201cbd80c2de01dd5ea18899f76c85cc9b759ddac34ef6f1/th.jpg?u=https%3A%2F%2Ftse.mm.bing.net%2Fth%3Fid%3DOIP.9Q11j06j8BPIlYYSGPNdpgHaFS%26pid%3DApi&q=0&b=1&p=0&a=0', 'Participated in a charity run for a good cause.', 'City Park', '#charity', 2, 'run,charity', 'order19', 'ac5ccd32-a1da-4960-b2db-4996bf8d71b9', FALSE),
(UUID(), 'Wine Tasting', '2024-10-05', 4, 180, 'https://s2.qwant.com/thumbr/474x338/d/1/d8a55e65944805201cbd80c2de01dd5ea18899f76c85cc9b759ddac34ef6f1/th.jpg?u=https%3A%2F%2Ftse.mm.bing.net%2Fth%3Fid%3DOIP.9Q11j06j8BPIlYYSGPNdpgHaFS%26pid%3DApi&q=0&b=1&p=0&a=0', 'Enjoyed a wine tasting tour.', 'Vineyard', '#wine', 1, 'tasting,wine', 'order20', 'e8735c6d-19ba-4f3b-850b-cdab28e58c58', FALSE),
(UUID(), 'Photography Workshop', '2024-10-01', 3, 140, 'https://s2.qwant.com/thumbr/474x338/d/1/d8a55e65944805201cbd80c2de01dd5ea18899f76c85cc9b759ddac34ef6f1/th.jpg?u=https%3A%2F%2Ftse.mm.bing.net%2Fth%3Fid%3DOIP.9Q11j06j8BPIlYYSGPNdpgHaFS%26pid%3DApi&q=0&b=1&p=0&a=0', 'Improved my photography skills.', 'Studio', '#photography', 1, 'workshop,photography', 'order21', '4fb60321-b245-4199-a273-d864ed4e8780', FALSE),
(UUID(), 'Cultural Festival', '2024-09-25', 2, 200, 'https://s1.qwant.com/thumbr/474x296/3/3/4a375348c6d25b473ff6824bbf74f83d4459c9925786430ed34b3c0254b37e/th.jpg?u=https%3A%2F%2Ftse3.explicit.bing.net%2Fth%3Fid%3DOIP.y3b-ndE3BWeSl7xjAahD9wHaEo%26pid%3DApi&q=0&b=1&p=0&a=0<separationlienimage>https://s2.qwant.com/thumbr/474x316/c/8/d8012ae05688d210d9b1c5e2fd27b4ccb5baaea7edc85c6b93acf59bf9dd91/th.jpg?u=https%3A%2F%2Ftse.mm.bing.net%2Fth%3Fid%3DOIP.rhh9E8mtkIRktLihHUZ8pAHaE8%26pid%3DApi&q=0&b=1&p=0&a=0', 'Experienced diverse cultures at a festival.', 'Festival Grounds', '#culture', 2, 'festival,culture', 'order22', '7d3ccf83-edc1-4d77-870a-20d15b553e60', FALSE),
(UUID(), 'Fishing Trip', '2024-09-20', 3, 160, 'https://s1.qwant.com/thumbr/474x296/3/3/4a375348c6d25b473ff6824bbf74f83d4459c9925786430ed34b3c0254b37e/th.jpg?u=https%3A%2F%2Ftse3.explicit.bing.net%2Fth%3Fid%3DOIP.y3b-ndE3BWeSl7xjAahD9wHaEo%26pid%3DApi&q=0&b=1&p=0&a=0<separationlienimage>https://s2.qwant.com/thumbr/474x316/c/8/d8012ae05688d210d9b1c5e2fd27b4ccb5baaea7edc85c6b93acf59bf9dd91/th.jpg?u=https%3A%2F%2Ftse.mm.bing.net%2Fth%3Fid%3DOIP.rhh9E8mtkIRktLihHUZ8pAHaE8%26pid%3DApi&q=0&b=1&p=0&a=0', 'Spent a relaxing day fishing.', 'Lake', '#fishing', 1, 'trip,fishing', 'order23', 'f125a170-b480-415d-9c32-e9ffaa3cf043', FALSE),
(UUID(), 'Movie Night', '2024-09-15', 1, 110, 'https://s1.qwant.com/thumbr/474x296/3/3/4a375348c6d25b473ff6824bbf74f83d4459c9925786430ed34b3c0254b37e/th.jpg?u=https%3A%2F%2Ftse3.explicit.bing.net%2Fth%3Fid%3DOIP.y3b-ndE3BWeSl7xjAahD9wHaEo%26pid%3DApi&q=0&b=1&p=0&a=0<separationlienimage>https://s2.qwant.com/thumbr/474x316/c/8/d8012ae05688d210d9b1c5e2fd27b4ccb5baaea7edc85c6b93acf59bf9dd91/th.jpg?u=https%3A%2F%2Ftse.mm.bing.net%2Fth%3Fid%3DOIP.rhh9E8mtkIRktLihHUZ8pAHaE8%26pid%3DApi&q=0&b=1&p=0&a=0', 'Watched a classic movie with friends.', 'Home', '#movies', 2, 'night,movies', 'order24', '806bf56d-10f5-40ce-839c-1da507089623', FALSE),
(UUID(), 'Gardening Workshop', '2024-09-10', 4, 150, 'https://s1.qwant.com/thumbr/474x296/3/3/4a375348c6d25b473ff6824bbf74f83d4459c9925786430ed34b3c0254b37e/th.jpg?u=https%3A%2F%2Ftse3.explicit.bing.net%2Fth%3Fid%3DOIP.y3b-ndE3BWeSl7xjAahD9wHaEo%26pid%3DApi&q=0&b=1&p=0&a=0<separationlienimage>https://s2.qwant.com/thumbr/474x316/c/8/d8012ae05688d210d9b1c5e2fd27b4ccb5baaea7edc85c6b93acf59bf9dd91/th.jpg?u=https%3A%2F%2Ftse.mm.bing.net%2Fth%3Fid%3DOIP.rhh9E8mtkIRktLihHUZ8pAHaE8%26pid%3DApi&q=0&b=1&p=0&a=0', 'Learned new gardening techniques.', 'Community Garden', '#gardening', 1, 'workshop,gardening', 'order25', 'a2ae6969-8dba-464a-aff0-d1d037374c0f', FALSE),
(UUID(), 'Cycling Tour', '2024-09-05', 3, 190, 'https://s1.qwant.com/thumbr/474x296/3/3/4a375348c6d25b473ff6824bbf74f83d4459c9925786430ed34b3c0254b37e/th.jpg?u=https%3A%2F%2Ftse3.explicit.bing.net%2Fth%3Fid%3DOIP.y3b-ndE3BWeSl7xjAahD9wHaEo%26pid%3DApi&q=0&b=1&p=0&a=0<separationlienimage>https://s2.qwant.com/thumbr/474x316/c/8/d8012ae05688d210d9b1c5e2fd27b4ccb5baaea7edc85c6b93acf59bf9dd91/th.jpg?u=https%3A%2F%2Ftse.mm.bing.net%2Fth%3Fid%3DOIP.rhh9E8mtkIRktLihHUZ8pAHaE8%26pid%3DApi&q=0&b=1&p=0&a=0', 'Explored the countryside on a cycling tour.', 'Countryside', '#cycling', 1, 'tour,cycling', 'order26', '6e18a343-baa2-4400-a48a-bd695105ab7f', FALSE),
(UUID(), 'Pottery Class', '2024-09-01', 2, 130, 'https://s1.qwant.com/thumbr/474x296/3/3/4a375348c6d25b473ff6824bbf74f83d4459c9925786430ed34b3c0254b37e/th.jpg?u=https%3A%2F%2Ftse3.explicit.bing.net%2Fth%3Fid%3DOIP.y3b-ndE3BWeSl7xjAahD9wHaEo%26pid%3DApi&q=0&b=1&p=0&a=0<separationlienimage>https://s2.qwant.com/thumbr/474x316/c/8/d8012ae05688d210d9b1c5e2fd27b4ccb5baaea7edc85c6b93acf59bf9dd91/th.jpg?u=https%3A%2F%2Ftse.mm.bing.net%2Fth%3Fid%3DOIP.rhh9E8mtkIRktLihHUZ8pAHaE8%26pid%3DApi&q=0&b=1&p=0&a=0', 'Created beautiful pottery pieces.', 'Art Studio', '#pottery', 2, 'class,pottery', 'order27', '87694617-325d-4620-b40e-dc5581c399c5', FALSE),
(UUID(), 'Hiking Adventure', '2024-08-25', 3, 220, 'https://s2.qwant.com/thumbr/474x316/f/6/387bd095a2d0f1ccc6f49b7edf93b4930e5910003da49612309b72b64824c8/th.jpg?u=https%3A%2F%2Ftse.mm.bing.net%2Fth%3Fid%3DOIP.okaEG5SeQWsJBqKw0YdhjQHaE8%26pid%3DApi&q=0&b=1&p=0&a=0<separationlienimage>https://s2.qwant.com/thumbr/474x266/d/4/ee17cb5f75dc787b836c251177be18e456abf8e9c599965626b4cd60abc726/th.jpg?u=https%3A%2F%2Ftse.mm.bing.net%2Fth%3Fid%3DOIP.wqCIUkZvpCiCDsheaCyCLAHaEK%26pid%3DApi&q=0&b=1&p=0&a=0', 'Explored new trails on a hiking adventure.', 'National Park', '#hiking', 1, 'adventure,hiking', 'order28', 'f7b26b88-9bae-4a6f-8021-64efb6d1d45b', FALSE),
(UUID(), 'Cooking Competition', '2024-08-20', 4, 240, 'https://s2.qwant.com/thumbr/474x316/f/6/387bd095a2d0f1ccc6f49b7edf93b4930e5910003da49612309b72b64824c8/th.jpg?u=https%3A%2F%2Ftse.mm.bing.net%2Fth%3Fid%3DOIP.okaEG5SeQWsJBqKw0YdhjQHaE8%26pid%3DApi&q=0&b=1&p=0&a=0<separationlienimage>https://s2.qwant.com/thumbr/474x266/d/4/ee17cb5f75dc787b836c251177be18e456abf8e9c599965626b4cd60abc726/th.jpg?u=https%3A%2F%2Ftse.mm.bing.net%2Fth%3Fid%3DOIP.wqCIUkZvpCiCDsheaCyCLAHaEK%26pid%3DApi&q=0&b=1&p=0&a=0', 'Competed in a local cooking competition.', 'Community Center', '#cooking', 1, 'competition,cooking', 'order29', '037e545a-273e-4a65-9519-8dac591ca05e', FALSE),
(UUID(), 'Dance Performance', '2024-08-15', 2, 170, 'https://s2.qwant.com/thumbr/474x316/f/6/387bd095a2d0f1ccc6f49b7edf93b4930e5910003da49612309b72b64824c8/th.jpg?u=https%3A%2F%2Ftse.mm.bing.net%2Fth%3Fid%3DOIP.okaEG5SeQWsJBqKw0YdhjQHaE8%26pid%3DApi&q=0&b=1&p=0&a=0<separationlienimage>https://s2.qwant.com/thumbr/474x266/d/4/ee17cb5f75dc787b836c251177be18e456abf8e9c599965626b4cd60abc726/th.jpg?u=https%3A%2F%2Ftse.mm.bing.net%2Fth%3Fid%3DOIP.wqCIUkZvpCiCDsheaCyCLAHaEK%26pid%3DApi&q=0&b=1&p=0&a=0', 'Performed in a dance show.', 'Theater', '#dance', 2, 'performance,dance', 'order30', '635626c0-2c94-4abf-b6fa-19fe7acf6a42', FALSE),
(UUID(), 'Art Workshop', '2024-08-10', 3, 180, 'https://s2.qwant.com/thumbr/474x316/f/6/387bd095a2d0f1ccc6f49b7edf93b4930e5910003da49612309b72b64824c8/th.jpg?u=https%3A%2F%2Ftse.mm.bing.net%2Fth%3Fid%3DOIP.okaEG5SeQWsJBqKw0YdhjQHaE8%26pid%3DApi&q=0&b=1&p=0&a=0<separationlienimage>https://s2.qwant.com/thumbr/474x266/d/4/ee17cb5f75dc787b836c251177be18e456abf8e9c599965626b4cd60abc726/th.jpg?u=https%3A%2F%2Ftse.mm.bing.net%2Fth%3Fid%3DOIP.wqCIUkZvpCiCDsheaCyCLAHaEK%26pid%3DApi&q=0&b=1&p=0&a=0', 'Created art in a workshop.', 'Art Studio', '#art', 1, 'workshop,art', 'order31', 'c2c5f835-bede-4de2-a5ae-94f0ee6c3407', FALSE),
(UUID(), 'Fitness Challenge', '2024-08-05', 1, 100, 'https://s2.qwant.com/thumbr/474x316/f/6/387bd095a2d0f1ccc6f49b7edf93b4930e5910003da49612309b72b64824c8/th.jpg?u=https%3A%2F%2Ftse.mm.bing.net%2Fth%3Fid%3DOIP.okaEG5SeQWsJBqKw0YdhjQHaE8%26pid%3DApi&q=0&b=1&p=0&a=0<separationlienimage>https://s2.qwant.com/thumbr/474x266/d/4/ee17cb5f75dc787b836c251177be18e456abf8e9c599965626b4cd60abc726/th.jpg?u=https%3A%2F%2Ftse.mm.bing.net%2Fth%3Fid%3DOIP.wqCIUkZvpCiCDsheaCyCLAHaEK%26pid%3DApi&q=0&b=1&p=0&a=0', 'ENDED a fitness challenge.', 'Gym', '#fitness', 2, 'challenge,fitness', 'order32', '4f8682d5-f44a-468b-8b83-78b6416c4f2b', FALSE),
(UUID(), 'Nature Walk', '2024-08-01', 3, 120, 'https://s2.qwant.com/thumbr/474x316/f/6/387bd095a2d0f1ccc6f49b7edf93b4930e5910003da49612309b72b64824c8/th.jpg?u=https%3A%2F%2Ftse.mm.bing.net%2Fth%3Fid%3DOIP.okaEG5SeQWsJBqKw0YdhjQHaE8%26pid%3DApi&q=0&b=1&p=0&a=0<separationlienimage>https://s2.qwant.com/thumbr/474x266/d/4/ee17cb5f75dc787b836c251177be18e456abf8e9c599965626b4cd60abc726/th.jpg?u=https%3A%2F%2Ftse.mm.bing.net%2Fth%3Fid%3DOIP.wqCIUkZvpCiCDsheaCyCLAHaEK%26pid%3DApi&q=0&b=1&p=0&a=0', 'Enjoyed a peaceful nature walk.', 'Forest', '#nature', 1, 'walk,nature', 'order33', 'cff54bd7-e83b-490e-aba8-7d6330c137b7', FALSE),
(UUID(), 'Painting Class', '2024-07-25', 2, 140, 'https://s2.qwant.com/thumbr/474x316/6/2/08ebd197e23970a9e412950d3197ce7c90d057d5e408b6a815af0af03f100d/th.jpg?u=https%3A%2F%2Ftse.mm.bing.net%2Fth%3Fid%3DOIP.Dg_Ff0B02hawXT6DJGo6nAHaE8%26pid%3DApi&q=0&b=1&p=0&a=0', 'Learned new painting techniques.', 'Art Studio', '#painting', 1, 'class,painting', 'order34', 'da0f9809-71cf-4913-bce9-6d7f5b2d6d44', FALSE),
(UUID(), 'Volunteer Work', '2024-07-20', 4, 160, 'https://s2.qwant.com/thumbr/474x316/6/2/08ebd197e23970a9e412950d3197ce7c90d057d5e408b6a815af0af03f100d/th.jpg?u=https%3A%2F%2Ftse.mm.bing.net%2Fth%3Fid%3DOIP.Dg_Ff0B02hawXT6DJGo6nAHaE8%26pid%3DApi&q=0&b=1&p=0&a=0', 'Volunteered at a local shelter.', 'Community Center', '#volunteer', 2, 'work,volunteer', 'order35', '446de252-5d4a-407e-8bb7-481a26c11e21', FALSE),
(UUID(), 'Road Trip', '2024-07-15', 3, 180, 'https://s2.qwant.com/thumbr/474x316/6/2/08ebd197e23970a9e412950d3197ce7c90d057d5e408b6a815af0af03f100d/th.jpg?u=https%3A%2F%2Ftse.mm.bing.net%2Fth%3Fid%3DOIP.Dg_Ff0B02hawXT6DJGo6nAHaE8%26pid%3DApi&q=0&b=1&p=0&a=0', 'Went on a fun road trip with friends.', 'Highway', '#roadtrip', 1, 'trip,road', 'order36', '526f6e2d-8d05-4f66-b149-17f109660cb6', FALSE),
(UUID(), 'Board Game Night', '2024-07-10', 1, 110, 'https://s2.qwant.com/thumbr/474x316/6/2/08ebd197e23970a9e412950d3197ce7c90d057d5e408b6a815af0af03f100d/th.jpg?u=https%3A%2F%2Ftse.mm.bing.net%2Fth%3Fid%3DOIP.Dg_Ff0B02hawXT6DJGo6nAHaE8%26pid%3DApi&q=0&b=1&p=0&a=0', 'Had a fun night playing board games.', 'Home', '#games', 2, 'night,games', 'order37', 'b0da8980-cf8b-4a55-a692-4f4ae45e6e92', FALSE),
(UUID(), 'DIY Project', '2024-07-05', 3, 130, 'https://s2.qwant.com/thumbr/474x316/6/2/08ebd197e23970a9e412950d3197ce7c90d057d5e408b6a815af0af03f100d/th.jpg?u=https%3A%2F%2Ftse.mm.bing.net%2Fth%3Fid%3DOIP.Dg_Ff0B02hawXT6DJGo6nAHaE8%26pid%3DApi&q=0&b=1&p=0&a=0', 'ENDED a DIY home project.', 'Home', '#diy', 1, 'project,diy', 'order38', '022d22a1-ad43-4684-8272-d558100f6d5f', FALSE),
(UUID(), 'Kayaking Adventure', '2024-07-01', 4, 150, 'https://s2.qwant.com/thumbr/474x316/6/2/08ebd197e23970a9e412950d3197ce7c90d057d5e408b6a815af0af03f100d/th.jpg?u=https%3A%2F%2Ftse.mm.bing.net%2Fth%3Fid%3DOIP.Dg_Ff0B02hawXT6DJGo6nAHaE8%26pid%3DApi&q=0&b=1&p=0&a=0', 'Went kayaking on a beautiful lake.', 'Lake', '#kayaking', 1, 'adventure,kayaking', 'order39', 'ce216c39-0275-4d0c-9203-d3a09e7ade51', FALSE),
(UUID(), 'Baking Class', '2024-06-25', 2, 170, 'https://s2.qwant.com/thumbr/474x315/7/4/06190a5aaf58a106602431c8a78eed6c0aba7ed8089ac99f8bb97f91876557/th.jpg?u=https%3A%2F%2Ftse.mm.bing.net%2Fth%3Fid%3DOIP.10YryFNgL0dkNu3nBjcnkwHaE7%26pid%3DApi&q=0&b=1&p=0&a=0<separationlienimage>https://s1.qwant.com/thumbr/474x302/0/9/f0c5199baeb87badadfb7d9c6d8c7f02be819ee373c5ca7f5e232fc90aafef/th.jpg?u=https%3A%2F%2Ftse.mm.bing.net%2Fth%3Fid%3DOIP.e7ShWWBxRBiX57Clc5gHeAHaEu%26pid%3DApi&q=0&b=1&p=0&a=0<separationlienimage>https://s2.qwant.com/thumbr/474x366/d/d/2273121c90aaddb4a6af6c39f44decf7f6578000b73aeb8cb5245bef20bd33/th.jpg?u=https%3A%2F%2Ftse.mm.bing.net%2Fth%3Fid%3DOIP.4iRn7jTLuL8po20plexDkAHaFu%26pid%3DApi&q=0&b=1&p=0&a=0', 'Learned to bake delicious pastries.', 'Culinary School', '#baking', 1, 'class,baking', 'order40', '7fa9b68b-80ce-4f5e-8a90-d4e4db57cbb8', FALSE),
(UUID(), 'Horseback Riding', '2024-06-20', 3, 190, 'https://s2.qwant.com/thumbr/474x315/7/4/06190a5aaf58a106602431c8a78eed6c0aba7ed8089ac99f8bb97f91876557/th.jpg?u=https%3A%2F%2Ftse.mm.bing.net%2Fth%3Fid%3DOIP.10YryFNgL0dkNu3nBjcnkwHaE7%26pid%3DApi&q=0&b=1&p=0&a=0<separationlienimage>https://s1.qwant.com/thumbr/474x302/0/9/f0c5199baeb87badadfb7d9c6d8c7f02be819ee373c5ca7f5e232fc90aafef/th.jpg?u=https%3A%2F%2Ftse.mm.bing.net%2Fth%3Fid%3DOIP.e7ShWWBxRBiX57Clc5gHeAHaEu%26pid%3DApi&q=0&b=1&p=0&a=0<separationlienimage>https://s2.qwant.com/thumbr/474x366/d/d/2273121c90aaddb4a6af6c39f44decf7f6578000b73aeb8cb5245bef20bd33/th.jpg?u=https%3A%2F%2Ftse.mm.bing.net%2Fth%3Fid%3DOIP.4iRn7jTLuL8po20plexDkAHaFu%26pid%3DApi&q=0&b=1&p=0&a=0', 'Enjoyed a horseback riding session.', 'Ranch', '#horsebackriding', 1, 'riding,horseback', 'order41', 'fd8c1b82-9fd1-47fb-ae98-f3f0e8762a27', FALSE),
(UUID(), 'Language Class', '2024-06-15', 1, 100, 'https://s2.qwant.com/thumbr/474x315/7/4/06190a5aaf58a106602431c8a78eed6c0aba7ed8089ac99f8bb97f91876557/th.jpg?u=https%3A%2F%2Ftse.mm.bing.net%2Fth%3Fid%3DOIP.10YryFNgL0dkNu3nBjcnkwHaE7%26pid%3DApi&q=0&b=1&p=0&a=0<separationlienimage>https://s1.qwant.com/thumbr/474x302/0/9/f0c5199baeb87badadfb7d9c6d8c7f02be819ee373c5ca7f5e232fc90aafef/th.jpg?u=https%3A%2F%2Ftse.mm.bing.net%2Fth%3Fid%3DOIP.e7ShWWBxRBiX57Clc5gHeAHaEu%26pid%3DApi&q=0&b=1&p=0&a=0<separationlienimage>https://s2.qwant.com/thumbr/474x366/d/d/2273121c90aaddb4a6af6c39f44decf7f6578000b73aeb8cb5245bef20bd33/th.jpg?u=https%3A%2F%2Ftse.mm.bing.net%2Fth%3Fid%3DOIP.4iRn7jTLuL8po20plexDkAHaFu%26pid%3DApi&q=0&b=1&p=0&a=0', 'Started learning a new language.', 'Language School', '#language', 2, 'class,language', 'order42', '9c548d22-7a2d-4c9c-b25a-aa9f6c77d549', FALSE),
(UUID(), 'Scuba Diving', '2024-06-10', 4, 210, 'https://s2.qwant.com/thumbr/474x315/7/4/06190a5aaf58a106602431c8a78eed6c0aba7ed8089ac99f8bb97f91876557/th.jpg?u=https%3A%2F%2Ftse.mm.bing.net%2Fth%3Fid%3DOIP.10YryFNgL0dkNu3nBjcnkwHaE7%26pid%3DApi&q=0&b=1&p=0&a=0<separationlienimage>https://s1.qwant.com/thumbr/474x302/0/9/f0c5199baeb87badadfb7d9c6d8c7f02be819ee373c5ca7f5e232fc90aafef/th.jpg?u=https%3A%2F%2Ftse.mm.bing.net%2Fth%3Fid%3DOIP.e7ShWWBxRBiX57Clc5gHeAHaEu%26pid%3DApi&q=0&b=1&p=0&a=0<separationlienimage>https://s2.qwant.com/thumbr/474x366/d/d/2273121c90aaddb4a6af6c39f44decf7f6578000b73aeb8cb5245bef20bd33/th.jpg?u=https%3A%2F%2Ftse.mm.bing.net%2Fth%3Fid%3DOIP.4iRn7jTLuL8po20plexDkAHaFu%26pid%3DApi&q=0&b=1&p=0&a=0', 'Explored the underwater world.', 'Ocean', '#scuba', 1, 'diving,scuba', 'order43', '81e426fe-aca1-4941-9936-e3a31ec567f8', FALSE),
(UUID(), 'Potluck Dinner', '2024-06-05', 2, 120, 'https://s2.qwant.com/thumbr/474x315/7/4/06190a5aaf58a106602431c8a78eed6c0aba7ed8089ac99f8bb97f91876557/th.jpg?u=https%3A%2F%2Ftse.mm.bing.net%2Fth%3Fid%3DOIP.10YryFNgL0dkNu3nBjcnkwHaE7%26pid%3DApi&q=0&b=1&p=0&a=0<separationlienimage>https://s1.qwant.com/thumbr/474x302/0/9/f0c5199baeb87badadfb7d9c6d8c7f02be819ee373c5ca7f5e232fc90aafef/th.jpg?u=https%3A%2F%2Ftse.mm.bing.net%2Fth%3Fid%3DOIP.e7ShWWBxRBiX57Clc5gHeAHaEu%26pid%3DApi&q=0&b=1&p=0&a=0<separationlienimage>https://s2.qwant.com/thumbr/474x366/d/d/2273121c90aaddb4a6af6c39f44decf7f6578000b73aeb8cb5245bef20bd33/th.jpg?u=https%3A%2F%2Ftse.mm.bing.net%2Fth%3Fid%3DOIP.4iRn7jTLuL8po20plexDkAHaFu%26pid%3DApi&q=0&b=1&p=0&a=0', 'Hosted a potluck dinner with friends.', 'Home', '#food', 2, 'dinner,potluck', 'order44', 'd78fbf55-a771-4e8d-b8f9-7eb1af8d1c80', FALSE),
(UUID(), 'Bird Watching', '2024-06-01', 3, 140, 'https://s2.qwant.com/thumbr/474x315/7/4/06190a5aaf58a106602431c8a78eed6c0aba7ed8089ac99f8bb97f91876557/th.jpg?u=https%3A%2F%2Ftse.mm.bing.net%2Fth%3Fid%3DOIP.10YryFNgL0dkNu3nBjcnkwHaE7%26pid%3DApi&q=0&b=1&p=0&a=0<separationlienimage>https://s1.qwant.com/thumbr/474x302/0/9/f0c5199baeb87badadfb7d9c6d8c7f02be819ee373c5ca7f5e232fc90aafef/th.jpg?u=https%3A%2F%2Ftse.mm.bing.net%2Fth%3Fid%3DOIP.e7ShWWBxRBiX57Clc5gHeAHaEu%26pid%3DApi&q=0&b=1&p=0&a=0<separationlienimage>https://s2.qwant.com/thumbr/474x366/d/d/2273121c90aaddb4a6af6c39f44decf7f6578000b73aeb8cb5245bef20bd33/th.jpg?u=https%3A%2F%2Ftse.mm.bing.net%2Fth%3Fid%3DOIP.4iRn7jTLuL8po20plexDkAHaFu%26pid%3DApi&q=0&b=1&p=0&a=0', 'Spent a day bird watching.', 'Park', '#birdwatching', 1, 'watching,bird', 'order45', '61c24e4a-4486-4e7c-bae4-9ceae7aa668a', FALSE),
(UUID(), 'Craft Workshop', '2024-05-25', 1, 160, 'https://s1.qwant.com/thumbr/474x316/9/e/4f968fd7dd85c7c83eadddc80524fc9e1bb1cfd673c2a9eb21f0083cbb8570/th.jpg?u=https%3A%2F%2Ftse.mm.bing.net%2Fth%3Fid%3DOIP.Df0vZtLhyFa_O_bq4DPbQgHaE8%26pid%3DApi&q=0&b=1&p=0&a=0', 'Created handmade crafts.', 'Workshop', '#craft', 2, 'workshop,craft', 'order46', '27d4dce5-42db-4405-8025-5c23b9a67a2d', FALSE),
(UUID(), 'Sunset Hike', '2024-05-20', 3, 180, 'https://s1.qwant.com/thumbr/474x316/9/e/4f968fd7dd85c7c83eadddc80524fc9e1bb1cfd673c2a9eb21f0083cbb8570/th.jpg?u=https%3A%2F%2Ftse.mm.bing.net%2Fth%3Fid%3DOIP.Df0vZtLhyFa_O_bq4DPbQgHaE8%26pid%3DApi&q=0&b=1&p=0&a=0', 'Went on a beautiful sunset hike.', 'Mountain', '#hiking', 1, 'hike,sunset', 'order47', '4f468dba-2506-44f7-a27a-4d825349d738', FALSE),
(UUID(), 'Cooking Demo', '2024-05-15', 4, 200, 'https://s1.qwant.com/thumbr/474x316/9/e/4f968fd7dd85c7c83eadddc80524fc9e1bb1cfd673c2a9eb21f0083cbb8570/th.jpg?u=https%3A%2F%2Ftse.mm.bing.net%2Fth%3Fid%3DOIP.Df0vZtLhyFa_O_bq4DPbQgHaE8%26pid%3DApi&q=0&b=1&p=0&a=0', 'Attended a live cooking demo.', 'Culinary School', '#cooking', 1, 'demo,cooking', 'order48', '88a4e4f3-1622-4dda-a8c0-efc421ae9dfa', FALSE),
(UUID(), 'Beach Cleanup', '2024-05-10', 2, 110, 'https://s1.qwant.com/thumbr/474x316/9/e/4f968fd7dd85c7c83eadddc80524fc9e1bb1cfd673c2a9eb21f0083cbb8570/th.jpg?u=https%3A%2F%2Ftse.mm.bing.net%2Fth%3Fid%3DOIP.Df0vZtLhyFa_O_bq4DPbQgHaE8%26pid%3DApi&q=0&b=1&p=0&a=0', 'Participated in a beach cleanup event.', 'Beach', '#cleanup', 2, 'beach,cleanup', 'order49', '9f0c6aa9-5632-49a2-8c6d-bfe94f04224e', FALSE),
(UUID(), 'Flower Show', '2024-05-05', 3, 130, 'https://s1.qwant.com/thumbr/474x316/9/e/4f968fd7dd85c7c83eadddc80524fc9e1bb1cfd673c2a9eb21f0083cbb8570/th.jpg?u=https%3A%2F%2Ftse.mm.bing.net%2Fth%3Fid%3DOIP.Df0vZtLhyFa_O_bq4DPbQgHaE8%26pid%3DApi&q=0&b=1&p=0&a=0', 'Visited a beautiful flower show.', 'Garden', '#flowers', 1, 'show,flowers', 'order50', 'afa77a96-2166-4db4-b327-3fe9f9cf5d7c', FALSE),
(UUID(), 'Nature Walk', '2024-05-01', 3, 120, 'https://s1.qwant.com/thumbr/474x316/9/e/4f968fd7dd85c7c83eadddc80524fc9e1bb1cfd673c2a9eb21f0083cbb8570/th.jpg?u=https%3A%2F%2Ftse.mm.bing.net%2Fth%3Fid%3DOIP.Df0vZtLhyFa_O_bq4DPbQgHaE8%26pid%3DApi&q=0&b=1&p=0&a=0', 'Enjoyed a peaceful nature walk.', 'Forest', '#nature', 1, 'walk,nature', 'order51', 'b89df274-0451-4638-be76-cfd65a0a021e', FALSE),
(UUID(), 'Painting Class', '2024-04-25', 2, 140, 'https://s2.qwant.com/thumbr/474x338/d/1/d8a55e65944805201cbd80c2de01dd5ea18899f76c85cc9b759ddac34ef6f1/th.jpg?u=https%3A%2F%2Ftse.mm.bing.net%2Fth%3Fid%3DOIP.9Q11j06j8BPIlYYSGPNdpgHaFS%26pid%3DApi&q=0&b=1&p=0&a=0', 'Learned new painting techniques.', 'Art Studio', '#painting', 1, 'class,painting', 'order52', 'bc68f758-fc66-4b01-85b5-9da9e8953e44', FALSE),
(UUID(), 'Volunteer Work', '2024-04-20', 4, 160, 'https://s2.qwant.com/thumbr/474x338/d/1/d8a55e65944805201cbd80c2de01dd5ea18899f76c85cc9b759ddac34ef6f1/th.jpg?u=https%3A%2F%2Ftse.mm.bing.net%2Fth%3Fid%3DOIP.9Q11j06j8BPIlYYSGPNdpgHaFS%26pid%3DApi&q=0&b=1&p=0&a=0', 'Volunteered at a local shelter.', 'Community Center', '#volunteer', 2, 'work,volunteer', 'order53', 'aa0aceaa-57c5-4496-9c38-d404b13a40b1', FALSE),
(UUID(), 'Road Trip', '2024-04-15', 3, 180, 'https://s2.qwant.com/thumbr/474x338/d/1/d8a55e65944805201cbd80c2de01dd5ea18899f76c85cc9b759ddac34ef6f1/th.jpg?u=https%3A%2F%2Ftse.mm.bing.net%2Fth%3Fid%3DOIP.9Q11j06j8BPIlYYSGPNdpgHaFS%26pid%3DApi&q=0&b=1&p=0&a=0', 'Went on a fun road trip with friends.', 'Highway', '#roadtrip', 1, 'trip,road', 'order54', '55668095-f677-4e21-83b7-ce8784946247', FALSE),
(UUID(), 'Board Game Night', '2024-04-10', 1, 110, 'https://s2.qwant.com/thumbr/474x338/d/1/d8a55e65944805201cbd80c2de01dd5ea18899f76c85cc9b759ddac34ef6f1/th.jpg?u=https%3A%2F%2Ftse.mm.bing.net%2Fth%3Fid%3DOIP.9Q11j06j8BPIlYYSGPNdpgHaFS%26pid%3DApi&q=0&b=1&p=0&a=0', 'Had a fun night playing board games.', 'Home', '#games', 2, 'night,games', 'ef4f7b2e-cce3-11ef-b916-b48c9d6df3cd', '66ed8a89-c823-4821-9589-859c7ebe8ad2', FALSE),
(UUID(), 'DIY Project', '2024-04-05', 3, 130, 'https://s2.qwant.com/thumbr/474x338/d/1/d8a55e65944805201cbd80c2de01dd5ea18899f76c85cc9b759ddac34ef6f1/th.jpg?u=https%3A%2F%2Ftse.mm.bing.net%2Fth%3Fid%3DOIP.9Q11j06j8BPIlYYSGPNdpgHaFS%26pid%3DApi&q=0&b=1&p=0&a=0', 'ENDED a DIY home project.', 'Home', '#diy', 1, 'project,diy', 'ef4f8184-cce3-11ef-b916-b48c9d6df3cd', 'f972326e-401c-44ce-bf20-346fbd96222f', FALSE),
(UUID(), 'Kayaking Adventure', '2024-04-01', 4, 150, 'https://s2.qwant.com/thumbr/474x338/d/1/d8a55e65944805201cbd80c2de01dd5ea18899f76c85cc9b759ddac34ef6f1/th.jpg?u=https%3A%2F%2Ftse.mm.bing.net%2Fth%3Fid%3DOIP.9Q11j06j8BPIlYYSGPNdpgHaFS%26pid%3DApi&q=0&b=1&p=0&a=0', 'Went kayaking on a beautiful lake.', 'Lake', '#kayaking', 1, 'adventure,kayaking', 'ef4f8326-cce3-11ef-b916-b48c9d6df3cd', 'ae512b71-e1a3-4b40-bf92-917801b3e902', FALSE),
(UUID(), 'Baking Class', '2024-03-25', 2, 170, 'https://s1.qwant.com/thumbr/474x296/3/3/4a375348c6d25b473ff6824bbf74f83d4459c9925786430ed34b3c0254b37e/th.jpg?u=https%3A%2F%2Ftse3.explicit.bing.net%2Fth%3Fid%3DOIP.y3b-ndE3BWeSl7xjAahD9wHaEo%26pid%3DApi&q=0&b=1&p=0&a=0<separationlienimage>https://s2.qwant.com/thumbr/474x316/c/8/d8012ae05688d210d9b1c5e2fd27b4ccb5baaea7edc85c6b93acf59bf9dd91/th.jpg?u=https%3A%2F%2Ftse.mm.bing.net%2Fth%3Fid%3DOIP.rhh9E8mtkIRktLihHUZ8pAHaE8%26pid%3DApi&q=0&b=1&p=0&a=0', 'Learned to bake delicious pastries.', 'Culinary School', '#baking', 1, 'class,baking', 'ef4f8568-cce3-11ef-b916-b48c9d6df3cd', 'adf11883-da54-4ddf-a548-4ba12604033b', FALSE),
(UUID(), 'Horseback Riding', '2024-03-20', 3, 190, 'https://s1.qwant.com/thumbr/474x296/3/3/4a375348c6d25b473ff6824bbf74f83d4459c9925786430ed34b3c0254b37e/th.jpg?u=https%3A%2F%2Ftse3.explicit.bing.net%2Fth%3Fid%3DOIP.y3b-ndE3BWeSl7xjAahD9wHaEo%26pid%3DApi&q=0&b=1&p=0&a=0<separationlienimage>https://s2.qwant.com/thumbr/474x316/c/8/d8012ae05688d210d9b1c5e2fd27b4ccb5baaea7edc85c6b93acf59bf9dd91/th.jpg?u=https%3A%2F%2Ftse.mm.bing.net%2Fth%3Fid%3DOIP.rhh9E8mtkIRktLihHUZ8pAHaE8%26pid%3DApi&q=0&b=1&p=0&a=0', 'Enjoyed a horseback riding session.', 'Ranch', '#horsebackriding', 1, 'riding,horseback', 'ef4f879e-cce3-11ef-b916-b48c9d6df3cd', '1f152489-da9b-4832-80b2-7c6329be6303', FALSE),
(UUID(), 'Language Class', '2024-03-15', 1, 100, 'https://s1.qwant.com/thumbr/474x296/3/3/4a375348c6d25b473ff6824bbf74f83d4459c9925786430ed34b3c0254b37e/th.jpg?u=https%3A%2F%2Ftse3.explicit.bing.net%2Fth%3Fid%3DOIP.y3b-ndE3BWeSl7xjAahD9wHaEo%26pid%3DApi&q=0&b=1&p=0&a=0<separationlienimage>https://s2.qwant.com/thumbr/474x316/c/8/d8012ae05688d210d9b1c5e2fd27b4ccb5baaea7edc85c6b93acf59bf9dd91/th.jpg?u=https%3A%2F%2Ftse.mm.bing.net%2Fth%3Fid%3DOIP.rhh9E8mtkIRktLihHUZ8pAHaE8%26pid%3DApi&q=0&b=1&p=0&a=0', 'Started learning a new language.', 'Language School', '#language', 2, 'class,language', 'ef4f8ae2-cce3-11ef-b916-b48c9d6df3cd', 'cd74daea-7c0e-4e41-bb8f-b49ade29bec3', FALSE),
(UUID(), 'Scuba Diving', '2024-03-10', 4, 210, 'https://s1.qwant.com/thumbr/474x296/3/3/4a375348c6d25b473ff6824bbf74f83d4459c9925786430ed34b3c0254b37e/th.jpg?u=https%3A%2F%2Ftse3.explicit.bing.net%2Fth%3Fid%3DOIP.y3b-ndE3BWeSl7xjAahD9wHaEo%26pid%3DApi&q=0&b=1&p=0&a=0<separationlienimage>https://s2.qwant.com/thumbr/474x316/c/8/d8012ae05688d210d9b1c5e2fd27b4ccb5baaea7edc85c6b93acf59bf9dd91/th.jpg?u=https%3A%2F%2Ftse.mm.bing.net%2Fth%3Fid%3DOIP.rhh9E8mtkIRktLihHUZ8pAHaE8%26pid%3DApi&q=0&b=1&p=0&a=0', 'Explored the underwater world.', 'Ocean', '#scuba', 1, 'diving,scuba', 'ef4f8d28-cce3-11ef-b916-b48c9d6df3cd', '2e93b113-45b7-48e9-b565-1609aa963305', FALSE),
(UUID(), 'Potluck Dinner', '2024-03-05', 2, 120, 'https://s1.qwant.com/thumbr/474x296/3/3/4a375348c6d25b473ff6824bbf74f83d4459c9925786430ed34b3c0254b37e/th.jpg?u=https%3A%2F%2Ftse3.explicit.bing.net%2Fth%3Fid%3DOIP.y3b-ndE3BWeSl7xjAahD9wHaEo%26pid%3DApi&q=0&b=1&p=0&a=0<separationlienimage>https://s2.qwant.com/thumbr/474x316/c/8/d8012ae05688d210d9b1c5e2fd27b4ccb5baaea7edc85c6b93acf59bf9dd91/th.jpg?u=https%3A%2F%2Ftse.mm.bing.net%2Fth%3Fid%3DOIP.rhh9E8mtkIRktLihHUZ8pAHaE8%26pid%3DApi&q=0&b=1&p=0&a=0', 'Hosted a potluck dinner with friends.', 'Home', '#food', 2, 'dinner,potluck', 'ef4f8f6a-cce3-11ef-b916-b48c9d6df3cd', 'd41b60e4-2bc0-4eeb-b132-3f958a9c2330', FALSE),
(UUID(), 'Bird Watching', '2024-03-01', 3, 140, 'https://s1.qwant.com/thumbr/474x296/3/3/4a375348c6d25b473ff6824bbf74f83d4459c9925786430ed34b3c0254b37e/th.jpg?u=https%3A%2F%2Ftse3.explicit.bing.net%2Fth%3Fid%3DOIP.y3b-ndE3BWeSl7xjAahD9wHaEo%26pid%3DApi&q=0&b=1&p=0&a=0<separationlienimage>https://s2.qwant.com/thumbr/474x316/c/8/d8012ae05688d210d9b1c5e2fd27b4ccb5baaea7edc85c6b93acf59bf9dd91/th.jpg?u=https%3A%2F%2Ftse.mm.bing.net%2Fth%3Fid%3DOIP.rhh9E8mtkIRktLihHUZ8pAHaE8%26pid%3DApi&q=0&b=1&p=0&a=0', 'Spent a day bird watching.', 'Park', '#birdwatching', 1, 'watching,bird', 'ef4f91c4-cce3-11ef-b916-b48c9d6df3cd', '9e27ba0d-6006-4489-b40a-16fb8ac36ae6', FALSE),
(UUID(), 'Craft Workshop', '2024-02-25', 1, 160, 'https://s2.qwant.com/thumbr/474x316/f/6/387bd095a2d0f1ccc6f49b7edf93b4930e5910003da49612309b72b64824c8/th.jpg?u=https%3A%2F%2Ftse.mm.bing.net%2Fth%3Fid%3DOIP.okaEG5SeQWsJBqKw0YdhjQHaE8%26pid%3DApi&q=0&b=1&p=0&a=0<separationlienimage>https://s2.qwant.com/thumbr/474x266/d/4/ee17cb5f75dc787b836c251177be18e456abf8e9c599965626b4cd60abc726/th.jpg?u=https%3A%2F%2Ftse.mm.bing.net%2Fth%3Fid%3DOIP.wqCIUkZvpCiCDsheaCyCLAHaEK%26pid%3DApi&q=0&b=1&p=0&a=0', 'Created handmade crafts.', 'Workshop', '#craft', 2, 'workshop,craft', 'ef4f93fe-cce3-11ef-b916-b48c9d6df3cd', 'c8185919-219a-48ea-854e-8db9d4e92a88', FALSE),
(UUID(), 'Sunset Hike', '2024-02-20', 3, 180, 'https://s2.qwant.com/thumbr/474x316/f/6/387bd095a2d0f1ccc6f49b7edf93b4930e5910003da49612309b72b64824c8/th.jpg?u=https%3A%2F%2Ftse.mm.bing.net%2Fth%3Fid%3DOIP.okaEG5SeQWsJBqKw0YdhjQHaE8%26pid%3DApi&q=0&b=1&p=0&a=0<separationlienimage>https://s2.qwant.com/thumbr/474x266/d/4/ee17cb5f75dc787b836c251177be18e456abf8e9c599965626b4cd60abc726/th.jpg?u=https%3A%2F%2Ftse.mm.bing.net%2Fth%3Fid%3DOIP.wqCIUkZvpCiCDsheaCyCLAHaEK%26pid%3DApi&q=0&b=1&p=0&a=0', 'Went on a beautiful sunset hike.', 'Mountain', '#hiking', 1, 'hike,sunset', 'dfc1fd09-0b7a-45bd-9f50-d353ea2e8652', '6f53dac5-e547-48d4-932c-2efb9770746e', FALSE),
(UUID(), 'Cooking Demo', '2024-02-15', 4, 200, 'https://s2.qwant.com/thumbr/474x316/f/6/387bd095a2d0f1ccc6f49b7edf93b4930e5910003da49612309b72b64824c8/th.jpg?u=https%3A%2F%2Ftse.mm.bing.net%2Fth%3Fid%3DOIP.okaEG5SeQWsJBqKw0YdhjQHaE8%26pid%3DApi&q=0&b=1&p=0&a=0<separationlienimage>https://s2.qwant.com/thumbr/474x266/d/4/ee17cb5f75dc787b836c251177be18e456abf8e9c599965626b4cd60abc726/th.jpg?u=https%3A%2F%2Ftse.mm.bing.net%2Fth%3Fid%3DOIP.wqCIUkZvpCiCDsheaCyCLAHaEK%26pid%3DApi&q=0&b=1&p=0&a=0', 'Attended a live cooking demo.', 'Culinary School', '#cooking', 1, 'demo,cooking', 'a43443be-eccb-477c-81b4-a79b07c6a22b', 'a33ab7e9-961a-46c2-b832-26225c393335', FALSE),
(UUID(), 'Beach Cleanup', '2024-02-10', 2, 110, 'https://s2.qwant.com/thumbr/474x316/f/6/387bd095a2d0f1ccc6f49b7edf93b4930e5910003da49612309b72b64824c8/th.jpg?u=https%3A%2F%2Ftse.mm.bing.net%2Fth%3Fid%3DOIP.okaEG5SeQWsJBqKw0YdhjQHaE8%26pid%3DApi&q=0&b=1&p=0&a=0<separationlienimage>https://s2.qwant.com/thumbr/474x266/d/4/ee17cb5f75dc787b836c251177be18e456abf8e9c599965626b4cd60abc726/th.jpg?u=https%3A%2F%2Ftse.mm.bing.net%2Fth%3Fid%3DOIP.wqCIUkZvpCiCDsheaCyCLAHaEK%26pid%3DApi&q=0&b=1&p=0&a=0', 'Participated in a beach cleanup event.', 'Beach', '#cleanup', 2, 'beach,cleanup', '915e4b91-f60d-4980-8f38-4e02d0e02d78', 'e4b4c683-c067-4fa7-82f1-60e448d59afe', FALSE),
(UUID(), 'Flower Show', '2024-02-05', 3, 130, 'https://s2.qwant.com/thumbr/474x316/f/6/387bd095a2d0f1ccc6f49b7edf93b4930e5910003da49612309b72b64824c8/th.jpg?u=https%3A%2F%2Ftse.mm.bing.net%2Fth%3Fid%3DOIP.okaEG5SeQWsJBqKw0YdhjQHaE8%26pid%3DApi&q=0&b=1&p=0&a=0<separationlienimage>https://s2.qwant.com/thumbr/474x266/d/4/ee17cb5f75dc787b836c251177be18e456abf8e9c599965626b4cd60abc726/th.jpg?u=https%3A%2F%2Ftse.mm.bing.net%2Fth%3Fid%3DOIP.wqCIUkZvpCiCDsheaCyCLAHaEK%26pid%3DApi&q=0&b=1&p=0&a=0', 'Visited a beautiful flower show.', 'Garden', '#flowers', 1, 'show,flowers', 'dc725f1d-5242-4e11-9f85-bad4a6f2090f', '594a8d3f-53a4-4c1f-a514-71422b837b5b', FALSE),
(UUID(), 'Nature Walk', '2024-02-01', 3, 120, 'https://s2.qwant.com/thumbr/474x316/f/6/387bd095a2d0f1ccc6f49b7edf93b4930e5910003da49612309b72b64824c8/th.jpg?u=https%3A%2F%2Ftse.mm.bing.net%2Fth%3Fid%3DOIP.okaEG5SeQWsJBqKw0YdhjQHaE8%26pid%3DApi&q=0&b=1&p=0&a=0<separationlienimage>https://s2.qwant.com/thumbr/474x266/d/4/ee17cb5f75dc787b836c251177be18e456abf8e9c599965626b4cd60abc726/th.jpg?u=https%3A%2F%2Ftse.mm.bing.net%2Fth%3Fid%3DOIP.wqCIUkZvpCiCDsheaCyCLAHaEK%26pid%3DApi&q=0&b=1&p=0&a=0', 'Enjoyed a peaceful nature walk.', 'Forest', '#nature', 1, 'walk,nature', '27117cb9-b482-43ac-9c9f-bc91feef4a63', '2b224bde-1d85-4f2b-9aea-6092ba676f77', FALSE),
(UUID(), 'Painting Class', '2024-01-25', 2, 140, 'https://s2.qwant.com/thumbr/474x315/7/4/06190a5aaf58a106602431c8a78eed6c0aba7ed8089ac99f8bb97f91876557/th.jpg?u=https%3A%2F%2Ftse.mm.bing.net%2Fth%3Fid%3DOIP.10YryFNgL0dkNu3nBjcnkwHaE7%26pid%3DApi&q=0&b=1&p=0&a=0<separationlienimage>https://s1.qwant.com/thumbr/474x302/0/9/f0c5199baeb87badadfb7d9c6d8c7f02be819ee373c5ca7f5e232fc90aafef/th.jpg?u=https%3A%2F%2Ftse.mm.bing.net%2Fth%3Fid%3DOIP.e7ShWWBxRBiX57Clc5gHeAHaEu%26pid%3DApi&q=0&b=1&p=0&a=0<separationlienimage>https://s2.qwant.com/thumbr/474x366/d/d/2273121c90aaddb4a6af6c39f44decf7f6578000b73aeb8cb5245bef20bd33/th.jpg?u=https%3A%2F%2Ftse.mm.bing.net%2Fth%3Fid%3DOIP.4iRn7jTLuL8po20plexDkAHaFu%26pid%3DApi&q=0&b=1&p=0&a=0', 'Learned new painting techniques.', 'Art Studio', '#painting', 1, 'class,painting', '361f8c50-2b99-4003-8c4b-c97abe830549', 'f06c7141-c628-406a-b9f2-ff022831e2a6', FALSE),
(UUID(), 'Volunteer Work', '2024-01-20', 4, 160, 'https://s2.qwant.com/thumbr/474x315/7/4/06190a5aaf58a106602431c8a78eed6c0aba7ed8089ac99f8bb97f91876557/th.jpg?u=https%3A%2F%2Ftse.mm.bing.net%2Fth%3Fid%3DOIP.10YryFNgL0dkNu3nBjcnkwHaE7%26pid%3DApi&q=0&b=1&p=0&a=0<separationlienimage>https://s1.qwant.com/thumbr/474x302/0/9/f0c5199baeb87badadfb7d9c6d8c7f02be819ee373c5ca7f5e232fc90aafef/th.jpg?u=https%3A%2F%2Ftse.mm.bing.net%2Fth%3Fid%3DOIP.e7ShWWBxRBiX57Clc5gHeAHaEu%26pid%3DApi&q=0&b=1&p=0&a=0<separationlienimage>https://s2.qwant.com/thumbr/474x366/d/d/2273121c90aaddb4a6af6c39f44decf7f6578000b73aeb8cb5245bef20bd33/th.jpg?u=https%3A%2F%2Ftse.mm.bing.net%2Fth%3Fid%3DOIP.4iRn7jTLuL8po20plexDkAHaFu%26pid%3DApi&q=0&b=1&p=0&a=0', 'Volunteered at a local shelter.', 'Community Center', '#volunteer', 2, 'work,volunteer', '2a12ab01-f358-4258-ab49-77487d1a8303', '2e7311b6-7d07-4073-bde0-9c40f0fe8557', FALSE),
(UUID(), 'Road Trip', '2024-01-15', 3, 180, 'https://s2.qwant.com/thumbr/474x315/7/4/06190a5aaf58a106602431c8a78eed6c0aba7ed8089ac99f8bb97f91876557/th.jpg?u=https%3A%2F%2Ftse.mm.bing.net%2Fth%3Fid%3DOIP.10YryFNgL0dkNu3nBjcnkwHaE7%26pid%3DApi&q=0&b=1&p=0&a=0<separationlienimage>https://s1.qwant.com/thumbr/474x302/0/9/f0c5199baeb87badadfb7d9c6d8c7f02be819ee373c5ca7f5e232fc90aafef/th.jpg?u=https%3A%2F%2Ftse.mm.bing.net%2Fth%3Fid%3DOIP.e7ShWWBxRBiX57Clc5gHeAHaEu%26pid%3DApi&q=0&b=1&p=0&a=0<separationlienimage>https://s2.qwant.com/thumbr/474x366/d/d/2273121c90aaddb4a6af6c39f44decf7f6578000b73aeb8cb5245bef20bd33/th.jpg?u=https%3A%2F%2Ftse.mm.bing.net%2Fth%3Fid%3DOIP.4iRn7jTLuL8po20plexDkAHaFu%26pid%3DApi&q=0&b=1&p=0&a=0', 'Went on a fun road trip with friends.', 'Highway', '#roadtrip', 1, 'trip,road', '489f8bcd-7a3f-4ef9-942f-2f8d7b573675', 'f619e28f-a0ed-4849-b389-6ded157ad901', FALSE),
(UUID(), 'Board Game Night', '2024-01-10', 1, 110, 'https://s2.qwant.com/thumbr/474x315/7/4/06190a5aaf58a106602431c8a78eed6c0aba7ed8089ac99f8bb97f91876557/th.jpg?u=https%3A%2F%2Ftse.mm.bing.net%2Fth%3Fid%3DOIP.10YryFNgL0dkNu3nBjcnkwHaE7%26pid%3DApi&q=0&b=1&p=0&a=0<separationlienimage>https://s1.qwant.com/thumbr/474x302/0/9/f0c5199baeb87badadfb7d9c6d8c7f02be819ee373c5ca7f5e232fc90aafef/th.jpg?u=https%3A%2F%2Ftse.mm.bing.net%2Fth%3Fid%3DOIP.e7ShWWBxRBiX57Clc5gHeAHaEu%26pid%3DApi&q=0&b=1&p=0&a=0<separationlienimage>https://s2.qwant.com/thumbr/474x366/d/d/2273121c90aaddb4a6af6c39f44decf7f6578000b73aeb8cb5245bef20bd33/th.jpg?u=https%3A%2F%2Ftse.mm.bing.net%2Fth%3Fid%3DOIP.4iRn7jTLuL8po20plexDkAHaFu%26pid%3DApi&q=0&b=1&p=0&a=0', 'Had a fun night playing board games.', 'Home', '#games', 2, 'night,games', 'b5c8cf0a-fd59-49cd-a060-1d0727226474', '979535d3-7cac-4827-891d-3357bf3aa6c7', FALSE),
(UUID(), 'DIY Project', '2024-01-05', 3, 130, 'https://s2.qwant.com/thumbr/474x315/7/4/06190a5aaf58a106602431c8a78eed6c0aba7ed8089ac99f8bb97f91876557/th.jpg?u=https%3A%2F%2Ftse.mm.bing.net%2Fth%3Fid%3DOIP.10YryFNgL0dkNu3nBjcnkwHaE7%26pid%3DApi&q=0&b=1&p=0&a=0<separationlienimage>https://s1.qwant.com/thumbr/474x302/0/9/f0c5199baeb87badadfb7d9c6d8c7f02be819ee373c5ca7f5e232fc90aafef/th.jpg?u=https%3A%2F%2Ftse.mm.bing.net%2Fth%3Fid%3DOIP.e7ShWWBxRBiX57Clc5gHeAHaEu%26pid%3DApi&q=0&b=1&p=0&a=0<separationlienimage>https://s2.qwant.com/thumbr/474x366/d/d/2273121c90aaddb4a6af6c39f44decf7f6578000b73aeb8cb5245bef20bd33/th.jpg?u=https%3A%2F%2Ftse.mm.bing.net%2Fth%3Fid%3DOIP.4iRn7jTLuL8po20plexDkAHaFu%26pid%3DApi&q=0&b=1&p=0&a=0', 'ENDED a DIY home project.', 'Home', '#diy', 1, 'project,diy', '28262a7b-42b4-41c9-9610-fa6e5e3c5b1f', '875886d5-d4eb-4362-96fb-206beec6ddad', FALSE),
(UUID(), 'Kayaking Adventure', '2024-01-01', 4, 150, 'https://s2.qwant.com/thumbr/474x315/7/4/06190a5aaf58a106602431c8a78eed6c0aba7ed8089ac99f8bb97f91876557/th.jpg?u=https%3A%2F%2Ftse.mm.bing.net%2Fth%3Fid%3DOIP.10YryFNgL0dkNu3nBjcnkwHaE7%26pid%3DApi&q=0&b=1&p=0&a=0<separationlienimage>https://s1.qwant.com/thumbr/474x302/0/9/f0c5199baeb87badadfb7d9c6d8c7f02be819ee373c5ca7f5e232fc90aafef/th.jpg?u=https%3A%2F%2Ftse.mm.bing.net%2Fth%3Fid%3DOIP.e7ShWWBxRBiX57Clc5gHeAHaEu%26pid%3DApi&q=0&b=1&p=0&a=0<separationlienimage>https://s2.qwant.com/thumbr/474x366/d/d/2273121c90aaddb4a6af6c39f44decf7f6578000b73aeb8cb5245bef20bd33/th.jpg?u=https%3A%2F%2Ftse.mm.bing.net%2Fth%3Fid%3DOIP.4iRn7jTLuL8po20plexDkAHaFu%26pid%3DApi&q=0&b=1&p=0&a=0', 'Went kayaking on a beautiful lake.', 'Lake', '#kayaking', 1, 'adventure,kayaking', '2c6395c9-ad93-45c9-86a9-6f8a1637082a', '85efc017-adf3-44c8-b4fb-6a5a8e0e72ee', FALSE),
(UUID(), 'Baking Class', '2023-12-25', 2, 170, 'https://s1.qwant.com/thumbr/474x316/9/e/4f968fd7dd85c7c83eadddc80524fc9e1bb1cfd673c2a9eb21f0083cbb8570/th.jpg?u=https%3A%2F%2Ftse.mm.bing.net%2Fth%3Fid%3DOIP.Df0vZtLhyFa_O_bq4DPbQgHaE8%26pid%3DApi&q=0&b=1&p=0&a=0', 'Learned to bake delicious pastries.', 'Culinary School', '#baking', 1, 'class,baking', '4284cb6b-84a2-489a-942a-e2308540e4e4', '2d0bd405-bc58-4e07-a00e-2d15b8920ed6', FALSE),
(UUID(), 'Horseback Riding', '2023-12-20', 3, 190, 'https://s1.qwant.com/thumbr/474x316/9/e/4f968fd7dd85c7c83eadddc80524fc9e1bb1cfd673c2a9eb21f0083cbb8570/th.jpg?u=https%3A%2F%2Ftse.mm.bing.net%2Fth%3Fid%3DOIP.Df0vZtLhyFa_O_bq4DPbQgHaE8%26pid%3DApi&q=0&b=1&p=0&a=0', 'Enjoyed a horseback riding session.', 'Ranch', '#horsebackriding', 1, 'riding,horseback', 'a06a8145-63f5-4509-9156-f0afb30dd767', '75a204b0-f9cd-4e3d-a11c-072f5ef5abe5', FALSE),
(UUID(), 'Language Class', '2023-12-15', 1, 100, 'https://s1.qwant.com/thumbr/474x316/9/e/4f968fd7dd85c7c83eadddc80524fc9e1bb1cfd673c2a9eb21f0083cbb8570/th.jpg?u=https%3A%2F%2Ftse.mm.bing.net%2Fth%3Fid%3DOIP.Df0vZtLhyFa_O_bq4DPbQgHaE8%26pid%3DApi&q=0&b=1&p=0&a=0', 'Started learning a new language.', 'Language School', '#language', 2, 'class,language', 'b1a54c96-065b-44ba-b201-715a84c99d1f', '1fc55114-62f0-4b1d-8531-abab2ab1759f', FALSE),
(UUID(), 'Scuba Diving', '2023-12-10', 4, 210, 'https://s1.qwant.com/thumbr/474x316/9/e/4f968fd7dd85c7c83eadddc80524fc9e1bb1cfd673c2a9eb21f0083cbb8570/th.jpg?u=https%3A%2F%2Ftse.mm.bing.net%2Fth%3Fid%3DOIP.Df0vZtLhyFa_O_bq4DPbQgHaE8%26pid%3DApi&q=0&b=1&p=0&a=0', 'Explored the underwater world.', 'Ocean', '#scuba', 1, 'diving,scuba', '3cf09d2a-d82e-4827-9c96-988179c7c39d', '52f2a2d1-4d12-4f10-95c1-abda7d5200c6', FALSE),
(UUID(), 'Potluck Dinner', '2023-12-05', 2, 120, 'https://s1.qwant.com/thumbr/474x316/9/e/4f968fd7dd85c7c83eadddc80524fc9e1bb1cfd673c2a9eb21f0083cbb8570/th.jpg?u=https%3A%2F%2Ftse.mm.bing.net%2Fth%3Fid%3DOIP.Df0vZtLhyFa_O_bq4DPbQgHaE8%26pid%3DApi&q=0&b=1&p=0&a=0', 'Hosted a potluck dinner with friends.', 'Home', '#food', 2, 'dinner,potluck', '14ff5df9-4353-48e4-82fa-53a74dec71b7', '9866c4a1-64e1-45f8-869e-db3e1bee55de', FALSE),
(UUID(), 'Bird Watching', '2023-12-01', 3, 140, 'https://s1.qwant.com/thumbr/474x316/9/e/4f968fd7dd85c7c83eadddc80524fc9e1bb1cfd673c2a9eb21f0083cbb8570/th.jpg?u=https%3A%2F%2Ftse.mm.bing.net%2Fth%3Fid%3DOIP.Df0vZtLhyFa_O_bq4DPbQgHaE8%26pid%3DApi&q=0&b=1&p=0&a=0', 'Spent a day bird watching.', 'Park', '#birdwatching', 1, 'watching,bird', '8efceda2-4cd5-44c5-bcef-1ecc3f625e1e', '9fd3b785-4d45-4e2e-ac46-956c83f3be0e', FALSE),
(UUID(), 'Craft Workshop', '2023-11-25', 1, 160, 'https://s2.qwant.com/thumbr/474x338/d/1/d8a55e65944805201cbd80c2de01dd5ea18899f76c85cc9b759ddac34ef6f1/th.jpg?u=https%3A%2F%2Ftse.mm.bing.net%2Fth%3Fid%3DOIP.9Q11j06j8BPIlYYSGPNdpgHaFS%26pid%3DApi&q=0&b=1&p=0&a=0', 'Created handmade crafts.', 'Workshop', '#craft', 2, 'workshop,craft', '6e570750-6ad3-495e-9a07-7b6a35e1d2b0', 'a6315ff5-53a1-4118-b5f6-2d605e3624ae', FALSE),
(UUID(), 'Sunset Hike', '2023-11-20', 3, 180, 'https://s2.qwant.com/thumbr/474x338/d/1/d8a55e65944805201cbd80c2de01dd5ea18899f76c85cc9b759ddac34ef6f1/th.jpg?u=https%3A%2F%2Ftse.mm.bing.net%2Fth%3Fid%3DOIP.9Q11j06j8BPIlYYSGPNdpgHaFS%26pid%3DApi&q=0&b=1&p=0&a=0', 'Went on a beautiful sunset hike.', 'Mountain', '#hiking', 1, 'hike,sunset', '9293127c-834c-425e-a265-d147382ea8b8', '4ce9f3a9-6f22-48e2-8faa-2e88f17e9781', FALSE),
(UUID(), 'Cooking Demo', '2023-11-15', 4, 200, 'https://s2.qwant.com/thumbr/474x338/d/1/d8a55e65944805201cbd80c2de01dd5ea18899f76c85cc9b759ddac34ef6f1/th.jpg?u=https%3A%2F%2Ftse.mm.bing.net%2Fth%3Fid%3DOIP.9Q11j06j8BPIlYYSGPNdpgHaFS%26pid%3DApi&q=0&b=1&p=0&a=0', 'Attended a live cooking demo.', 'Culinary School', '#cooking', 1, 'demo,cooking', 'a1a09f7f-0000-4d02-ac4a-16da6065d923', '8c6a14b3-5b79-4287-ab85-98ca85876556', FALSE),
(UUID(), 'Beach Cleanup', '2023-11-10', 2, 110, 'https://s2.qwant.com/thumbr/474x338/d/1/d8a55e65944805201cbd80c2de01dd5ea18899f76c85cc9b759ddac34ef6f1/th.jpg?u=https%3A%2F%2Ftse.mm.bing.net%2Fth%3Fid%3DOIP.9Q11j06j8BPIlYYSGPNdpgHaFS%26pid%3DApi&q=0&b=1&p=0&a=0', 'Participated in a beach cleanup event.', 'Beach', '#cleanup', 2, 'beach,cleanup', '2aee7775-0591-46d3-833b-b8b3d857f79e', '5678832b-d534-4e1b-8370-a20516a5db08', FALSE),
(UUID(), 'Flower Show', '2023-11-05', 3, 130, 'https://s2.qwant.com/thumbr/474x338/d/1/d8a55e65944805201cbd80c2de01dd5ea18899f76c85cc9b759ddac34ef6f1/th.jpg?u=https%3A%2F%2Ftse.mm.bing.net%2Fth%3Fid%3DOIP.9Q11j06j8BPIlYYSGPNdpgHaFS%26pid%3DApi&q=0&b=1&p=0&a=0', 'Visited a beautiful flower show.', 'Garden', '#flowers', 1, 'show,flowers', 'b01f537c-236f-4dfa-bccf-d92b8c17b7ec', '14c160c9-6cb4-4d85-8a25-b0d92469e550', FALSE),
(UUID(), 'Nature Walk', '2023-11-01', 3, 120, 'https://s2.qwant.com/thumbr/474x338/d/1/d8a55e65944805201cbd80c2de01dd5ea18899f76c85cc9b759ddac34ef6f1/th.jpg?u=https%3A%2F%2Ftse.mm.bing.net%2Fth%3Fid%3DOIP.9Q11j06j8BPIlYYSGPNdpgHaFS%26pid%3DApi&q=0&b=1&p=0&a=0', 'Enjoyed a peaceful nature walk.', 'Forest', '#nature', 1, 'walk,nature', '4b4e336b-4413-4d05-911f-ecb7f1f69b0d', '36dfc032-f5e8-4ed4-a0e4-802f20a15cf9', FALSE),
(UUID(), 'Painting Class', '2023-10-25', 2, 140, 'https://s2.qwant.com/thumbr/474x316/f/6/387bd095a2d0f1ccc6f49b7edf93b4930e5910003da49612309b72b64824c8/th.jpg?u=https%3A%2F%2Ftse.mm.bing.net%2Fth%3Fid%3DOIP.okaEG5SeQWsJBqKw0YdhjQHaE8%26pid%3DApi&q=0&b=1&p=0&a=0<separationlienimage>https://s2.qwant.com/thumbr/474x266/d/4/ee17cb5f75dc787b836c251177be18e456abf8e9c599965626b4cd60abc726/th.jpg?u=https%3A%2F%2Ftse.mm.bing.net%2Fth%3Fid%3DOIP.wqCIUkZvpCiCDsheaCyCLAHaEK%26pid%3DApi&q=0&b=1&p=0&a=0', 'Learned new painting techniques.', 'Art Studio', '#painting', 1, 'class,painting', 'ab271eb6-b55e-4274-bffc-29d1d5cf5159', '4f2d485c-bfeb-4d8f-adc1-c2ea2890b246', FALSE),
(UUID(), 'Volunteer Work', '2023-10-20', 4, 160, 'https://s2.qwant.com/thumbr/474x316/f/6/387bd095a2d0f1ccc6f49b7edf93b4930e5910003da49612309b72b64824c8/th.jpg?u=https%3A%2F%2Ftse.mm.bing.net%2Fth%3Fid%3DOIP.okaEG5SeQWsJBqKw0YdhjQHaE8%26pid%3DApi&q=0&b=1&p=0&a=0<separationlienimage>https://s2.qwant.com/thumbr/474x266/d/4/ee17cb5f75dc787b836c251177be18e456abf8e9c599965626b4cd60abc726/th.jpg?u=https%3A%2F%2Ftse.mm.bing.net%2Fth%3Fid%3DOIP.wqCIUkZvpCiCDsheaCyCLAHaEK%26pid%3DApi&q=0&b=1&p=0&a=0', 'Volunteered at a local shelter.', 'Community Center', '#volunteer', 2, 'work,volunteer', 'e2cda31e-cfcd-4f85-88df-96663223eb7f', 'cd753433-a574-41bd-a0f1-c8c192f5f300', FALSE),
(UUID(), 'Road Trip', '2023-10-15', 3, 180, 'https://s2.qwant.com/thumbr/474x316/f/6/387bd095a2d0f1ccc6f49b7edf93b4930e5910003da49612309b72b64824c8/th.jpg?u=https%3A%2F%2Ftse.mm.bing.net%2Fth%3Fid%3DOIP.okaEG5SeQWsJBqKw0YdhjQHaE8%26pid%3DApi&q=0&b=1&p=0&a=0<separationlienimage>https://s2.qwant.com/thumbr/474x266/d/4/ee17cb5f75dc787b836c251177be18e456abf8e9c599965626b4cd60abc726/th.jpg?u=https%3A%2F%2Ftse.mm.bing.net%2Fth%3Fid%3DOIP.wqCIUkZvpCiCDsheaCyCLAHaEK%26pid%3DApi&q=0&b=1&p=0&a=0', 'Went on a fun road trip with friends.', 'Highway', '#roadtrip', 1, 'trip,road', '1c985c41-8427-4253-b866-7018d994ce9c', 'aa637022-f2a0-48fe-8b8a-e73c36200391', FALSE),
(UUID(), 'Board Game Night', '2023-10-10', 1, 110, 'https://s2.qwant.com/thumbr/474x316/f/6/387bd095a2d0f1ccc6f49b7edf93b4930e5910003da49612309b72b64824c8/th.jpg?u=https%3A%2F%2Ftse.mm.bing.net%2Fth%3Fid%3DOIP.okaEG5SeQWsJBqKw0YdhjQHaE8%26pid%3DApi&q=0&b=1&p=0&a=0<separationlienimage>https://s2.qwant.com/thumbr/474x266/d/4/ee17cb5f75dc787b836c251177be18e456abf8e9c599965626b4cd60abc726/th.jpg?u=https%3A%2F%2Ftse.mm.bing.net%2Fth%3Fid%3DOIP.wqCIUkZvpCiCDsheaCyCLAHaEK%26pid%3DApi&q=0&b=1&p=0&a=0', 'Had a fun night playing board games.', 'Home', '#games', 2, 'night,games', 'b539bfa5-4d15-4785-8a1a-dc31a59f66a3', '827c700d-1bee-4c78-9672-f5955c71176c', FALSE),
(UUID(), 'DIY Project', '2023-10-05', 3, 130, 'https://s2.qwant.com/thumbr/474x316/f/6/387bd095a2d0f1ccc6f49b7edf93b4930e5910003da49612309b72b64824c8/th.jpg?u=https%3A%2F%2Ftse.mm.bing.net%2Fth%3Fid%3DOIP.okaEG5SeQWsJBqKw0YdhjQHaE8%26pid%3DApi&q=0&b=1&p=0&a=0<separationlienimage>https://s2.qwant.com/thumbr/474x266/d/4/ee17cb5f75dc787b836c251177be18e456abf8e9c599965626b4cd60abc726/th.jpg?u=https%3A%2F%2Ftse.mm.bing.net%2Fth%3Fid%3DOIP.wqCIUkZvpCiCDsheaCyCLAHaEK%26pid%3DApi&q=0&b=1&p=0&a=0', 'ENDED a DIY home project.', 'Home', '#diy', 1, 'project,diy', '9dccceb9-3877-4ea4-bed7-5e8b2e1e7f8b', '1af2e795-006f-4065-a185-5aa3ab95e975', FALSE),
(UUID(), 'Kayaking Adventure', '2023-10-01', 4, 150, 'https://s2.qwant.com/thumbr/474x316/f/6/387bd095a2d0f1ccc6f49b7edf93b4930e5910003da49612309b72b64824c8/th.jpg?u=https%3A%2F%2Ftse.mm.bing.net%2Fth%3Fid%3DOIP.okaEG5SeQWsJBqKw0YdhjQHaE8%26pid%3DApi&q=0&b=1&p=0&a=0<separationlienimage>https://s2.qwant.com/thumbr/474x266/d/4/ee17cb5f75dc787b836c251177be18e456abf8e9c599965626b4cd60abc726/th.jpg?u=https%3A%2F%2Ftse.mm.bing.net%2Fth%3Fid%3DOIP.wqCIUkZvpCiCDsheaCyCLAHaEK%26pid%3DApi&q=0&b=1&p=0&a=0', 'Went kayaking on a beautiful lake.', 'Lake', '#kayaking', 1, 'adventure,kayaking', '014f5dea-c87c-455a-9a15-8442354be6b3', 'ce589280-f0da-4515-8578-2a945da0a1be', FALSE),
(UUID(), 'Baking Class', '2023-09-25', 2, 170, 'https://s2.qwant.com/thumbr/474x315/7/4/06190a5aaf58a106602431c8a78eed6c0aba7ed8089ac99f8bb97f91876557/th.jpg?u=https%3A%2F%2Ftse.mm.bing.net%2Fth%3Fid%3DOIP.10YryFNgL0dkNu3nBjcnkwHaE7%26pid%3DApi&q=0&b=1&p=0&a=0<separationlienimage>https://s1.qwant.com/thumbr/474x302/0/9/f0c5199baeb87badadfb7d9c6d8c7f02be819ee373c5ca7f5e232fc90aafef/th.jpg?u=https%3A%2F%2Ftse.mm.bing.net%2Fth%3Fid%3DOIP.e7ShWWBxRBiX57Clc5gHeAHaEu%26pid%3DApi&q=0&b=1&p=0&a=0<separationlienimage>https://s2.qwant.com/thumbr/474x366/d/d/2273121c90aaddb4a6af6c39f44decf7f6578000b73aeb8cb5245bef20bd33/th.jpg?u=https%3A%2F%2Ftse.mm.bing.net%2Fth%3Fid%3DOIP.4iRn7jTLuL8po20plexDkAHaFu%26pid%3DApi&q=0&b=1&p=0&a=0', 'Learned to bake delicious pastries.', 'Culinary School', '#baking', 1, 'class,baking', '6c25255d-2cb6-4b10-8ba9-7c39f77e2df9', '984edd9b-094d-4b3a-a6cd-56a1fe77617b', FALSE),
(UUID(), 'Horseback Riding', '2023-09-20', 3, 190, 'https://s2.qwant.com/thumbr/474x315/7/4/06190a5aaf58a106602431c8a78eed6c0aba7ed8089ac99f8bb97f91876557/th.jpg?u=https%3A%2F%2Ftse.mm.bing.net%2Fth%3Fid%3DOIP.10YryFNgL0dkNu3nBjcnkwHaE7%26pid%3DApi&q=0&b=1&p=0&a=0<separationlienimage>https://s1.qwant.com/thumbr/474x302/0/9/f0c5199baeb87badadfb7d9c6d8c7f02be819ee373c5ca7f5e232fc90aafef/th.jpg?u=https%3A%2F%2Ftse.mm.bing.net%2Fth%3Fid%3DOIP.e7ShWWBxRBiX57Clc5gHeAHaEu%26pid%3DApi&q=0&b=1&p=0&a=0<separationlienimage>https://s2.qwant.com/thumbr/474x366/d/d/2273121c90aaddb4a6af6c39f44decf7f6578000b73aeb8cb5245bef20bd33/th.jpg?u=https%3A%2F%2Ftse.mm.bing.net%2Fth%3Fid%3DOIP.4iRn7jTLuL8po20plexDkAHaFu%26pid%3DApi&q=0&b=1&p=0&a=0', 'Enjoyed a horseback riding session.', 'Ranch', '#horsebackriding', 1, 'riding,horseback', '83c11f46-15db-4c92-89bd-ab1e85b8ac7e', 'c3633edb-9ddc-417c-aebc-11096fb6a5a6', FALSE),
(UUID(), 'Language Class', '2023-09-15', 1, 100, 'https://s2.qwant.com/thumbr/474x315/7/4/06190a5aaf58a106602431c8a78eed6c0aba7ed8089ac99f8bb97f91876557/th.jpg?u=https%3A%2F%2Ftse.mm.bing.net%2Fth%3Fid%3DOIP.10YryFNgL0dkNu3nBjcnkwHaE7%26pid%3DApi&q=0&b=1&p=0&a=0<separationlienimage>https://s1.qwant.com/thumbr/474x302/0/9/f0c5199baeb87badadfb7d9c6d8c7f02be819ee373c5ca7f5e232fc90aafef/th.jpg?u=https%3A%2F%2Ftse.mm.bing.net%2Fth%3Fid%3DOIP.e7ShWWBxRBiX57Clc5gHeAHaEu%26pid%3DApi&q=0&b=1&p=0&a=0<separationlienimage>https://s2.qwant.com/thumbr/474x366/d/d/2273121c90aaddb4a6af6c39f44decf7f6578000b73aeb8cb5245bef20bd33/th.jpg?u=https%3A%2F%2Ftse.mm.bing.net%2Fth%3Fid%3DOIP.4iRn7jTLuL8po20plexDkAHaFu%26pid%3DApi&q=0&b=1&p=0&a=0', 'Started learning a new language.', 'Language School', '#language', 2, 'class,language', 'd8a9f88d-a555-4cdf-90ad-2f2c6d25cc11', 'b88964fc-887a-45e8-88cc-86a2e4b7f3b8', FALSE),
(UUID(), 'Scuba Diving', '2023-09-10', 4, 210, 'https://s2.qwant.com/thumbr/474x315/7/4/06190a5aaf58a106602431c8a78eed6c0aba7ed8089ac99f8bb97f91876557/th.jpg?u=https%3A%2F%2Ftse.mm.bing.net%2Fth%3Fid%3DOIP.10YryFNgL0dkNu3nBjcnkwHaE7%26pid%3DApi&q=0&b=1&p=0&a=0<separationlienimage>https://s1.qwant.com/thumbr/474x302/0/9/f0c5199baeb87badadfb7d9c6d8c7f02be819ee373c5ca7f5e232fc90aafef/th.jpg?u=https%3A%2F%2Ftse.mm.bing.net%2Fth%3Fid%3DOIP.e7ShWWBxRBiX57Clc5gHeAHaEu%26pid%3DApi&q=0&b=1&p=0&a=0<separationlienimage>https://s2.qwant.com/thumbr/474x366/d/d/2273121c90aaddb4a6af6c39f44decf7f6578000b73aeb8cb5245bef20bd33/th.jpg?u=https%3A%2F%2Ftse.mm.bing.net%2Fth%3Fid%3DOIP.4iRn7jTLuL8po20plexDkAHaFu%26pid%3DApi&q=0&b=1&p=0&a=0', 'Explored the underwater world.', 'Ocean', '#scuba', 1, 'diving,scuba', 'd31fc86e-be22-4907-af6e-ccc9f1a88806', '13836555-4836-4604-a2f6-35ed29a9ac09', FALSE),
(UUID(), 'Potluck Dinner', '2023-09-05', 2, 120, 'https://s2.qwant.com/thumbr/474x315/7/4/06190a5aaf58a106602431c8a78eed6c0aba7ed8089ac99f8bb97f91876557/th.jpg?u=https%3A%2F%2Ftse.mm.bing.net%2Fth%3Fid%3DOIP.10YryFNgL0dkNu3nBjcnkwHaE7%26pid%3DApi&q=0&b=1&p=0&a=0<separationlienimage>https://s1.qwant.com/thumbr/474x302/0/9/f0c5199baeb87badadfb7d9c6d8c7f02be819ee373c5ca7f5e232fc90aafef/th.jpg?u=https%3A%2F%2Ftse.mm.bing.net%2Fth%3Fid%3DOIP.e7ShWWBxRBiX57Clc5gHeAHaEu%26pid%3DApi&q=0&b=1&p=0&a=0<separationlienimage>https://s2.qwant.com/thumbr/474x366/d/d/2273121c90aaddb4a6af6c39f44decf7f6578000b73aeb8cb5245bef20bd33/th.jpg?u=https%3A%2F%2Ftse.mm.bing.net%2Fth%3Fid%3DOIP.4iRn7jTLuL8po20plexDkAHaFu%26pid%3DApi&q=0&b=1&p=0&a=0', 'Hosted a potluck dinner with friends.', 'Home', '#food', 2, 'dinner,potluck', '3d55695c-4f72-4cee-a075-ec6ba0579205', '87ebdf12-5e8d-4172-aba4-ee88c2251060', FALSE),
(UUID(), 'Bird Watching', '2023-09-01', 3, 140, 'https://s2.qwant.com/thumbr/474x315/7/4/06190a5aaf58a106602431c8a78eed6c0aba7ed8089ac99f8bb97f91876557/th.jpg?u=https%3A%2F%2Ftse.mm.bing.net%2Fth%3Fid%3DOIP.10YryFNgL0dkNu3nBjcnkwHaE7%26pid%3DApi&q=0&b=1&p=0&a=0<separationlienimage>https://s1.qwant.com/thumbr/474x302/0/9/f0c5199baeb87badadfb7d9c6d8c7f02be819ee373c5ca7f5e232fc90aafef/th.jpg?u=https%3A%2F%2Ftse.mm.bing.net%2Fth%3Fid%3DOIP.e7ShWWBxRBiX57Clc5gHeAHaEu%26pid%3DApi&q=0&b=1&p=0&a=0<separationlienimage>https://s2.qwant.com/thumbr/474x366/d/d/2273121c90aaddb4a6af6c39f44decf7f6578000b73aeb8cb5245bef20bd33/th.jpg?u=https%3A%2F%2Ftse.mm.bing.net%2Fth%3Fid%3DOIP.4iRn7jTLuL8po20plexDkAHaFu%26pid%3DApi&q=0&b=1&p=0&a=0', 'Spent a day bird watching.', 'Park', '#birdwatching', 1, 'watching,bird', '9940866d-431f-4277-8372-572820deb6ce', '53e981f0-9e4d-44d9-837b-77ae0b091faa', FALSE),
(UUID(), 'Craft Workshop', '2023-08-25', 1, 160, 'https://s1.qwant.com/thumbr/474x316/9/e/4f968fd7dd85c7c83eadddc80524fc9e1bb1cfd673c2a9eb21f0083cbb8570/th.jpg?u=https%3A%2F%2Ftse.mm.bing.net%2Fth%3Fid%3DOIP.Df0vZtLhyFa_O_bq4DPbQgHaE8%26pid%3DApi&q=0&b=1&p=0&a=0', 'Created handmade crafts.', 'Workshop', '#craft', 2, 'workshop,craft', '3a8bf641-c5b1-40af-b605-be79a4050a51', '5f86ea7c-1e22-451b-ac36-4d671edda0c2', FALSE),
(UUID(), 'Sunset Hike', '2023-08-20', 3, 180, 'https://s1.qwant.com/thumbr/474x316/9/e/4f968fd7dd85c7c83eadddc80524fc9e1bb1cfd673c2a9eb21f0083cbb8570/th.jpg?u=https%3A%2F%2Ftse.mm.bing.net%2Fth%3Fid%3DOIP.Df0vZtLhyFa_O_bq4DPbQgHaE8%26pid%3DApi&q=0&b=1&p=0&a=0', 'Went on a beautiful sunset hike.', 'Mountain', '#hiking', 1, 'hike,sunset', '2621aeae-48bd-4dee-b98e-f078e71fd813', 'f70427c8-feef-4bf7-96bc-02c2aa56f127', FALSE),
(UUID(), 'Cooking Demo', '2023-08-15', 4, 200, 'https://s1.qwant.com/thumbr/474x316/9/e/4f968fd7dd85c7c83eadddc80524fc9e1bb1cfd673c2a9eb21f0083cbb8570/th.jpg?u=https%3A%2F%2Ftse.mm.bing.net%2Fth%3Fid%3DOIP.Df0vZtLhyFa_O_bq4DPbQgHaE8%26pid%3DApi&q=0&b=1&p=0&a=0', 'Attended a live cooking demo.', 'Culinary School', '#cooking', 1, 'demo,cooking', 'f5481f41-7e3b-41a1-9d94-9137d5653b09', 'b4c6d13a-0a40-421b-8a36-964b78bc9d0f', FALSE),
(UUID(), 'Beach Cleanup', '2023-08-10', 2, 110, 'https://s1.qwant.com/thumbr/474x316/9/e/4f968fd7dd85c7c83eadddc80524fc9e1bb1cfd673c2a9eb21f0083cbb8570/th.jpg?u=https%3A%2F%2Ftse.mm.bing.net%2Fth%3Fid%3DOIP.Df0vZtLhyFa_O_bq4DPbQgHaE8%26pid%3DApi&q=0&b=1&p=0&a=0', 'Participated in a beach cleanup event.', 'Beach', '#cleanup', 2, 'beach,cleanup', 'fcbdc2e9-8ca9-4fef-946b-f5b6318d7f61', 'f3a75103-ebff-4866-8361-eaf19a0f5b95', FALSE),
(UUID(), 'Flower Show', '2023-08-05', 3, 130, 'https://s1.qwant.com/thumbr/474x316/9/e/4f968fd7dd85c7c83eadddc80524fc9e1bb1cfd673c2a9eb21f0083cbb8570/th.jpg?u=https%3A%2F%2Ftse.mm.bing.net%2Fth%3Fid%3DOIP.Df0vZtLhyFa_O_bq4DPbQgHaE8%26pid%3DApi&q=0&b=1&p=0&a=0', 'Visited a beautiful flower show.', 'Garden', '#flowers', 1, 'show,flowers', '7755971b-e24f-4d0c-9370-1d85f41d52af', '69ac4bce-b419-4c87-bcfa-5c3c8562bf5f', FALSE),
(UUID(), 'Nature Walk', '2023-08-01', 3, 120, 'https://s1.qwant.com/thumbr/474x316/9/e/4f968fd7dd85c7c83eadddc80524fc9e1bb1cfd673c2a9eb21f0083cbb8570/th.jpg?u=https%3A%2F%2Ftse.mm.bing.net%2Fth%3Fid%3DOIP.Df0vZtLhyFa_O_bq4DPbQgHaE8%26pid%3DApi&q=0&b=1&p=0&a=0', 'Enjoyed a peaceful nature walk.', 'Forest', '#nature', 1, 'walk,nature', 'order105', '2fd1986f-f32a-4b1a-a095-9afc523d19a0', FALSE),
(UUID(), 'Painting Class', '2023-07-25', 2, 140, 'https://s1.qwant.com/thumbr/474x316/9/e/4f968fd7dd85c7c83eadddc80524fc9e1bb1cfd673c2a9eb21f0083cbb8570/th.jpg?u=https%3A%2F%2Ftse.mm.bing.net%2Fth%3Fid%3DOIP.Df0vZtLhyFa_O_bq4DPbQgHaE8%26pid%3DApi&q=0&b=1&p=0&a=0', 'Learned new painting techniques.', 'Art Studio', '#painting', 1, 'class,painting', 'order106', '91efddd0-4131-485a-ac14-a113aca48233', FALSE),
(UUID(), 'Volunteer Work', '2023-07-20', 4, 160, 'https://s1.qwant.com/thumbr/474x316/9/e/4f968fd7dd85c7c83eadddc80524fc9e1bb1cfd673c2a9eb21f0083cbb8570/th.jpg?u=https%3A%2F%2Ftse.mm.bing.net%2Fth%3Fid%3DOIP.Df0vZtLhyFa_O_bq4DPbQgHaE8%26pid%3DApi&q=0&b=1&p=0&a=0', 'Volunteered at a local shelter.', 'Community Center', '#volunteer', 2, 'work,volunteer', 'order107', 'f32059ac-5a63-4f17-b83a-059c3c88eff', FALSE);

-- Learning & Availability
CREATE TABLE location (
    locationId CHAR(36) PRIMARY KEY,
    name VARCHAR(255) NOT NULL,
    addressId VARCHAR(255),
    availability INTEGER
);

-- Table for formationModel
CREATE TABLE formation (
    formationId CHAR(36) PRIMARY KEY,
    name VARCHAR(255) NOT NULL,
    durationInHours INTEGER,
    startDate DATE,
    endDate DATE,
    locationId CHAR(36),
    state ENUM('Planned', 'InProgress', 'Cancelled', 'Completed') NOT NULL,
    FOREIGN KEY (locationId) REFERENCES location(locationId) ON DELETE CASCADE
);

-- Table for availabilityModel
CREATE TABLE formationavailability (
    availabilityId CHAR(36) PRIMARY KEY,
    formationId CHAR(36),
    year INTEGER NOT NULL,
    timeline VARCHAR(366) NOT NULL,
    FOREIGN KEY (formationId) REFERENCES formation(formationId) ON DELETE CASCADE,
    CONSTRAINT chk_timeline CHECK (timeline REGEXP '^[01]{365}$' OR timeline REGEXP '^[01]{366}$')

);

-- Enum for FORMATIONSTATE is embedded directly into the formation table as an ENUM type

-- Insert test data for locationModel
INSERT INTO location (locationId, name, addressId, availability) VALUES
('f39a6fd3-c14b-423a-9cc7-1163dc49e9ed', 'Olivia\'s Cairo Office', 'a8dff5c7-8d88-4fcb-jklo-e4a09de05e36', 32),
('22ba3050-e638-4c24-b8e7-837d89021894', 'Harper\'s London Office', 'ecb9d879-9a9b-4d85-jklo-5867e827efb9', 57),
('94b4c361-d7ee-40f6-8871-564e9a67d876', 'Alexander\'s Lisbon Office', 'c3f207fa-6327-4d62-jklo-7ac621af68f9', 21),
('bdc53e2f-fe41-4331-bbe3-d22af1af27e7', 'Benjamin\'s Madrid Office', 'b4c8a9c2-e524-4f59-jklo-054b73057465', 39),
('2cd47ae8-ecc1-4e57-ab82-dca63779f17e', 'Noah\'s Los Angeles Office', 'a1b08f23-84b9-4eac-jklo-97c7cd1fd0c1', 65),
('7e7b5591-4fe8-4a72-93b2-77cae694b7ef', 'Ethan\'s Tokyo Office', 'b4f9a7da-0b09-4e42-jklo-06be4327f1e4', 41),
('1b1615ce-ee6d-4680-b724-efc825e878f4', 'James\'s Cape Town Office', 'c8bb4f84-d394-40c9-jklo-9b292f27f4ff', 19),
('40a2992e-d055-47c3-9b8e-ac22757d9ec0', 'James\'s New York Office', 'd64f2b56-50ea-4e2f-8a00-c8cdbd0621c7', 51),
('95b5fd14-bd5d-4374-87ac-8d7f06b5b0ef', 'Olivia\'s Tokyo Office', 'e62a75c4-37c5-4f7b-449c-90a7fc9b92f2', 84),
('94529709-4068-474a-937d-97da2d8366e6', 'Henry\'s Cape Town Office', 'f8d66e9d-820a-4a96-4551-86b73d1d7c28', 68),
('b1168a84-ad13-40f1-bc09-0683dfc787d8', 'Sophia\'s Chicago Office', '0630f2c5-0f1f-4e57-598a-4a3e0c52855b', 13),
('01e206cf-bc90-4846-b92b-b8a3cccff4aa', 'Ava\'s Tokyo Office', '178e38cd-1066-4c79-71b4-1bffcf87f85a', 15),
('dcfb01f8-8df5-46ac-88ac-92b4f503fa3f', 'Liam\'s Sydney Office', '2fa9d01b-bc5a-44b7-49d2-364437a0e6e4', 44),
('aeedbd31-2f70-4632-8d50-c2f896c7b80f', 'Emma\'s Sydney Office', '329fd313-9bb7-41c7-t747-d66b340ddfad', 14),
('8f9fb176-76fd-4cb9-ba63-bb5f0f09549e', 'Ava\'s Bangkok Office', '1030bc1b-c8be-4ad2-z96e-9b270c76b5ff', 78),
('a5f99ae7-f334-436c-be94-662476b6eaa8', 'Ethan\'s Sydney Office', '2041de32-b439-42da-b67f-c23e3cfe39e1', 50),
('1d8c2874-41e8-4852-89e8-02cb262e9ef9', 'Alexander\'s Dubai Office', '3052b681-7595-4d5d-b6f5-befe37b44162', 26),
('0400602b-9eb5-44fa-9a1c-41393e3f497c', 'Ethan\'s Beijing Office', '4063c598-559e-4317-bb16-5a4507e3da3b', 16),
('89d251a5-2080-4974-b67f-4c139de7cba4', 'Mia\'s London Office', '5074d7e1-19c3-4e38-9e3a-9ed6bc74c7c4', 34),
('6fc07589-a06f-4336-b6fa-484ea39f14f6', 'James\'s Berlin Office', '6085e52b-d47e-4e34-b42a-7ab5127f7c87', 63),
('e31da0c0-141e-4970-969a-be8fc6645e40', 'Isabella\'s Beijing Office', '7096f63f-9e39-433d-804f-d0f0139630ed', 34),
('4f89cce2-e4e5-457c-80e0-fa71c09949dc', 'Evelyn\'s Rome Office', '80a7d2f7-0fe3-4bb7-a631-e4d41ac75c06', 51),
('19f93575-76f4-4c52-9d1d-a666163ddaae', 'John\'s Dubai Office', '91b8e68e-5ae3-4bb7-b5d5-3c035bdaf695', 56),
('a852547c-2d34-4cd5-a6e1-2e73379fb7c4', 'Charlotte\'s Buenos Aires Office', 'a2c9f1c4-c8e3-40f7-a120-f9b8572ffbc8', 37),
('60b37ef1-d383-4c74-8dd7-a05bebfedaf0', 'Olivia\'s Berlin Office', '479af307-66a4-41a0-e3cc-e5bff432d381', 12),
('868537ac-62da-4e5d-8e67-d1b6681046b9', 'Evelyn\'s Dubai Office', '59b77a59-8f39-42d1-be30-c9117421ff3f', 75),
('65a9ab94-df58-4884-a50c-513441089d22', 'Alexander\'s London Office', '72b672d9-7995-4fe3-848d-c9ccae59e2c3', 20),
('eee72656-31ae-4136-89f8-c7318acc6969', 'Ethan\'s Berlin Office', '81c9777d-06b2-4f15-9b9e-e62a3c07a03d', 63),
('5771fbfd-025f-44d3-8112-64db998dc986', 'Sophia\'s Rome Office', '97ed47b0-4b6a-e31f-bb89-10df3946e9b8', 16),
('23c4c91d-5943-4d60-a99d-fd02e530684c', 'Alexander\'s Cape Town Office', 'a1c9d5ed-b477-e3ef-b122-d27311a0c8ea', 22),
('ab6936b9-7a36-4a31-b6e2-512ffe3f7081', 'Ava\'s Paris Office', 'b5cc10e0-e18f-4429-be35-06a0adf41022', 22),
('4b8ecb11-f18c-42ee-8aa4-c9f69275ef3d', 'James\'s Madrid Office', 'd2f7c77a-2e45-42c1-b5bb-e333f82622a4', 20),
('ad2f33f5-1f67-46f0-94f7-5386202d2501', 'Evelyn\'s Cape Town Office', 'ea4154bc-9f5f-4f39-908b-e3ced58c4f2e', 76),
('23e8cffa-173e-48ef-8907-6bd6ed993fd4', 'Amelia\'s Cairo Office', 'b05a8d91-f4a2-4b76-b3b7-e33c429c15a3', 92),
('3b42534c-a16a-466f-975a-f9df4d7f9c26', 'James\'s Beijing Office', 'c14d6170-fd16-431a-a2ac-5e4e3a9a7ca2', 18),
('216dc816-bd89-4c1f-a349-4be188b8b801', 'Isabella\'s Chicago Office', 'd25f4630-1ad5-46ea-a8a0-43059e30d372', 69),
('5b7b7e65-4c46-4530-bef2-36818093f5bd', 'Charlotte\'s Rome Office', 'e35b7b35-3940-47a5-922f-5a08a0ee3e32', 50),
('d62edb2f-5d50-45c6-882c-ea7299c30e7a', 'Olivia\'s New York Office', 'f47d9e80-6a2f-43a6-9106-df8de3e37b1c', 28),
('671da433-9925-42a5-9ad6-2bb0ef228a3b', 'Emma\'s Dubai Office', '03f4a1c5-dcb2-4c39-a90c-5180e5e39985', 68),
('b2f506dd-40d1-4dd6-a4f7-293377011b60', 'Isabella\'s Sydney Office', '14eac69c-64b3-4907-bd78-0d3e3998d84f', 75),
('5230f00a-219e-4594-b9dd-48dcf3322f85', 'Isabella\'s New York Office', '25a7b14f-f010-4a4b-906b-8e384611e5c1', 33),
('28339e4d-2254-4892-91f6-c60cea145b47', 'Ava\'s Beijing Office', '36e1d2c8-15e1-4a9f-a3f3-7d1f2154a22a', 52),
('e9fc6481-79b5-41fe-a94a-0697369e6a9f', 'Benjamin\'s Paris Office', '47b9a69b-8a0e-4a91-9ee3-e33996e6f2d0', 93),
('2362b239-ebe4-4779-93bd-74762618bda6', 'Olivia\'s Beijing Office', '58c129d6-0b9f-4534-a0e3-24e90735d5be', 100),
('20bca9e4-7b2a-409a-a11d-ef23ff3dd332', 'Isabella\'s Lisbon Office', '69d0b4b1-bd64-48c6-8ae3-2d9b8f12503e', 31),
('0eb7915d-6fd6-42b3-a673-9fbc50fc45ed', 'Ethan\'s New York Office', '7adcf8bb-0c7a-4cf3-b0e3-0f06b201b6b7', 89),
('ec280e46-6965-4050-bac0-f303061b67d9', 'Benjamin\'s Seoul Office', '8bf2630e-dbb9-47b5-83e3-bd94c5bc6742', 89),
('044a8929-d8c3-45af-a016-a341efbb1ca0', 'Liam\'s Paris Office', '9e6ecb1f-d173-40fa-e34d-fca4d379413d', 94),
('bda1ffee-2555-41ce-9c79-1d0ca21fd55b', 'Evelyn\'s Seoul Office', 'ad1d678f-7f0d-4ff6-e333-0640b6b4fd68', 35),
('990af5fc-15c2-4ff9-b119-aec7afeaf262', 'John\'s Chicago Office', 'bc4f5a67-2ec5-4170-e357-1f032ca9e898', 34),
('2ec66186-7d0a-487a-962f-6ff6c06b3b7e', 'Mason\'s Los Angeles Office', 'cd65ba24-c71e-46e3-a9b5-c6e3a6c81d44', 52),
('572ada7a-d791-47c1-9f60-c998b9b06995', 'Evelyn\'s New York Office', 'de56b1c2-8c3d-4ae3-b7f9-8cb3aee92c34', 81),
('d84513c8-6e58-499f-b77e-cb23670036bc', 'Emma\'s Seoul Office', 'ef23be8f-55e6-4ae3-aac1-55f7fce156ba', 57),
('503ce38e-2167-4b1f-a158-46ffeac0a106', 'Emma\'s Lisbon Office', '101a2b8e-9b74-e32d-f99b-8e34bf90b263', 22),
('e2b6781d-a173-47be-8020-1cc213c6a2c2', 'Harper\'s London Office', '202b2c9f-d3de-e345-f9b0-8e36fbd64e3b', 77),
('f487a43e-0fdb-4780-bd68-7bbc85110fc8', 'Sophia\'s Moscow Office', '303c3e1d-8f9e-4b76-f982-b8f418f9cd3e', 65),
('b2202a84-b2d2-4594-827e-17ea56b96724', 'Alexander\'s Bangkok Office', '404d4f7b-3f51-4e9c-88f9-fd98a5ccff4c', 20),
('b9f83635-8226-4b19-88a2-b1a1f7c4294b', 'Mason\'s Lisbon Office', '505e5a2d-84d5-4cb0-bbf9-f92a3209c9cf', 94),
('1422f9c7-f8e9-4fb4-9f86-baafb344502a', 'Sophia\'s Tokyo Office', '707a7c87-2569-4678-9b1b-f9df9ef83d7e', 17),
('709bdebf-c0c4-45ac-8843-085cd60936cd', 'Ava\'s Sydney Office', '808b8e24-9d32-49e4-9fbc-cf9f9e3e4f27', 29),
('054b04d5-0f25-4208-82cf-4067e81e3cbe', 'Benjamin\'s London Office', '909c9f9e-58cb-4920-b3a7-7f4f9f3678f1', 31),
('3e262c34-cc70-426b-91f1-29e447317bc3', 'Ethan\'s Bangkok Office', 'a10d1fb1-4a88-4c79-87d7-f9fe740c8d6e', 96),
('a6dcc014-b880-40cb-b879-328546950ad1', 'Ethan\'s New York Office', 'b11e2f28-b290-4018-b8f2-f9f964decb1f', 95),
('4d69649f-dd2e-408a-84d3-3144dc1dba23', 'Olivia\'s Madrid Office', 'c12f3c3a-b951-43f2-b7b4-ff93bc5e6d9', 88),
('35fca918-842a-45d7-8f10-0f7d8cb76d86', 'Lucas\'s New York Office', 'd13g4d0c-9c31-4c8c-9370-ff9d6f8267a3', 40),
('9cc34b14-6f13-477d-b199-f98960f697fd', 'Henry\'s London Office', 'e14h5f4b-90fa-4fe6-a837-1cf97b60783d', 82),
('d0724a9b-39c9-47f0-a843-554a20bf127f', 'Lucas\'s Moscow Office', 'f15i6g7e-356f-4d5c-b9f0-f938fd988321', 63),
('9d269bcd-63f5-4455-8fed-96b667b03e80', 'Alexander\'s Bangkok Office', 'a16j7h8e-054f-44b0-931f-f98cdd25fc45', 53),
('58f040cb-a945-425e-aff6-f672ca871e2d', 'Sophia\'s Chicago Office', 'b17k8i9e-71b8-4208-bd11-15f9a4fc54c2a7', 60),
('c3b93346-3f8a-4bd2-a06c-40ce3f2b01c7', 'Liam\'s Chicago Office', 'c18l9j1f-6070-40ae-b902-89f98763b348', 44),
('d52eaf4c-701a-4b7f-bc51-f0860fbd8547', 'James\'s Bangkok Office', 'd19m10g-70b8-485f-9053-74ff9875b6b5', 80),
('5d9361a2-b93a-4545-bf03-4fde53290f7c', 'Liam\'s Rome Office', '02a1be7d-b049-49d3-b5b4-c70e1554bb1d', 21);

-- Insert test data for formationModel

INSERT INTO formation (formationId, name, durationInHours, startDate, endDate, locationId, state) VALUES
('122e7ec7-5907-4f7c-a1ac-0ae8872f4abb', 'Digital Marketing Strategies', 46, '2025-09-26', '2025-10-01', 'f39a6fd3-c14b-423a-9cc7-1163dc49e9ed', 'Cancelled'),
('a9b6e0f4-0190-47e1-af3b-aed4272c77c0', 'AI and Machine Learning', 44, '2025-09-24', '2025-09-29', '22ba3050-e638-4c24-b8e7-837d89021894', 'InProgress'),
('7982fbb7-6076-4fe4-a03f-11e2c13f57c7', 'Graphic Design Crash Course', 32, '2026-01-01', '2026-01-02', '94b4c361-d7ee-40f6-8871-564e9a67d876', 'Planned'),
('5589b29a-e137-4b7e-a2f8-5f2b80c6dba1', 'Financial Modeling', 12, '2025-11-17', '2025-11-20', 'bdc53e2f-fe41-4331-bbe3-d22af1af27e7', 'Planned'),
('8a96d89d-03d1-4146-a18e-c2b052eafc6a', 'Mobile App Development', 43, '2025-09-18', '2025-09-22', '2cd47ae8-ecc1-4e57-ab82-dca63779f17e', 'InProgress'),
('a29271ce-0458-42d3-a105-b489514add56', 'Photography Essentials', 48, '2025-05-23', '2025-05-26', '7e7b5591-4fe8-4a72-93b2-77cae694b7ef', 'Completed'),
('fce501da-8124-4865-9b80-4b14a159b153', 'Cloud Computing Workshop', 43, '2025-11-19', '2025-11-23', '1b1615ce-ee6d-4680-b724-efc825e878f4', 'Planned'),
('f18da9a6-db1a-4f71-b883-109fed7556e6', 'Blockchain for Beginners', 25, '2025-01-08', '2025-01-09', '40a2992e-d055-47c3-9b8e-ac22757d9ec0', 'InProgress'),
('8339c172-1789-45de-943b-ffc98a771e1f', 'Cybersecurity Essentials', 48, '2025-12-25', '2025-12-28', '95b5fd14-bd5d-4374-87ac-8d7f06b5b0ef', 'Planned'),
('960c8d53-2907-48d5-b4b1-335b45b07fee', 'Digital Marketing Strategies', 42, '2025-01-11', '2025-01-16', '94529709-4068-474a-937d-97da2d8366e6', 'InProgress'),
('7f7db289-69c7-48aa-a918-22f19785558b', 'Creative Writing Masterclass', 24, '2025-01-11', '2025-01-15', 'b1168a84-ad13-40f1-bc09-0683dfc787d8', 'InProgress'),
('5545126b-be72-444a-87b2-3bf58ffdd062', 'Web Development Bootcamp', 49, '2025-01-11', '2025-01-16', '01e206cf-bc90-4846-b92b-b8a3cccff4aa', 'Planned'),
('332cd454-96c8-4e7a-977c-f2803351fca1', 'Public Speaking and Presentation', 41, '2025-04-04', '2025-04-09', 'dcfb01f8-8df5-46ac-88ac-92b4f503fa3f', 'Planned'),
('71e90cca-81bc-40d8-bb74-c2adeca6bf98', 'Graphic Design Crash Course', 20, '2025-11-08', '2025-11-12', 'aeedbd31-2f70-4632-8d50-c2f896c7b80f', 'Cancelled'),
('293117e4-4a16-44c8-94d5-f8a3de35ef8f', 'Advanced Data Science', 27, '2025-08-19', '2025-08-23', '8f9fb176-76fd-4cb9-ba63-bb5f0f09549e', 'Cancelled'),
('a653d6c2-8e31-4ecc-bc6c-1760eb587b6c', 'Cybersecurity Essentials', 18, '2025-03-17', '2025-03-20', 'a5f99ae7-f334-436c-be94-662476b6eaa8', 'InProgress'),
('3da9f28f-27ce-4f01-b21e-53c866b7191f', 'Creative Writing Masterclass', 22, '2025-05-17', '2025-05-19', '1d8c2874-41e8-4852-89e8-02cb262e9ef9', 'Cancelled'),
('63df06a8-4b79-4775-ad58-e4e7f1e11687', 'Web Development Bootcamp', 47, '2025-08-11', '2025-08-16', '0400602b-9eb5-44fa-9a1c-41393e3f497c', 'Completed'),
('69a822a7-531f-4ab2-9b8d-22e83a2dd691', 'Graphic Design Crash Course', 36, '2025-02-27', '2025-03-03', '89d251a5-2080-4974-b67f-4c139de7cba4', 'Cancelled'),
('39a33b02-c351-4757-972e-92e5e08adbcb', 'Game Development with Unity', 29, '2025-08-24', '2025-08-28', '6fc07589-a06f-4336-b6fa-484ea39f14f6', 'Cancelled'),
('9d3fa41d-b40e-4380-bec4-39aa4631c3d3', 'Cloud Computing Workshop', 50, '2025-06-03', '2025-06-08', 'e31da0c0-141e-4970-969a-be8fc6645e40', 'InProgress'),
('c916ffdd-437e-4f0c-bcd2-3a6d25f7017a', 'AI and Machine Learning', 35, '2025-06-23', '2025-06-27', '4f89cce2-e4e5-457c-80e0-fa71c09949dc', 'InProgress'),
('3104bb8f-6cb3-4fa7-9bc3-b86c5bd49350', 'Advanced Data Science', 19, '2025-10-11', '2025-10-14', '19f93575-76f4-4c52-9d1d-a666163ddaae', 'InProgress'),
('6ed8f531-2d36-4a2c-bc6c-0ca0a089d709', 'Cybersecurity Essentials', 49, '2025-03-12', '2025-03-15', 'a852547c-2d34-4cd5-a6e1-2e73379fb7c4', 'Planned'),
('33db3dd7-d9b4-4ff2-8fa0-0064751a7ffa', 'Public Speaking and Presentation', 28, '2025-09-05', '2025-09-09', '60b37ef1-d383-4c74-8dd7-a05bebfedaf0', 'InProgress'),
('d4a5ebc5-d91a-4191-8021-1d2a27d6222d', 'Web Development Bootcamp', 35, '2025-11-30', '2025-12-01', '868537ac-62da-4e5d-8e67-d1b6681046b9', 'Planned'),
('8c09218d-234c-466c-ab80-2f2603430106', 'Python Programming Basics', 48, '2025-05-20', '2025-05-25', '65a9ab94-df58-4884-a50c-513441089d22', 'Planned'),
('8ae7b463-1a33-4b90-818a-e581c7785f6b', 'AI and Machine Learning', 17, '2025-05-14', '2025-05-17', 'eee72656-31ae-4136-89f8-c7318acc6969', 'InProgress'),
('a25f8ec0-db06-49bf-93a4-1bf5756949b5', 'Interior Design Workshop', 34, '2025-03-08', '2025-03-10', '5771fbfd-025f-44d3-8112-64db998dc986', 'Completed'),
('9af7a99f-3ee6-4142-a219-2faa71bc733c', 'Creative Writing Masterclass', 26, '2025-11-22', '2025-11-26', '23c4c91d-5943-4d60-a99d-fd02e530684c', 'Completed'),
('9ab07205-bc8b-4b4f-9d1b-4a2d685d41b7', 'Blockchain for Beginners', 30, '2025-09-02', '2025-09-07', 'ab6936b9-7a36-4a31-b6e2-512ffe3f7081', 'InProgress'),
('4fe9ddc3-be80-45dc-80d2-145532c48ad7', 'Creative Writing Masterclass', 45, '2025-09-12', '2025-09-14', '4b8ecb11-f18c-42ee-8aa4-c9f69275ef3d', 'InProgress'),
('6d472809-fa63-4c61-a6ea-e414fec2a35d', 'Photography Essentials', 49, '2025-02-26', '2025-03-01', 'ad2f33f5-1f67-46f0-94f7-5386202d2501', 'Planned'),
('c8395ef1-69d7-4065-957d-aefc0b896343', 'Advanced Data Science', 13, '2025-02-14', '2025-02-18', '23e8cffa-173e-48ef-8907-6bd6ed993fd4', 'Cancelled'),
('81f7d0dc-eb57-4146-9a81-e6a9eb416e0f', 'Creative Writing Masterclass', 16, '2025-08-31', '2025-09-05', '3b42534c-a16a-466f-975a-f9df4d7f9c26', 'InProgress'),
('96ccc9d5-d5bb-43b2-bef5-cade8245b92b', 'Python Programming Basics', 14, '2025-09-16', '2025-09-17', '216dc816-bd89-4c1f-a349-4be188b8b801', 'Completed'),
('2bbf18e0-b05f-43d6-8960-acb23f733f4e', 'Culinary Arts Masterclass', 40, '2025-10-02', '2025-10-06', '5b7b7e65-4c46-4530-bef2-36818093f5bd', 'Cancelled'),
('1306fb1c-2b68-4283-84d4-5f22f5a11386', 'Interior Design Workshop', 45, '2025-12-23', '2025-12-25', 'd62edb2f-5d50-45c6-882c-ea7299c30e7a', 'Planned'),
('8cf739d3-2f36-4600-ac4e-c3a9f34ab36d', 'Financial Modeling', 46, '2025-08-04', '2025-08-09', '671da433-9925-42a5-9ad6-2bb0ef228a3b', 'Cancelled'),
('dc9f8d5b-a0be-4602-b0a2-785293c2984f', 'Public Speaking and Presentation', 42, '2025-10-06', '2025-10-08', 'b2f506dd-40d1-4dd6-a4f7-293377011b60', 'Planned'),
('e9bd4129-ce43-4cb7-a90d-2bb12935748a', 'Creative Writing Masterclass', 22, '2025-10-22', '2025-10-24', '5230f00a-219e-4594-b9dd-48dcf3322f85', 'Planned'),
('5bcfee9c-34e8-43de-9d15-1b1d5038edcc', 'Photography Essentials', 45, '2025-10-05', '2025-10-07', '28339e4d-2254-4892-91f6-c60cea145b47', 'Planned'),
('86bf6cea-96df-41c1-9145-7f1f339d8716', 'Photography Essentials', 33, '2025-04-12', '2025-04-17', 'e9fc6481-79b5-41fe-a94a-0697369e6a9f', 'Cancelled'),
('f33721e1-2cd0-4a0d-b757-c03788f9ab64', 'AI and Machine Learning', 13, '2025-01-31', '2025-02-02', '2362b239-ebe4-4779-93bd-74762618bda6', 'Completed'),
('9c4e3386-0241-4d71-aaf3-06983c04ab3b', 'Cloud Computing Workshop', 38, '2025-09-24', '2025-09-25', '20bca9e4-7b2a-409a-a11d-ef23ff3dd332', 'Completed'),
('3c338819-28a1-4865-9dc0-a5209ca3d05a', 'AI and Machine Learning', 14, '2025-11-28', '2025-12-03', '0eb7915d-6fd6-42b3-a673-9fbc50fc45ed', 'Completed'),
('aa7fa232-36d3-4391-8fe6-a8bbaed2edbb', 'Cybersecurity Essentials', 33, '2025-03-29', '2025-04-01', 'ec280e46-6965-4050-bac0-f303061b67d9', 'InProgress'),
('1da1893b-8c42-4f01-9df9-fb798d5abd2d', 'Web Development Bootcamp', 39, '2025-12-09', '2025-12-13', '044a8929-d8c3-45af-a016-a341efbb1ca0', 'Completed'),
('db316fca-37fe-4b2c-b751-bb2017d7e566', 'Photography Essentials', 37, '2025-12-23', '2025-12-26', 'bda1ffee-2555-41ce-9c79-1d0ca21fd55b', 'InProgress'),
('f0e0c117-9e8d-4592-8850-ffc91e94bac1', 'Digital Marketing Strategies', 46, '2025-03-24', '2025-03-29', '990af5fc-15c2-4ff9-b119-aec7afeaf262', 'Planned'),
('1c7a01ab-d755-4776-b40e-53000ddbd457', 'Public Speaking and Presentation', 23, '2025-01-06', '2025-01-11', '2ec66186-7d0a-487a-962f-6ff6c06b3b7e', 'InProgress'),
('88abc658-4642-4a7c-94aa-b8cbbbae5210', 'Public Speaking and Presentation', 27, '2025-11-13', '2025-11-14', '572ada7a-d791-47c1-9f60-c998b9b06995', 'Planned'),
('680d0a0a-ec98-4c65-9f63-9e64b04de3bb', 'Culinary Arts Masterclass', 25, '2025-03-19', '2025-03-24', 'd84513c8-6e58-499f-b77e-cb23670036bc', 'Planned'),
('fbbdb8c0-cac1-4d69-b27f-2823f8fd7816', 'Creative Writing Masterclass', 12, '2025-10-02', '2025-10-05', '503ce38e-2167-4b1f-a158-46ffeac0a106', 'Completed'),
('13610765-d63b-480a-8b79-cacfd51ff5a3', 'Cloud Computing Workshop', 36, '2025-03-14', '2025-03-16', 'e2b6781d-a173-47be-8020-1cc213c6a2c2', 'InProgress'),
('58a5b634-6808-49b7-ae51-d7d4696fe8c7', 'Leadership Training', 28, '2025-03-17', '2025-03-22', 'f487a43e-0fdb-4780-bd68-7bbc85110fc8', 'Cancelled'),
('2f9d85ca-c4d7-4685-9dff-848770b91287', 'Graphic Design Crash Course', 17, '2025-11-10', '2025-11-15', 'b2202a84-b2d2-4594-827e-17ea56b96724', 'Cancelled'),
('1564d605-efd6-41ba-8684-548ddbc8be1e', 'Advanced Data Science', 31, '2025-01-03', '2025-01-07', 'b9f83635-8226-4b19-88a2-b1a1f7c4294b', 'Planned'),
('de8a557d-3a57-4778-b336-091805e8d7fc', 'Culinary Arts Masterclass', 19, '2025-04-19', '2025-04-24', '1422f9c7-f8e9-4fb4-9f86-baafb344502a', 'Planned'),
('18ae12cf-f6d9-4753-9767-c8222dd762e9', 'Graphic Design Crash Course', 34, '2025-10-14', '2025-10-17', '709bdebf-c0c4-45ac-8843-085cd60936cd', 'InProgress'),
('3c84aa57-bc64-40eb-9933-1c662f306c31', 'Cybersecurity Essentials', 18, '2025-11-04', '2025-11-09', '054b04d5-0f25-4208-82cf-4067e81e3cbe', 'Completed'),
('3e5f596f-a04d-4923-a31a-e3a03e355930', 'Advanced Data Science', 16, '2025-12-15', '2025-12-19', '3e262c34-cc70-426b-91f1-29e447317bc3', 'Cancelled'),
('74167045-7472-4497-a8ae-e8959e0da60e', 'Advanced Data Science', 23, '2025-09-25', '2025-09-26', 'a6dcc014-b880-40cb-b879-328546950ad1', 'Cancelled'),
('fa76a02c-4197-46dd-8299-144e498786f2', 'Leadership Training', 23, '2025-03-25', '2025-03-30', '4d69649f-dd2e-408a-84d3-3144dc1dba23', 'Completed'),
('6f1386c5-43de-40d5-a957-0cfee7a0dab0', 'Graphic Design Crash Course', 21, '2025-04-28', '2025-04-30', '35fca918-842a-45d7-8f10-0f7d8cb76d86', 'Cancelled'),
('22f71199-d676-4eb0-a479-6621a8a3e18e', 'Advanced Data Science', 13, '2025-10-18', '2025-10-20', '9cc34b14-6f13-477d-b199-f98960f697fd', 'Planned'),
('a8817335-a59f-40ab-9bff-0b2e25735bdd', 'Graphic Design Crash Course', 28, '2025-11-03', '2025-11-04', 'd0724a9b-39c9-47f0-a843-554a20bf127f', 'InProgress'),
('fec02bf8-1cc4-4944-9231-72581d4b72b9', 'Financial Modeling', 29, '2025-01-05', '2025-01-09', '9d269bcd-63f5-4455-8fed-96b667b03e80', 'InProgress'),
('1d15cd11-c642-4fb9-b79f-c935f4896440', 'Creative Writing Masterclass', 36, '2025-02-28', '2025-03-01', '58f040cb-a945-425e-aff6-f672ca871e2d', 'InProgress'),
('47c75f4c-f7ed-41a1-84ed-f8947d1c1d5d', 'Financial Modeling', 20, '2025-09-21', '2025-09-22', 'c3b93346-3f8a-4bd2-a06c-40ce3f2b01c7', 'Completed'),
('c3e7205e-e48a-4c38-8508-e528db72b56a', 'Graphic Design Crash Course', 45, '2025-06-23', '2025-06-28', 'd52eaf4c-701a-4b7f-bc51-f0860fbd8547', 'InProgress'),
('f4810d78-904a-41c0-81fa-c8c63dd10a13', 'Web Development Bootcamp', 38, '2025-01-25', '2025-01-26', '5d9361a2-b93a-4545-bf03-4fde53290f7c', 'Planned');

-- Insert test data for availabilityModel
INSERT INTO formationavailability (availabilityId, formationId, year, timeline) VALUES
('14d700ae-de0a-47d0-8253-b50732a85e51', '122e7ec7-5907-4f7c-a1ac-0ae8872f4abb', 2024, '101110100010101010111011111001000100110000011101101000001110110110011011000010011110000001001111101101011010011000000111011101111010111011111001000100101010000100101111001001011100000111100101000110011010000011100011100010110100001111010011010101000001111111000000000010101010111000100111111110011111000111011110110010011111110000001001101011010011011010111010110101'),
('9aefbed2-1aa2-46d6-8833-e2124e6a0426', 'a9b6e0f4-0190-47e1-af3b-aed4272c77c0', 2024, '111101101110111010111000110100011101101100001011111011001111001011101111111010111001010100101111101011001110011000111101000101100100111010110000111011011110101001011011011101101000010101101010011110011000010110010011100011010100110011001100111100110100010010010001000001110100110110110011101111010100010001111001010011011111110011110100110111111100100100100011101101'),
('11b2b13a-103a-43bf-a6ed-88368e230d49', '7982fbb7-6076-4fe4-a03f-11e2c13f57c7', 2024, '001000111001010100110011100010110111101100111010001100000100111010011111100010110011011011100001010110010011000010001100110011110100010011111101110011000110110010011011110111100010011011011111111111010010111111110001101110000110110100101110001111110000111110011101011100000011000001101101111001100100001011110000100100111110111011111011000111110100101001001100011010'),
('304d7fa0-500f-4b1d-8eec-863327201534', '5589b29a-e137-4b7e-a2f8-5f2b80c6dba1', 2024, '110010000010110011101011101100100001111100001101101000101110001000110001111110001011101101011100000010101011110100101000011000111111010010001101111011011000100111101010111110001111110000110101110100000110001010110011110011010011001101110000000101000111110110001001001011111110011010110001111111100010011100111010111111000111011001111100011010010010110101011010111001'),
('f1e2dfe1-beb2-4966-8358-fbfe598f3704', '8a96d89d-03d1-4146-a18e-c2b052eafc6a', 2025, '01000110111111001101110110011100010101100100101011011000100100000111101101001010110110111110100101000110000111000100011011001101100010111011101001100011001101101011101010000011101011110001001110010010001111100000101001000100100001010110001110011000010010100111101100101111101100000101000101001000001011011001101011000000010000110101000010010001010011110001001110011'),
('d264a257-e186-4d8f-acc8-57b590b6a027', 'a29271ce-0458-42d3-a105-b489514add56', 2025, '00011111110111101000010011010000011000010110000000000010100011011001110010000100001001011100100000011110001101100110100101011101101111001111011100110110100000011110011110100010110111011110010011101010000000110000101100110000010011011100010110101101111011010001011111011111010100000010110111000011010100101011001000110110111100110001001000101001100100010010101011111'),
('011a17b1-efed-4c34-86d6-5e83769df7b3', 'fce501da-8124-4865-9b80-4b14a159b153', 2025, '11010110101111101111011111001000111111000000010111010011011101110111101100010011001000001001101010111100001011110001010000000010111101110001011000110110001000110111110010001001111110001100001101010101000001011110111100001110111001000100111010010101011101101111001111011111101101001010011010000111001011110101001101010001101001000111000111010100011111010000100100011'),
('2af4d334-1638-405e-8944-0339ecc20e26', 'f18da9a6-db1a-4f71-b883-109fed7556e6', 2024, '010001110111111001001100001110011110010000101000010010000001110000010000100101010101111110010100111111111100101001010110001100110111001111110011010001000010000101000011111010001001111100010000100110010010100011010101101110110001100001101111101111010111011000010001101101111000110000101010010101101000100011000111100111000110111111011001111100010100111100001000110010'),
('36e00c5b-396c-41c9-89a3-7635f6489b30', '8339c172-1789-45de-943b-ffc98a771e1f', 2025, '01010101111010101111000110111010110100011110011100010111110100010001000000110000000010110000000000110001010100111100001000010010010011010011000101001100101110100000000111100001101111101101011011110110010011001001100011110110110100010001001100110101101000011000110000011111011001110110110000101010110110110010110001010000000110010110010101100000111101111100110100001'),
('98ac5474-3def-48a0-b1b5-76ab93dd3ead', '960c8d53-2907-48d5-b4b1-335b45b07fee', 2024, '111010101100000010101101011101110111101111111110100011010110011100011100000000000100110110011001001101110001101011110001001011111011011111111001001011001011110100011101011111000010110110001110010101101100010001110011010010011101001010001110001100001111011001001111010001000010100011010111111101010000001100000010101101101110101110100111101110010011010000001010100001'),
('bc99d0cc-a108-41bc-a0a0-16bec1846071', '7f7db289-69c7-48aa-a918-22f19785558b', 2025, '10100001010111010011110011100100110100100011011001010100110101100011100100010110101010101110100100110101111100000111010101100011011000000101011010010101010110101001110010010101001010011110011001000101101100000110110100010011001101010111010011111100110001100100010000001101110011011101010100110101000001100010010111110001010001111010001001111101001111111111000001010'),
('ce55707e-95c4-4215-bdb3-d80e78fafe41', '5545126b-be72-444a-87b2-3bf58ffdd062', 2024, '110011000000101011100001101110010111101000010110000101101101100000001010101000000001111010010001000111010001100100101100011001110001001001010000001001101110000001100000011111101110100011110110100010001101010111101110010101001010101000110110111111001001001011111011011010001101110110000101111011110111001011100001100100100000001000000111010111011000010101110110001111'),
('eb87cb94-9d3a-498c-bab3-28f21fde72a5', '332cd454-96c8-4e7a-977c-f2803351fca1', 2025, '10010010101000010011100111001101011101110011000000110010111100110111110100001100111011010000100100101011000100111100010001101111011101011010000010101011100010010010001001100110111101111011011111001001001110110110001001011001101111010110111010000001111010000001111010101010111001101010110011100001110011100010011101010111010011100000110001011001001111100011011110001'),
('10f70833-49a3-4d29-9db6-bb130081ab3e', '71e90cca-81bc-40d8-bb74-c2adeca6bf98', 2024, '101110001000011110011010110111101001100011101001111101100111110100111000110100011000101001000001001000000100110111110011000001001101010100111100000101111010111101001110000111111100000101101010101000000011001100100010000001110100111101100100101000111011111110011010111001011010000010011001010011000000010010000010000010111110111101111110010000100100011110110000101100'),
('96b47f93-edda-4c81-9f5b-83ddf26a2c9f', '293117e4-4a16-44c8-94d5-f8a3de35ef8f', 2025, '10101101111011011100110100111100110111111111000111111111100001011111001011101100010010100101011010111100110010100011001111100111000011010111010000100000100000101101000110010111000110001101111001011111001010101111011110111101111001110010001001000000011101111001001011010001010111010111001100011110011100110111000000010000000011100111111000011111011000100010011111100'),
('2f7d156b-ab82-4463-8295-bccd480d1a13', 'a653d6c2-8e31-4ecc-bc6c-1760eb587b6c', 2025, '10011010101111110010101010001110100111010100010111101011110000001011101111100100101000110100100101100010010011000011101100010010111001010001110010110011101000101000110100110111100101100010101101111010110111100011011110101011000100000101011001100100010111011101111010111100001110000111000010000100111001000110010010101111000110000110010111110101101010101000110100101'),
('00130cad-2ef5-4f64-98e6-5b1c6fb68bca', '3da9f28f-27ce-4f01-b21e-53c866b7191f', 2025, '00101101000111011010010111001110001110001110111100111111010010000010101010010111010011110100011010101011101100110010010011010101101010100000001101010111100101000001111000010001111110001001111101010101011100011010110111000100111110001011011011011010000101010110011110110010010111011001000111100101100101001000100100111111100001111101110010101110001100101100111010011'),
('e531daa8-914c-4f50-8bd7-f5f28b00f781', '63df06a8-4b79-4775-ad58-e4e7f1e11687', 2024, '101110110011001000111101111001100011010000101010111001001010111110101011110100011001101110110101110101010111010011001000110110110010010011010111010110111010100011110011111110000100101100010001001001010001110001001000101110100001010101101000011101110010000110011110011100001110001110100101011000010010011001111100000001010000010011100110011111110011100010101111100011'),
('7e901a6e-fd01-433b-8ca0-cc33dd400da9', '69a822a7-531f-4ab2-9b8d-22e83a2dd691', 2024, '010111100101000010111110100010101010001111011100011000001011001000001101111100100000100011011001101011100000100001000011011001001101001111010101101011100111101011110001110111000111110100110110010110000000110111001101110000110110101011101011111111110011010001100101011001010011110000100000000001111110000111000001010101001010100111101010011110110001011000110101111110'),
('f75b66aa-dc73-4ca5-9b27-8919043972c1', '39a33b02-c351-4757-972e-92e5e08adbcb', 2024, '101110011110110001000001001001100010001110011011001100111011001011101101101011011000101110010011100111110011101010100100000000010010011011010010001010110100000011101011110100001011100110010111001110100111001110011000001011010101011011101111001010000001011001000110010010110110010110100000100111011100111111000101101100110001111001110111111101010110110101100010100000'),
('eb7ec73c-9df1-4346-8a71-231c476f99db', '9d3fa41d-b40e-4380-bec4-39aa4631c3d3', 2025, '10101111001011010011000011000010010100110000001001010110100010110111011010110011111101001110101001010011100111010111010110110010110100101100100001100001111011111010101010011101111010110100001110110011101001011001010011100110000010110100110001000011111110001011010010010011111011100111011011011000110100011001011100110101000001011011110011010100111101110101011011000'),
('3b42bfac-6422-4609-a2f7-113621a3b1ef', 'c916ffdd-437e-4f0c-bcd2-3a6d25f7017a', 2025, '01100010011100011101010000010110110001011000111101110110111100001010100000001111010100101010110100011011110101001001001010110100111001101010001101100011110010011011100001000000101000010100100110000001101101001001011111011101110100010011111111110000001101011111101000000101010000000011111000100111111011010111110010100101101100000111010001110011110011101100111001010'),
('96786cf4-8fd2-4205-ab26-03d2ed0d8f61', '3104bb8f-6cb3-4fa7-9bc3-b86c5bd49350', 2025, '00111111010001110110110000111010111000111001001111100010001001111111001110111100001010011110100100001001001001001100001101010011001100101100001101101111100011000101101011000000111011011011111101001001111011111000101001000111100001000011010111001001100110011100010010111001110110001011111000100000010001111010010101110000000100101100101110111100100111111100001111011'),
('10013bb8-5528-43bf-8be6-7f4fa30c0bfd', '6ed8f531-2d36-4a2c-bc6c-0ca0a089d709', 2025, '01111010010010000101000111001101011101001011011000111000100100110001100110000111000110000110111001000110010100110000111011111000101100100111000100100011100110010010111001010000110111100000101010000100001001100010101100111100101001111111111111001001101101100111101101111011110110110010110101111110010111001000001100110111111110110010011011011101000001110011111011111'),
('240449b7-620c-4ad6-b473-4de127d83876', '33db3dd7-d9b4-4ff2-8fa0-0064751a7ffa', 2025, '11010011010111111101000010000001110101100001101011110110011010101101011110110100001110101111110100100010001110010100010110111001000010100110111111001001001001000010110110000111001110100111100000110001000101111010110010011111010110101010101100001100111001000101010111100000111001000001110000101101011110111110001100110011010100111001101000010011100010010111111011001'),
('63ea112f-0caa-4c39-bd2b-5a13f4c389c4', 'd4a5ebc5-d91a-4191-8021-1d2a27d6222d', 2025, '11011001011111111011101111000000001000111110001001000110000101111100010011000010011001100001100011011000000000001100000100100111110111101011100110101110110110111010101000100000000101000101100110001001100011100110100010010111010111101000001101110000100111011101100111110000011011111001111101011000011100100100111101100000001010111001110001011101001111011001011100010'),
('a5545089-e0b4-4e8c-b957-489b9a2bf46d', '8c09218d-234c-466c-ab80-2f2603430106', 2025, '10001000000101100111011001010110010111010001110010000010101100011110000010000111101111100110101111010111111111011101110010110001110100110111101001101011010000111001011111110110100101111111001001000000100111010111110001000011101100110111111111000001111001110010111010100010100110011000000011010100101111001101111110111011100111100101001011100111010111001010000010100'),
('f3c5edbc-c2ba-4518-b319-232306903721', '8ae7b463-1a33-4b90-818a-e581c7785f6b', 2025, '01000111000110111110100000000100101011110111100111101100011001100110101011100111000111010110000101100101010111100001000001101111011010111111111011101011110110000010011011010101110001010001111110011101100010000001000101010111111011101011001101001110000001101100011010111010001011101000110010010100001011011101111011100101011110010111011011010111001100100011010000001'),
('57bba52a-7275-462a-bb8f-8170820de867', 'a25f8ec0-db06-49bf-93a4-1bf5756949b5', 2024, '010101110011100001110001101010111000101000111100111110111101010001101011101110001011111101000101011101001100001010011101000001001101001111101010100111111001010101110010101100001010000010110011100000100110110001000100001001111001101101001011110111100111001001111011111001111011001111011010100111000011010010001000000100100110110010101010111101011011101000001110111110'),
('ac3e2286-2cfc-471b-84c5-49ccacfe152d', '9af7a99f-3ee6-4142-a219-2faa71bc733c', 2025, '00011100010010101010111010011111111110100110011111001010110000011011100001000110110010111100000001000010001100001111010101000001000101011011100010010110110001111100000111100100010110010000100000110010101010101110100101111101101000101100101010110001111011001101100101010001000001000100110110101110010010010000011010100101010101100101101101101111001101110001011100100'),
('6e62f8e0-8493-4053-ac89-94606988bbe2', '9ab07205-bc8b-4b4f-9d1b-4a2d685d41b7', 2024, '110101010001101000110011001111111010010001111000000101101000100100100001101001000000000101111000001111100000101111110010011010001101001111101101100011101110100101100111100001100001100010100111111110011111001100100011100000010011110110111010111100100001111111101000111111101011010011011001101100110011001010001111000111000010010000001110100111100010001100110100101000'),
('a9ceca49-17eb-4d8e-9012-21594be615b7', '4fe9ddc3-be80-45dc-80d2-145532c48ad7', 2024, '000101011010111111110001110010111101010101111100101111010001001110011001010001100011110110001001101010010001100101010001110111101111110111011110101100000000010010111000001000101000001011011100001010110000000001011110011111001111111000001000000100000010011110101100100010101011011110101100010100011011011101000110001000101010110110110001111111101011001110100111100001'),
('59d96347-b333-4b21-9d8e-58dd27867065', '6d472809-fa63-4c61-a6ea-e414fec2a35d', 2025, '10101010111101010111001111100000100001111011100100011110001101011111100010010000011001000001101100100100010010101110010010110000100000111011110101011100100011001001100001111111000101000111011000111111001101011100101001101000010010111110010000001011110100110001101001101000000111011010110001010011011111111110011000001010011110010111001111100011000111011000101100110'),
('ec3a7b77-d312-4d87-963d-0a88b308cfb0', 'c8395ef1-69d7-4065-957d-aefc0b896343', 2025, '00101101001000110000100010010011110100000100010110001111111001100000011100111001001010010010110111110010101000101101011101011101101000011100110111100001111000010001010100111011110000011111011110000101110000110101000110101001000111101011010011001011110110110110010000001101000011000110000101000011101111101010001110010000101101001101110101010100010000101110010010001'),
('4eaa2083-5328-41d9-a436-cf57dc7f6b55', '81f7d0dc-eb57-4146-9a81-e6a9eb416e0f', 2025, '11001101001011101111101010000100100001000011011000110100100110110101101011011110011110101110011001101010110100001011110001110100100001101000011011010010010101001000100100010000001010011001001010110101001000010001110010010001011110011110000010110100110111011011001110011101100101011010011011110100010100001011000001100111111000000000011101101001100100010000101011011'),
('31471228-9161-4852-962b-f5e6f28fcdde', '96ccc9d5-d5bb-43b2-bef5-cade8245b92b', 2024, '110110011111001000000100100110101111001000110011011101001101001000100110100100001000000110000000111000001011000011100001101000001001101011101100110011111000001101100111010111101011001010100010001101011101000101001110000001101010000110111011110101011000010100011111101100100101000111010110100000101111110100111010010010010100101111110100101110111010010110011010010110'),
('6a7e0731-745f-4dfd-a3d2-3ff84ed08636', '2bbf18e0-b05f-43d6-8960-acb23f733f4e', 2025, '10000000000111011000010000111100100111110010011011001011100011101110000100111100111001010011011110110010001101100000100110010111101001001011001100011011001100010101111010011100010100100100000101110010000111000101000100001111101010010110110011001111111111000011000110010010101001010110100110110101000001001001100000110001010110010000001001010000000111010010010111101'),
('02047a6c-8ab0-4b41-b0e3-a83031c7ab2d', '1306fb1c-2b68-4283-84d4-5f22f5a11386', 2025, '01010110110000111010000001010000100011110011000011000001101010010011111110111000010110110011100001101010100001111010111000100110001010100111101100110100000001111110000101011001101100101101010100111111010110110011001101011101110100111100110111001000111001110011011111000111010101111000011001011100000011111001111101000101100101011111101111011101111001100011010100000'),
('d292d806-6903-48fc-8a9f-be9aed60b19b', '8cf739d3-2f36-4600-ac4e-c3a9f34ab36d', 2024, '010011011110001011101010111110001011000000101100111001111111101101101000101110001011101101110000100001000100110001010010110010011100001111110001101111111100000001111110110101110001101011011100011110001011111101010111100111010010101110011011101110010100111010010100110101010100100001101101001011010001001010111000100000000001011111101110110100100010111000101011010110'),
('3b5cfd24-dbf0-4967-8bcc-c0418d139e07', 'dc9f8d5b-a0be-4602-b0a2-785293c2984f', 2025, '00101111111001000100001100001000000011101001010110001111001101011000101111110110110001101000111110111110110001100100110010111011011000101010111100101000010110110111111111100101100000000111000010101010111000011001000101011111111110110100110111010110101011101100000000110011101000100111010011011010100001101010000001100101110010111001011100000001011000111101000110001'),
('2f431733-79cd-499a-b240-8948d628a395', 'e9bd4129-ce43-4cb7-a90d-2bb12935748a', 2025, '01011000100111110011110010001110100010100011001101000111110011111110010111100110111011110110110010000100010100011111100001110000101110110110011010011111111001101101000110010010001001000111000000010110111110011011000100010011000111011001011111010111110011010111110101100100011000000100100011101000101110101100110010111100101111000101100110001011101101001111000111000'),
('c7b67efa-3ca1-4a35-bf94-a2d66558ec96', '5bcfee9c-34e8-43de-9d15-1b1d5038edcc', 2024, '101111010100110110110010011000010110001101000010100111001000010001101000111010010111001010100000110011100000111001111011001110101100110011000000011110000000011011001010101000101110000011101010110110011001001010110101011110101111101000101010100100111110001101011100101011111000101001111000100011111011010010011001010111110000111010110101011010110110001010100000011111'),
('2aea5b4f-9f7a-4df1-8a9b-0dae60010c8f', '86bf6cea-96df-41c1-9145-7f1f339d8716', 2025, '11111011111010110101011000010001111111011100000010110110111110000011010111000001011000011111011000011101100010110000001001000010101001100110010101110010001010101011101101000100010111101001001000100110011010100011011100001101011001000010010101000110110001000111101001110111010111111001110111010100110000001110010011101101101110101110000010101011010001001010110010001'),
('962ad6ec-463c-4fd1-bb42-e344d2244e8b', 'f33721e1-2cd0-4a0d-b757-c03788f9ab64', 2024, '111001100011010110110110010001001111000011011011111001101011010101011000011000001011010100000111110001101100011101011010101000101110110111110100100010100111111101010010101111101001011000000011111001100111101111010100001100001110011110111010110011010100000010011111000010101000001101011011111010111100111101011010000111001101001100100010100111001001100111101100110001'),
('8d1946c2-4884-4861-9ea3-bfe343114061', '9c4e3386-0241-4d71-aaf3-06983c04ab3b', 2025, '00000100110000101011100011101001100000000010110011000101100001101111010111010101111101101111000010111101110010110011100011110111000100110100001110111110101100001101010011000110001000100010000100100101000010111110001110011101011110011101110101000110100100010010111110000001011101101001000001010010101101100010000101000110110001101110111000001011000111011010110111001'),
('7650d966-9867-45f1-ba58-e03b8aaf200b', '3c338819-28a1-4865-9dc0-a5209ca3d05a', 2025, '01101001111000101100101100010010001011000110111001110101111110111011100101011111001010111001001010101110011111110011010100101010001001000111100010000101100000100001011110100101001110100100111100011110101110010110101010110111011010001010000101000010111011101100010010100001100111111010101010110101010110010001100101111010001111100000110010000001001011001001110100111'),
('13b81861-1d2e-442b-8b0b-769c87aaef51', 'aa7fa232-36d3-4391-8fe6-a8bbaed2edbb', 2024, '100100011011010101011100111011000110110100110000111111011100000010100100111111111011011000001111111000000101010000011001110000000000010011110110000010001010100010110100011011101110001000111100110010000111100101101100110100001010101011111010000101001110110110101100110011101110011101110001100000110011101111000001001111010110110110001111101011011110101111111000010010'),
('e36e4795-1bee-48ae-ba65-ae4e68116044', '1da1893b-8c42-4f01-9df9-fb798d5abd2d', 2024, '100100000000001111011000001110101101110101111111100001011001011010001001100001111011110101010011011111000110001011100110111110010101000011011111000101110010100110110100000001110011000011010001111011001010111101000110011111101010110101111001011000000011011011100011011101101111110001000001000010011111001110100101000111101001110010111000011011111100101100100111001100'),
('7266c6e3-896a-4df2-8ba9-14f847339d7f', 'db316fca-37fe-4b2c-b751-bb2017d7e566', 2024, '000010001111100101000110110000011101110100000101100001001100110111001000111011111010011010101101001101100100100001111111110100110011001110111000010101101001111100010000011110101000000001001000001101101100111111010000000111101101011111111111101110001001000100101100111111111000111001001100101010011100100011101101000101011110000111111101110001011101100111100000000011'),
('e81f4f54-5fe1-4fcb-9f1b-9151b0d774f1', 'f0e0c117-9e8d-4592-8850-ffc91e94bac1', 2024, '101000001010011000011000000011000100011111110100100010110101010001111010101100011100110010101011011001011111011010110011010101110010111001101101100000110010110111100110000101100111011101011110000111001110111001110000101101010101110000111000100001100010101010010011101111111111000001101100101001001110000110001110100000001110010100010011011110000101100000000100010011'),
('20fe84ae-7ee6-437d-bb38-7cd939a99851', '1c7a01ab-d755-4776-b40e-53000ddbd457', 2025, '00010100110101010011100101011000011111100110111010011011111000010001000111000111100111010111101001010111010100100101011011001110110011011001011100001100111000001101101111101101011000110110111111011011100111100111010000100011111100100110001110011010001110100110110101101000011011111100000010010011011111101101111101111110000110111110001011010100111010101101100010011'),
('735fcaa2-70c6-43bc-8bf4-3f01a4f41684', '88abc658-4642-4a7c-94aa-b8cbbbae5210', 2024, '110101101110000001111010011100000100010001000010111011101011001111010111010011001110001111000000110110010000101010100101011111101000011000100010010011000011010111010110000100101011111100011011001001001001111110011000100110100101101010000011011110011001000011010001011001001010110000011100110000001010110010011101110011111101101000011101000101100111001100100110011110'),
('9d58db60-75f4-4346-ba04-34eafd4ef1f5', '680d0a0a-ec98-4c65-9f63-9e64b04de3bb', 2025, '11110000111010001001011110101111110100001011000011011011010101001001111101111011010110001100000011000000011010100001010010001111100001100010000000011010000111001101111101000111011100011001100101100111011100010000001100001100110100000111101111010100000001000001100111111010011110000010000000010010111000100001010101001100000110110101110010011010000110100100000010111'),
('65f7af03-4b2c-49b5-93ca-1aad7401c1c4', 'fbbdb8c0-cac1-4d69-b27f-2823f8fd7816', 2024, '001110111111001010101110011010101001101000110100010101101010001111001110100111010111001010000111011100001100100001110000001110000110010101000111010000011000000100001100000011010000110010010110101110010110010111110111111100000010011101010101110110011110000011000010000000000100100100000101110111000100011011001001010010101110000001001111110111001110101111111110001100'),
('aa58350b-c833-41e1-ac68-398e1e119040', '13610765-d63b-480a-8b79-cacfd51ff5a3', 2025, '00100000001101110001100010000110011110100010001000000110000100100011111110010010001100100010111110110110000111000001001011001101001100010100100010001110111110000010011000110000101111000011001110001010010000110111111101000011101000111001010000101001001010010010001000100011010011110001100101011110100101001101101001000000111000000101011111010010110001011111100010111'),
('01508ce0-9b81-4dc8-a3e8-f7089909e675', '58a5b634-6808-49b7-ae51-d7d4696fe8c7', 2024, '101011000100100001000011100100000000010010111111000001001000110000111101001110111100010000001101100010100111111101011010010111010100001011001100000000001001111110111101001100000001100000100000111000001001110101101001101001111000010100110000111011011110000110011001011101011111110100100100010001100111110001001011000010100001010110011001110000111111001010001000101110'),
('74fb9b7c-7249-473e-9305-d021125d6f7e', '2f9d85ca-c4d7-4685-9dff-848770b91287', 2024, '000001100101000000111111111000111010111011011101100011101011111011000101100111010100110110001100001111000000110101001000000011000101101111101111110111101100001101011011111010111101100111010010001110011000101111010001011010101011000111101101010010010011110011001001101101001010010000001100010111110011011010011001000111100001001001101111001000001011000111110110000100'),
('a7ee0a81-7fe9-41de-a0ef-7af7c401b3c3', '1564d605-efd6-41ba-8684-548ddbc8be1e', 2024, '111011111100110110011010100110110100111110001111110010101000001010000011101010011011100001111111011101101101101011000001111011100110010010010111010110001101110011001010010010100001011010000100110001000101111010100010101010101001101100101100011100011011101000111001100000010010001000001110100101100010110011110001111101110100101010110000001001000000010010111100010111'),
('e90077ac-2e44-48d4-a4e6-eead27eb8df2', 'de8a557d-3a57-4778-b336-091805e8d7fc', 2025, '00011010000010000101001011000110100111001000000101110000001100111100101100000011111101011001110111011010001000111000110111101100111011111000111000001001111110111101110010010101001000001100001000001111000000110101001101010111011010110100011111100100001010111110000001101101100001100001010101110111111000000010101111000000010110110000010011001111011011001111100111101'),
('c41fae65-23a3-4dd9-9449-41320bd5fb11', '18ae12cf-f6d9-4753-9767-c8222dd762e9', 2024, '000001111011101011110010110110101001100011010010010111010011010100011111010111111010110110011111110010111110000001111111111010111010111010110011111001101101110000111111001000001101111101000110110101001001111010111000101010111100011101000001110111000000010100101111010101011001000010000010010001010001110111000111001000000100010100110111000101111010011110000110000100'),
('76e5eaa8-1acc-4d8a-9e42-a9a49b5a576c', '3c84aa57-bc64-40eb-9933-1c662f306c31', 2024, '010100101001101001000111110100111010111111111110001000010000111101001110001010111100011011011111000111010000100001010010010101110110011100100010110110001101100110111110110010000000010110000101000001110110000100101101100101111101111010100100001101101011110011101011100001111011010110001000110011100111110000111000001110010011110000100110001101111011001011101010011111'),
('8f68f587-bf63-4320-b8f4-a021e8072f3f', '3e5f596f-a04d-4923-a31a-e3a03e355930', 2024, '111100111111010110100001111000001011100100001001111100011101000111100011001101010111010000111000110011101000011001110000100000010100100100101101010011110100001110111010000010110001110001101010111100101000010000110011010011101100110010011000001100010011110001011001111011001011111100001011110111001000001111111110010010111001011011110110000011001111001111010110010001'),
('6f6b77c8-478a-48f1-b49e-677cc27a5390', '74167045-7472-4497-a8ae-e8959e0da60e', 2024, '100000001111000110101010001110100011001101110110110011111100010001011100001100010100000001111110010100011000110100100110101100001010010010011100101000001101011001101100100000011100100010101011111001000110000100111110010100000111010001000101100000001011111000000011011000001001100101000100000100010101110011101101001001010000001011101010111010110011111101000111100000'),
('e18b2eab-590f-4bd3-bab0-d833f47a40dc', 'fa76a02c-4197-46dd-8299-144e498786f2', 2025, '11101001110011100101101100100010100101101110011001000101110101000011111101110101001100101100010101001010001111101010000001001100101110001100011100000010001001000000100011101100010110101101000101010100111101000000010111000101000100111001101000101111011000110110011111101001111000001010011000010111100010101010111011110000010110011001111111000000101001110000101000011'),
('e5cc9475-12fe-470b-9159-149a202bb96e', '6f1386c5-43de-40d5-a957-0cfee7a0dab0', 2025, '01100100011010011111100011101110100001010110111101110000001111001010000000001011110110010101110100100011010011100011101100000000101100000011000100110110111111010010101111101100010011101000100100011011110010000000110010100111111001010001110000110111011001100100111010110001010111000110010111110111011011010011101010000000011100010101110000000011010100010111110000011'),
('300d2b43-4168-4ed0-a30e-8a582a3134a3', '22f71199-d676-4eb0-a479-6621a8a3e18e', 2025, '01001000010000000100001011011001111110110000010111101100111111000000001101111110010101011100100100000000111111111011111110000100000100011111101100000001101001110101000010101001101000110110011101000011110100011010110111000111101110100011111000011001110000111100011000000111101000011001011001001110100010101011010110010010001110100001110010110001101101110000001010001'),
('f130a42d-107b-44f8-9218-87d438e9f5ec', 'a8817335-a59f-40ab-9bff-0b2e25735bdd', 2025, '11110100111111011011000110000100100000100110000011011000000111000110111001001011110110111100011000110100111000010100100100101111001100101001001111001000010100001011101000010000001111110101110010111110010100000101110101111110100111011111000101000001101100110100110010101000100111100110000000011010010100110000001001001111010001100010010110000010001110110001111111000'),
('85735716-cafd-4635-bf23-d0913082d3ba', 'fec02bf8-1cc4-4944-9231-72581d4b72b9', 2025, '00101001101100000101111110010001101010110010101111011001101110100101100010010001010101001011000110110111000001101110111001101110100010001101100111001000110111111111100100001101010100111100101010101101101111010100101001000000000110110101000001000010111001011100000000101111010101111100000011100110111101101111000011100001001101101001101000100010101010000000011111011'),
('700d4891-2114-4886-bcbd-374c4c1740f7', '1d15cd11-c642-4fb9-b79f-c935f4896440', 2025, '01000010010011111011110011011011010100000011001111000111101101111001001010101101011011101011111010001011000100101010101100110110110101101110011111001010111111000011110111000100011100001111110110110100011010000011111000111010110011101001101010010110011110101110010100110001001011011000011000100111100000100010000100100011111110001011001111100011110101110000001101010'),
('99571aad-35c8-45e8-bde1-cffe25d54801', '47c75f4c-f7ed-41a1-84ed-f8947d1c1d5d', 2024, '111011110010111010100011011110110000111000111011111001001101100111100001001111110011111010000011101001010010000100100111100100111111011110110111010110101101011100111110110000100110101101101100111011101011001100111000000111101110101111001101010010010011011010111110101111100000001010100011000111001111100100011100000100100111010100110101000100000000111001001011000011'),
('d8a6e7a9-e4d5-4cd5-bf07-9af0740e02df', 'c3e7205e-e48a-4c38-8508-e528db72b56a', 2024, '001110011100100100010100010011100100001001110000111110111000111001001101001111000010011111110110010001101111001110101000101100110110111111111100101011000110010110101000100101010001001101000000111111011110011100111110110111010100001010101000110011111010101100010110100011000110011100110011010011100110111001111000111010000001111001110010000101000100110011110100000010'),
('491f7201-2a4a-44a1-be3d-76bac50434df', 'f4810d78-904a-41c0-81fa-c8c63dd10a13', 2024, '110001000010000011101101000001111110111100010001100100110010001010100111011110001000110011001101011000100010101010110101011001111001100110000110100101001100000100010000111111000010101000110010101100001001001001000110010110110010011100011110010010100110101100010010110010110100101001101110110000010010101111010010111100011010011110110000000101111100000101010101100010');
 -- Purchase & Provider
 CREATE TABLE `provider` (
  `id` varchar(36) NOT NULL,
  `name` varchar(255) NOT NULL,
  `service` varchar(255) NOT NULL,
  `siren` varchar(9) NOT NULL,
  `status` varchar(50) NOT NULL,
  `id_contact` varchar(36) NOT NULL,
  `registration_date` date NOT NULL,
  `region` varchar(100) NOT NULL,
  `legal_informations` text NOT NULL,
  `category` varchar(100) NOT NULL,
  PRIMARY KEY (`id`)
);

INSERT INTO `provider` VALUES ('028b94bd-68fb-45','Rowe, Brown and Moses','Artistic services','001132551','SCOP','94dd9ea5-992f-47','2021-12-30','Brownmouth','Time structure college environment. Piece throw middle. Eight mother much remember low identify.\nCentral day teach visit especially way indeed. Book suffer industry price sell generation clearly.','Entertainment'),('06ae3b9d-ab77-47','Walker, Smith and Murphy','Food','139078230','SAS','8f86b4af-a74b-47','2021-09-14','South Mistyshire','Tell leader every economy herself doctor opportunity though. Soon lot image evening use yourself fall. Network door third.','Entertainment'),('074e113e-51e4-4b','Daniel-Murphy','Food','553799320','SARL','3ada7e78-5486-4c','2020-10-29','Lake Carrie','Lead throughout herself huge. Agency lot finish.\nCompany community receive ago purpose. Pay whatever indeed such community might. Man identify or peace case try. Exist peace speech bring stand.','Entertainment'),('0794e7f7-1198-4f','Gilbert, Fuentes and Malone','Artistic services','782276816','SAS','63793ab7-00a9-4d','2024-10-20','Port Charlesmouth','Left do place environment. Reason teacher some provide usually.\nPlayer situation say four able computer. Town politics market also her strong development.','Real Estate'),('09e6e209-8ba9-4d','Parks-Davis','Housing','826625825','SCOP','059d7352-d189-45','2024-08-09','Cruzhaven','Value eat shoulder animal during dog best. Window color benefit process money. Along bag relate specific business public response.\nMiss recent upon. Page week even politics participant environmental.','Real Estate'),('0a87ce95-351e-41','Steele-Wright','Beverages','775203502','SASU','05f6ff72-b1d8-49','2021-08-06','Amandaland','Lose key husband. Add summer party already report general.\nCentury chair bank recent. Arm animal far executive respond remember may. Cost three table.','Hospitality'),('0b8d2437-317e-4a','Ballard, Bean and Grimes','Food','684365102','SCOP','a5f5c1ef-4739-4b','2024-06-17','Tracybury','Artist choice not first personal become like. Argue tough third mean per management same.\nArgue follow population hope. Smile low these likely relate simply painting.','Hospitality'),('0bb750e0-2bd6-42','Allen Inc','Food','862762627','SARL','89731caa-8b64-45','2024-08-24','Juliefort','Year rock maintain consumer wait side. Also career Mrs assume speak. Student run air.\nYourself professional Congress environment. Remain mission building. Imagine of than.','Catering'),('0d792bd7-26ce-4e','Brown-Hodges','Food','673119384','EURL','04e5eb4d-2281-43','2022-10-24','New Katherinemouth','Bar mouth wife particularly do Democrat yard. Teach continue wait level onto.\nRole increase also build nation. Body hear so rule friend table they yard. Push economic trade close can exactly.','Real Estate'),('1095df6c-b693-42','Smith, Estes and Sampson','Artistic services','154091608','SCOP','6d5be9b4-3c47-47','2023-06-23','Tonyaport','Rest believe look spring. Whom surface whatever company less either.\nFloor ahead dinner. Return development serious according none red. Garden class nice table. Follow take mission late.','Entertainment'),('12504427-b5a9-4b','Mays PLC','Beverages','210658228','SARL','efe83137-3b4b-4c','2020-05-20','Coxfurt','Despite lead individual. Lot large military fund even start draw. Class far table the also full PM.','Hospitality'),('13be9222-904e-45','Shelton PLC','Housing','335047069','SARL','1f4451d1-df77-46','2022-05-06','East Marktown','Box design firm back word guess. Institution prepare product. Everything part social shoulder bring visit star. Process turn garden movie her human but.','Entertainment'),('15d5714e-6ac8-46','Fields-Whitney','Artistic services','314811173','SCOP','925b3c44-dd8f-49','2021-11-05','South Travisfort','Story worry leg. Officer since something stuff anything.','Catering'),('1a7e9b4f3c2d5c8e','Gonzalez','embrace bleeding-edge mindshare','469212479','Inactive','343','2024-06-25','Bretagne','L\'assurance d\'avancer de mani´┐¢re efficace','Retail'),('1a7eb738-7a3d-4a','Valdez, White and Perry','Artistic services','188082899','SARL','c241a7c2-c7e4-47','2021-11-08','Jamesside','Company local who finish. Seat unit member cut everyone money.\nPicture finish successful clearly.\nLead whole cup bit attorney. Choose only add offer couple dinner look.','Entertainment'),('1bf648a2-fa5a-49','Parker Inc','Artistic services','850671078','EURL','d0d26c0b-d0eb-47','2022-08-20','Williamsborough','Art cost movement feel. Put let own very skin identify.\nImportant like accept mean. Land win move message.','Entertainment'),('1cdfe55b-4d3e-4d','Robinson-Maynard','Artistic services','769799602','SA','81d0ae4d-77a7-4f','2021-10-19','New Stephanie','Share poor both drug ten health. Occur teacher develop.\nThere tonight admit no far interesting. Trip myself admit loss traditional range north.','Real Estate'),('1db0079a-501e-4f','Small PLC','Artistic services','462133539','SNC','cf5d65bb-cc11-48','2021-08-13','West Calvinstad','Yes window have possible common mouth. Office about the.\nThen nature authority speak. Meet size lead year age. Leg open get. Question recently force political court spend itself career.','Hospitality'),('215484ca-4589-4b','Brady, Allen and Bennett','Food','761630447','SARL','43465cb5-506a-41','2021-12-19','West Haroldchester','Floor who many walk minute. Stuff pass senior section opportunity before walk.\nThese guy each let heart. Dinner despite agent base above open product.','Hospitality'),('218145d0-57b9-40','Garrett Inc','Housing','417077904','SCOP','dd389b5b-778b-40','2024-09-27','West Isabella','Itself move state note for win put. Successful understand that every reveal tree leave. Mouth design rise agreement although range war.','Real Estate'),('22b93c34-3a7a-47','Frederick Inc','Housing','549258154','EURL','faec4200-f77e-4d','2023-03-01','West Jaclynland','Beautiful speak hundred piece. Common around cup strategy sure might. Lead couple kind.\nEast week must worker. Realize quickly forget. Range property enter kitchen himself land.','Real Estate'),('24fa5366-1c94-42','Tapia-Barron','Artistic services','15661430','SARL','238739a5-347b-4a','2021-04-02','Josephberg','In arrive hotel prevent rock image act. Source say gas marriage strategy career exist.\nTeam year mother camera. Air rise general so.','Real Estate'),('2d4f9a8e7c1b3d6f','Roux','grow web-enabled mindshare','524027091','Active','111','2024-03-03','Bretagne','L\'avantage d\'´┐¢voluer sans soucis','Healthcare'),('3160ae83-8d5d-41','Sanders-Gregory','Housing','644586731','SARL','976826d3-3529-46','2021-06-03','Mossshire','Become ahead trial rest. Prove production despite new despite road account situation. Audience around third.','Catering'),('347fe9fc-bff2-42','Ho, Smith and Sullivan','Food','106814826','SCOP','73bd7be8-ff8e-42','2024-12-14','New Michele','Now Democrat control ten. Administration than quality would oil forget these. Also ball eat ability.','Catering'),('34c2bd2e-f9b0-42','Maxwell-Lawrence','Beverages','785635363','SNC','5284722d-d5b3-4c','2021-06-18','West Jennifer','Drug throughout leave wall security century. Do nothing smile firm happy news.','Real Estate'),('351d7585-6f31-41','Brooks-Sheppard','Artistic services','614987289','SNC','c54d132c-1ac4-4c','2021-06-06','New Charleston','Bar force itself sometimes into travel ahead. Leg significant let.\nMemory size both. Ago market lot affect budget heavy lay. Effect care pay them.','Hospitality'),('3b3e6897-0f73-4a','Morales-Thompson','Housing','453511093','SARL','56052b7f-96ca-40','2022-01-06','New James','Southern road themselves. Offer tend my ahead walk simply. Look pay leader respond.\nReduce third among. Only able general apply knowledge.','Entertainment'),('3c9118c3-f464-4d','Marshall Ltd','Food','254735239','SAS','bd2f0fa6-8fa5-40','2024-07-27','East Jesse','Able section what former continue. Almost lead visit fund camera condition. Officer couple after above response arrive.\nNew according nice fine. Great song plan vote occur support control.','Catering'),('3c912d44-b89d-41','Lam-Ball','Food','508972956','SA','c38a3cde-2d9f-44','2021-09-08','Scotthaven','Machine wide statement learn force. Return control know fish by speak.\nStrong occur scientist process successful reason activity cold.','Real Estate'),('3c93dc7c-c994-41','Jackson-Richardson','Beverages','129120518','SNC','3f6ab087-881d-4e','2023-06-02','Williamsville','All after list young. Wish window business defense training hold end worker. General Democrat relationship through piece.','Real Estate'),('3e0fd3f6-9bd2-41','Chung, Lewis and Brock','Housing','258722498','EURL','62e9b60e-1092-48','2020-01-17','Adamshire','End to rather itself end pass level also. Food security executive else like cup probably.\nWrong put environmental reason best argue including professional. Gas get meet total professional talk far.','Real Estate'),('3e5d9c7a4f1b2c6d','Dufour','deploy seamless users','665149097','Suspended','220','2023-04-05','Occitanie','La libert´┐¢ d\'avancer plus rapidement','IT Services'),('3f220ac0-238d-4e','Hayes-Hernandez','Artistic services','252804522','SASU','11720b54-287b-43','2020-04-06','Kennethville','Strategy challenge than training growth camera what. Sign order stock wrong dog.\nStand try budget make approach politics anything. Talk happy here look tree body.','Real Estate'),('405364a1-148f-47','Tucker, Hansen and Johnson','Housing','248215126','SASU','aa3dad75-fb48-4b','2024-11-02','Annetteport','Share magazine figure up group simply show.\nFloor million wife study doctor tonight travel act. Not listen travel focus item natural door site. Those under perform also south risk include.','Real Estate'),('49067305-3fa6-47','Lewis PLC','Food','304003851','EURL','86869167-015c-42','2024-01-20','Josephfurt','War side cover indeed Republican me. Political write cell board spend purpose can every. Contain rate people attorney arrive.','Catering'),('4a5c9b8d3e2f1d4c','Grenier','cultivate end-to-end infrastructures','984179959','Inactive','129','2015-04-24','Occitanie','Le confort d\'´┐¢voluer plus rapidement','Agriculture'),('4b18f738-0358-4e','Olsen, Johnson and Hoffman','Housing','980977010','SCOP','be575ff9-f2dc-4f','2021-04-17','Jonathanfort','Cultural idea rather prove window. Size fish entire.\nPublic Democrat national most. Now his camera both.','Real Estate'),('4d5b7cf2-8a98-40','Walker, Johnson and Morales','Food','983480009','SASU','e1bc0af4-0aea-40','2024-11-07','New Christopherland','Stock medical hit first sign.\nMoment floor story third everything. Seat door follow really.\nWish yet on wall. Change hold situation range who economy.','Real Estate'),('4e087a13-1f94-47','Hebert Inc','Beverages','675862780','EURL','6b3c2f40-0489-40','2023-03-22','Tammyfort','Yes account available. Main teach account relate in leave dinner fine.','Hospitality'),('4ef5c783-8a54-40','Case, Lewis and Franklin','Artistic services','369181515','SA','fa53202a-407d-47','2021-09-14','Sanchezmouth','Experience black medical itself. Force town keep argue.\nWell explain modern deal beat media. Series decade inside property. Maybe same talk arm.','Entertainment'),('552a4c8a-260c-4e','Scott Ltd','Artistic services','032437499','SARL','74493c5d-01bd-4e','2020-11-20','East Emilyport','Pass environment throw rather product almost. Despite often might government every right adult could.\nAccount own two thank. Entire level happen same.\nOthers two bar.','Hospitality'),('5a3a3da5-4b6b-4a','Martinez, Barrera and Wilson','Beverages','672741814','SAS','2d9117c0-f386-4e','2021-04-17','Thomasberg','Significant ready television see.\nWant off road often laugh community. After language effort pretty activity management common new. Movement brother morning officer cup author.','Entertainment'),('5ccd6a0d-3637-47','White and Sons','Housing','943130344','SCOP','68573ad8-a316-49','2020-04-12','Debrachester','Situation say senior reveal black write accept since.\nPiece goal pick card sound. Prevent machine indicate responsibility home idea white collection.','Hospitality'),('5f41cdce-6928-41','Travis-Kelly','Artistic services','822915000','SARL','ad7d2427-521a-4c','2022-06-16','Brentberg','Ground rise recent table style simple receive. Buy decision other. Attack alone south responsibility forward risk happen speak.\nImportant ready require. Brother outside time either shoulder common.','Real Estate'),('61ca93cc-9551-45','Walker, Dalton and Le','Artistic services','332174446','SCOP','44fa0cef-053e-4d','2024-10-01','Crossmouth','Protect finish thought wife actually tell. Argue Republican which up region measure moment. Artist woman gun which market.','Catering'),('61e23b8c-deca-4a','Khan-Stewart','Housing','196331997','SA','7df137f0-e64e-4a','2024-11-04','Port Shaun','Drive weight Republican institution military base friend build. Word way point. Husband stand travel herself still actually involve decade.','Hospitality'),('620c556f-c905-48','Greene Inc','Beverages','969880378','SCOP','2d6f1122-4ec5-4a','2021-11-05','New Jasonshire','Current special thank station husband why. Expect old shoulder sit unit end. Answer process relate see.','Real Estate'),('625f2bc7-7277-4a','Beck Ltd','Beverages','776404294','EURL','f4b3e1c5-2cc1-46','2022-01-16','Obrienville','Imagine seat hand face. Democratic current five safe. Simply church final reach head apply know.\nThe book suggest feel. Much religious child. Charge idea event far.','Hospitality'),('64218607-ae5a-41','Chavez Group','Housing','471659360','EURL','51313029-5ae8-45','2025-01-06','Maxwellport','Administration become purpose allow. Imagine decide sure.','Catering'),('64b59f1f-02f0-47','Olson, Wood and Malone','Food','573378620','SCOP','c5358109-6674-4d','2023-03-08','Tammybury','Hotel training area prepare listen measure PM. Air common us.\nIndicate father may sing Republican oil. Building anyone natural situation detail ball civil. My suddenly chair than moment country how.','Real Estate'),('651836f9-4e85-48','Mathews Ltd','Beverages','660682848','SCOP','6e24e807-8936-44','2023-11-28','West Elizabethton','How wall itself again involve peace onto. Leg summer place sell recently account break.\nLine night each eye wall. Exactly long here challenge. Fire against trouble.','Entertainment'),('65f31f67-7311-4d','Alvarez, Thompson and Gomez','Food','366997374','SASU','4421134d-5714-4b','2023-03-06','Jamesburgh','Open ago us anything. Common identify final talk design. Somebody brother kid operation raise hot imagine.','Entertainment'),('69da89a8-cab6-4c','Mckinney, Saunders and Gonzales','Housing','467512832','SARL','580af5e7-813d-42','2024-01-08','West Brianchester','Computer prove major officer arrive. Party very nor about. Drop summer win example rather simple.','Real Estate'),('6c9a7147-d0ae-4c','Taylor, Mclean and Jimenez','Food','638903687','SA','07b79398-bcef-48','2020-12-16','Alexanderport','Soon drive big clearly forward meet. Leader imagine scene listen just region always.\nMonth campaign poor official thus him old.','Hospitality'),('6d8c7e1b2f9a3d4f','Schneider SARL','benchmark turn-key infrastructures','522132365','Suspended','405','2019-07-12','Nouvelle-Aquitaine','Le pouvoir de rouler avant-tout','IT Services'),('6e9c8f2c-be52-47','Delgado PLC','Food','901754009','SARL','64027ca2-49c1-40','2021-07-27','South Summer','North you rock around without popular one. Give class little down address scene cause.\nSocial first door media well. Loss address PM plan world. Nation another hear task TV you.','Entertainment'),('6ff0edb4-fe94-4f','Hinton, Myers and Walker','Food','692476353','SNC','f278f50b-dbb6-48','2024-05-06','Dixonberg','Manage somebody able break during. Its political worry item drive director we increase.\nCell check boy stock. Hundred control forward history. Any behind image her organization.','Hospitality'),('7713eb00-9750-4b','Graham Group','Housing','653103394','SA','1026488f-d806-41','2021-09-16','Martinland','Bag ever experience society total standard important. But get actually name. Pm born give owner news place hospital.\nEach that understand statement line. Wide ability main amount past training.','Catering'),('77dc1688-e2de-44','Johnson, Hernandez and Edwards','Food','603959034','SASU','dcac9038-c94c-4d','2023-07-16','South Gregburgh','Total magazine treat good simply page. Relationship number chair by movement clearly.\nGood behavior dream great. Start themselves growth true anyone test risk.','Catering'),('7bd338e0-e8f9-4f','Hutchinson Inc','Beverages','134261296','SCOP','d6c6a15f-210c-49','2020-06-10','Bergermouth','Help type dog address environmental mouth thought. Economic him agree citizen firm. Great from theory bring.','Entertainment'),('7c1d5f3b4e2a9d8f','Duhamel','innovate front-end web services','779346520','Active','79','2018-06-05','Bourgogne-Franche-Comt´┐¢','Le droit de rouler autrement','Education'),('7d32eae4-8971-4b','Simmons, Brady and Good','Artistic services','947832718','SASU','982388f6-a119-44','2024-08-14','Port Kimtown','Article blood question.\nBoard magazine five loss. New material east system career teacher race.','Entertainment'),('7d3f5e9b4c1d3a8f','Olivier Normand et Fils','reinvent holistic technologies','896059353','Pending','7','2017-01-22','Grand Est','L\'avantage d\'atteindre vos buts de mani´┐¢re efficace','Healthcare'),('7dc6a00a-7d5a-44','Molina Group','Beverages','389261042','SASU','913ee535-eccf-46','2025-01-03','North Taylor','View compare picture stop accept. Pretty them ask week machine. There art people investment sometimes son run.\nOwner girl majority board season.','Entertainment'),('80fc2f0a-a968-45','Gonzalez PLC','Housing','619580264','SAS','140b723d-e9cc-4c','2024-04-10','North Shane','Deal Congress moment various need. Low half prove garden.\nAmong buy American exist. Produce drive then see source note five consumer. Create writer growth fear me here.','Real Estate'),('832ebaea-9e34-41','Wilson and Sons','Housing','971753780','SCOP','643e2086-5740-4e','2020-12-19','Scottside','Evidence local step place able. Close road buy enter court. At down join your experience natural me.','Hospitality'),('89360ae9-6998-49','Flores Inc','Housing','824659306','SAS','db7b4bee-36f7-46','2020-01-28','Donnastad','Ball very degree region argue research remember. Style hair and onto glass. Travel author form.\nGirl time few heavy would table accept. Role sit true order avoid.','Catering'),('8ea77260-9617-4f','Davis and Sons','Artistic services','939156284','EURL','66370c18-c819-4d','2024-12-05','Adamchester','Part personal citizen source culture particular at. Most opportunity report provide but would.\nCold movie worry here have less blood. Remember yourself range list learn manager discover.','Hospitality'),('8efcaa60-0d55-42','Mccall-Diaz','Artistic services','297695381','SARL','d62fa49e-598d-4c','2023-04-05','Bradton','Improve visit his then. Organization record simply yard enjoy less.\nBefore around under so. Month sort soon shoulder several. Message discuss red meeting history real main write.','Catering'),('903a152c-ccea-49','Brown PLC','Housing','662336065','SCOP','a53dd682-17a4-45','2022-10-07','West Monicaview','Around approach campaign walk specific office improve. Wait fund change building task east.\nWhy growth woman never sense often. Office sign total hundred.','Hospitality'),('9666194d-530d-48','Flores-Cooke','Beverages','325939284','SNC','d300f4f1-cbe4-45','2024-09-20','Fergusonfurt','Name cup go other. Difficult most quality. Society buy network might modern do foreign.\nLittle world ago executive mother suggest. Mention ball author week light operation draw.','Entertainment'),('99b30d4f-766c-4b','Rice, Jones and Mitchell','Beverages','272116692','EURL','9ab0ffdf-341b-44','2020-07-10','Curtisberg','Cover challenge analysis assume. Might traditional mention despite.\nChance force expect scene key. Stand risk story artist from notice. Herself poor fight tend open sister.','Real Estate'),('9b4c3d5e6f7a8c1d','Lebon','strategize vertical e-business','981208650','Active','460','2024-07-05','Normandie','L\'assurance de changer ´┐¢ la pointe','IT Services'),('9c6c44dc-d627-49','Howard-Jordan','Beverages','680660942','EURL','9bfbaad9-76c4-40','2020-04-23','Smithshire','Water course suffer small. Down spend green dream take point. Series star somebody pattern doctor herself movement true.','Catering'),('9c9a9bd4-2e19-42','Rodriguez, Hunt and Odom','Housing','069598541','SASU','7f6647b8-db2e-4b','2020-12-09','Hollybury','Early house huge measure medical left rather. Develop conference federal allow step. Paper because have finally military change. Goal behavior body government line.','Entertainment'),('9d67621a-96ac-4c','Johnson, Russell and Whitney','Housing','877040630','SA','c3041468-ff4f-4f','2021-02-21','South William','Any piece college behavior of wrong cultural central. Herself in explain national dark. Have early else firm key case when.','Hospitality'),('9eaad276-3ae9-4d','Johnson, Rodriguez and Camacho','Food','443106262','SARL','72c99910-aa87-40','2020-10-03','Laurafurt','Fine common whole teach. Tell president sister there what response.\nSure woman drop service professor hope sport within.\nCell research somebody economic. Apply crime anything for yes one camera late.','Entertainment'),('9fa48b5b-55f8-46','Cooke, Hamilton and Andrews','Housing','843083163','SA','d97eaf62-e7d6-4b','2022-07-04','Port Melissashire','Style time factor factor. Medical education series style experience air meeting expect. Sometimes almost environment read guy.','Hospitality'),('a78f641b-9d10-47','Johnston Inc','Food','296686384','SNC','5491fb10-61b8-47','2023-01-01','Thomasview','Central toward real or. Factor matter fire our course tax spend. Evidence realize dinner attention positive store stand. Listen its you list trip.','Real Estate'),('b259e5d8-48b9-48','Wilson-Dudley','Artistic services','505580455','SASU','4c44bdf2-e0c2-4f','2024-05-10','North Teresa','Off contain share team seat. Mean a his data recognize state skill.','Catering'),('b2f4e7d3c1a8b9c5','Guilbert','matrix granular applications','476309348','Pending','322','2024-06-01','Bourgogne-Franche-Comt´┐¢','Le plaisir de changer sans soucis','Education'),('b7996848-6dd9-4d','Lozano, Simmons and Adams','Artistic services','186991568','SARL','5269d124-106a-4a','2021-06-14','East Shannon','Very something open where. Girl really although always. Dinner less religious turn offer represent.','Catering'),('c1395eb4-d722-42','Thompson, Harris and Adams','Beverages','396421722','SAS','ae4322a5-9746-41','2021-02-22','New Tracy','Exactly behind western direction and in environmental. Million arm if think help history. Clear drug main final various.','Entertainment'),('c1802550-941f-4e','Steele, Williams and Rodriguez','Beverages','505597044','EURL','a190c2e0-7736-49','2022-02-03','Port Erinfurt','Pattern degree law affect behavior. Player whatever source better apply.\nInformation discussion war response old. Edge finish century quality himself. Rather age eight cup.','Real Estate'),('c28fa0ad-eaa2-47','Tate Group','Food','944255621','SASU','22072e09-167b-49','2021-10-08','Lake Julieborough','Beat management consumer deal form. Music read question rate live. A environment prove fact letter response focus.\nVote church occur long.','Real Estate'),('c2f3afb3-1ce8-44','Nelson-Conley','Food','105772312','SAS','cf9bf4df-8d89-44','2022-01-28','West Jon','Play doctor pressure space election education. Either politics fall factor area.\nArgue thing figure experience authority.','Catering'),('d077ea50-5379-41','Ochoa LLC','Beverages','614397383','SA','860d3b95-a79f-44','2023-08-22','New Angelafort','Sound impact black however most animal. Level couple institution space. Nothing avoid institution.','Catering'),('d3e20bdf-0513-44','Bass Inc','Housing','430903348','SCOP','a7bdd64b-c7f3-4d','2022-11-13','Howeshire','Design base case. Read yes mention thought ball small organization. Much leg term their.\nChance hair point hospital financial budget meeting.','Real Estate'),('d424458c-6ca6-40','Rios-Mills','Food','610545088','EURL','fb1a8186-eb94-4f','2022-10-20','New Katherine','Production make direction even necessary. Several design together.\nAlways test return exactly prepare full do.\nCause hotel indeed. Professor to policy crime someone.','Catering'),('d659de0c-1f8b-4f','Sharp-Herman','Beverages','127637690','SCOP','193a2daa-dbbf-45','2021-08-05','Anthonyside','Mrs color deal listen question century me.\nControl involve buy address month. Central once particularly may. Use he throw leader.','Entertainment'),('d685c5de-0c94-4d','Howard-Smith','Housing','671803431','SA','067eb3db-b308-47','2023-01-17','Wendyborough','Recognize sell mention way lawyer player. Call far item. Statement reflect paper professional wonder opportunity break.','Real Estate'),('d7414aaa-2724-4e','Young, Gutierrez and Crawford','Housing','885771460','SASU','f56c663c-5f1f-4e','2021-08-20','Housestad','Exactly mention explain. Professor box public read. Plan teach peace north white allow.\nPossible project affect. Degree according beautiful might.','Hospitality'),('d7a2dc07-23a7-4c','Hill Ltd','Artistic services','687120794','SARL','63cf4ccc-6e57-4b','2021-04-30','New Teresaburgh','Sense again performance blue true magazine human.\nRepresent tell center adult sure tax language. Remain consumer require these film nothing fine. Home wide pretty thank space machine political.','Hospitality'),('dc84a78c-37a0-4e','King Inc','Artistic services','012447524','SARL','4e36ded9-49f4-41','2020-10-12','Lake James','Buy old up without cup couple painting. Option away short young edge size past. Federal list movie. Environment local cause Democrat.','Entertainment'),('dcb7a5d8-b594-4e','Vargas, Farrell and Lopez','Food','447738084','SAS','1c4db63c-cc45-4b','2022-05-02','Kevinfort','A game central into address sure environmental could. Since nothing finish.\nSpeech model speech agent. Necessary know you information two he. Himself feeling her against thank above.','Hospitality'),('de37c601-624e-4f','Lewis, Green and Hawkins','Housing','511192418','SA','5a0468ee-f0c7-4b','2021-10-05','Lake Justin','Somebody would letter coach compare environmental. Free arrive choose Mrs business forget central however.\nDemocratic several factor participant. Minute instead tend finish sell we sound.','Hospitality'),('deaddada-6a0b-41','Michael, Jenkins and Smith','Food','028225228','EURL','4de65fd4-8f00-4d','2024-11-05','Lake Davidbury','Seat small citizen nature. Somebody sea true ball throw miss.\nStock figure character spend go. List hold film.','Real Estate'),('e05ae113-88e1-4c','Hill, Martin and Richards','Housing','667516230','SAS','4dce16c8-4a50-4a','2024-04-28','North James','Lose computer somebody build nor any finally. Stage son wall Mrs finally the. Be again among either.','Entertainment'),('e15ebfab-129b-4c','Reed-Lynch','Artistic services','994265427','SNC','4a6284a0-434e-4d','2022-08-06','Richardville','Star street lawyer lay. Else everyone job information fast town method.\nReceive several certainly majority perform. Could state describe. Operation hand red spend political.','Hospitality'),('e23b0779-beb3-48','Huynh and Sons','Beverages','709624822','SAS','64aa0f2a-36ca-49','2023-06-02','New Kevin','You decade example himself nearly. Outside office direction artist short popular every artist. Produce drug between.','Hospitality'),('e9336597-fd60-4d','Hardy-Stanley','Housing','664858750','SASU','b2ec9c95-3842-43','2024-01-10','Port Dawnfort','Fine hair develop lose approach. Mother benefit door bill woman force development. Even run time become sure.','Hospitality'),('eb161272-2d33-41','Morris, Howard and Watts','Artistic services','923761332','SCOP','0ef7037f-cb4e-4c','2024-11-04','Nancyport','Similar group meet night material your amount.\nWork than exist.\nTrouble financial realize nearly age south no. Nor draw mission indicate. Reduce program kitchen argue.','Entertainment'),('f580a546-8167-44','Zhang, Bradford and Munoz','Beverages','484592283','EURL','10bd93c5-0803-4e','2020-03-09','Oconnellmouth','Understand energy computer glass. Could expert ever safe financial budget would report. Around skin because total real.','Real Estate'),('f6b406af-8340-46','Browning, Jones and Brown','Housing','542086665','SCOP','cc7188a4-26b8-40','2022-03-06','Wendyview','Ever may vote church evening around candidate. Decide stay police traditional. Test wide above current.\nNear generation ever often say. Reveal model government beautiful each.','Hospitality'),('f91a3e4b2d7f9c7b','Courtois et Fils','scale revolutionary infrastructures','309218916','Suspended','337','2017-10-04','Bretagne','Le plaisir d\'´┐¢voluer de mani´┐¢re s´┐¢re','Construction'),('fbf520d2-9342-42','Gill, Chapman and Thomas','Housing','113970937','SAS','c7507132-74fd-45','2024-01-18','North Omarhaven','Day remain main true rate.\nStay operation animal very occur. Article at drug customer. Water fund read which great drug owner region.\nMoney meeting something usually. Yard worry yet area big part.','Entertainment'),('fdeb1430-17db-41','Sanchez-Alvarez','Housing','781625978','SCOP','11932dde-ddf3-4c','2021-06-22','North Luis','Network possible whole same. Relationship more thought. Speak science be current civil near special fish.','Entertainment'),('fdf5ae4d-33d0-46','Davis, Mcclure and Wilson','Artistic services','284546183','SARL','316e85b7-25f7-4b','2022-03-29','Port Kathleen','Practice opportunity story view more local pull budget. History arm individual cause interesting particularly check.','Catering'),('ff77ef12-0164-4d','Harris, Jones and Craig','Beverages','908531869','SCOP','ec8ca3ba-ac99-42','2021-06-10','South Ana','Happy resource next. Truth last black yard carry again.\nView player nation. Stay away pay work value.\nResponse finish describe must us. Pull such future world thought blue someone.','Catering');

CREATE TABLE `purchase` (
  `id` varchar(36) NOT NULL,
  `buyDate` date NOT NULL,
  `price` float NOT NULL,
  `quantity` int NOT NULL,
  `state` enum('pending','cancelled','delivered','in_delivery','confirmed') NOT NULL,
  `idProduct` varchar(36) NOT NULL,
  `idOrder` varchar(36) NOT NULL,
  PRIMARY KEY (`id`)
);

INSERT INTO `purchase` VALUES ('015f9414-19b1-49','2023-06-08',306.61,79,'pending','cbe021b8-72c7-48b2-a49e-ca12567064a5','1c985c41-8427-4253-b866-7018d994ce9c'),('02d46de9-f252-40','2023-04-15',3675.01,70,'confirmed','7814c871-9e34-4335-90c3-bc3551990d61','b01f537c-236f-4dfa-bccf-d92b8c17b7ec'),('037a530c-0c38-4a','2023-06-03',3055.04,74,'pending','e8370e51-1cd7-41c6-80cf-a6bc8cb0a941','2aee7775-0591-46d3-833b-b8b3d857f79e'),('0d39d4fb-72e0-42','2023-06-04',2416.62,46,'cancelled','ed8ca397-17b4-480b-9936-b6e7d7aa18fe','b01f537c-236f-4dfa-bccf-d92b8c17b7ec'),('0f9d6695-3c5b-4a','2023-03-16',268.33,41,'cancelled','6a83482d-d29d-45e7-8c7f-e73e324fe11f','ef4f8184-cce3-11ef-b916-b48c9d6df3cd'),('1105965c-81af-42','2023-05-04',2531.4,6,'cancelled','caa20ddf-31e9-4582-acc3-768df218aac6','ef4f7b2e-cce3-11ef-b916-b48c9d6df3cd'),('12f0c294-5893-47','2023-03-19',2445.8,14,'pending','6668c5d2-fc00-47bd-a344-229aad29a81a','ef4f879e-cce3-11ef-b916-b48c9d6df3cd'),('170bcf8f-6c5f-46','2023-04-14',4207.46,8,'pending','8100e3cf-0692-46f1-9b3e-b25d752435bc','2aee7775-0591-46d3-833b-b8b3d857f79e'),('192eb6a8-7edc-46','2023-06-16',156.93,4,'cancelled','1ef6acf9-ca6d-4cf5-bb5f-6b24db8d478b','3d55695c-4f72-4cee-a075-ec6ba0579205'),('1b112c6d-634d-43','2023-03-21',3054.98,34,'cancelled','5f1d10f2-6e46-4b0d-ab4e-69490b88b1d5','ef4f8d28-cce3-11ef-b916-b48c9d6df3cd'),('1d1631c5-2274-41','2023-05-28',1368.71,8,'cancelled','3351b976-a396-4156-ba71-a8e37c5a1dd2','3cf09d2a-d82e-4827-9c96-988179c7c39d'),('22c015eb-37bd-40','2023-06-05',3072.55,15,'pending','fc9db2ab-f092-4e13-b385-807c798424e8','4b4e336b-4413-4d05-911f-ecb7f1f69b0d'),('2476c080-85ac-4b','2023-05-30',551.03,45,'pending','e1f24bf4-559b-4181-8b2f-1ce018eb6691','8efceda2-4cd5-44c5-bcef-1ecc3f625e1e'),('2717a21f-e7e9-4b','2023-04-03',304.18,20,'pending','ab80169a-99a0-45af-aab4-fba440751717','28262a7b-42b4-41c9-9610-fa6e5e3c5b1f'),('2ae277c3-c1a1-4e','2023-04-08',1366.28,5,'confirmed','c9dbd5a6-1b87-4a9b-8a51-be5a0892d7a7','3cf09d2a-d82e-4827-9c96-988179c7c39d'),('34ba5aca-a212-4c','2023-06-21',213.3,59,'confirmed','3f0feb8d-ddcf-4a17-92f3-dcae867f2089','fcbdc2e9-8ca9-4fef-946b-f5b6318d7f61'),('36e6a0a9-fbb5-49','2023-05-06',3679.65,59,'pending','89565736-05df-48a0-baac-6f055d30bde6','ef4f8326-cce3-11ef-b916-b48c9d6df3cd'),('398f3b2e-2eaa-44','2023-04-21',704.59,83,'pending','5a49bee5-61c0-4113-80c4-8c91aedab01e','9dccceb9-3877-4ea4-bed7-5e8b2e1e7f8b'),('40d761d0-344b-4f','2023-06-15',4312.61,37,'pending','5eac097f-facc-4ea6-a075-191dc21c2c0d','d31fc86e-be22-4907-af6e-ccc9f1a88806'),('41ceadd8-2aba-40','2023-06-06',3012.51,58,'cancelled','b70be05a-bba4-47c6-87f8-e46898b84866','ab271eb6-b55e-4274-bffc-29d1d5cf5159'),('43e6d7c5-3010-42','2023-04-29',3136.68,82,'pending','69fd9b38-12fb-4e82-bcf2-474cf5c5cc41','3a8bf641-c5b1-40af-b605-be79a4050a51'),('44719b41-ad7f-44','2023-05-03',4746.06,97,'cancelled','6b8c9d9e-1604-48b6-a163-97b9b7b52b55','7755971b-e24f-4d0c-9370-1d85f41d52af'),('453fadef-5bd8-4a','2023-05-27',3240.46,55,'confirmed','07d5b54f-f5aa-46bf-ac24-c85d7289ce44','b1a54c96-065b-44ba-b201-715a84c99d1f'),('47834724-0c5b-4c','2023-04-26',673.02,1,'cancelled','11d4de00-f342-4609-90d8-0d5aad61e3ca','d31fc86e-be22-4907-af6e-ccc9f1a88806'),('479d4ca2-70dc-42','2023-05-19',3710.7,64,'cancelled','f123fec7-41a5-48e9-9127-1e3bbde0d46c','361f8c50-2b99-4003-8c4b-c97abe830549'),('47ea3c7b-2dd6-4c','2023-03-26',1356.92,96,'confirmed','9386751d-c615-4c10-9884-92a8f1f532b1','a43443be-eccb-477c-81b4-a79b07c6a22b'),('48d476da-6414-49','2023-04-28',325.84,48,'cancelled','fa788485-8481-413b-ba9b-07e65bdfde58','9940866d-431f-4277-8372-572820deb6ce'),('4946ade5-6e70-47','2023-05-09',4070.08,93,'cancelled','80e17676-2150-430f-97cc-5d4db42ca2fb','ef4f8ae2-cce3-11ef-b916-b48c9d6df3cd'),('498f126d-3a54-42','2023-04-01',3918.64,94,'confirmed','1ecbe2f4-29c6-4838-a621-ce79efd694a5','489f8bcd-7a3f-4ef9-942f-2f8d7b573675'),('4b040780-881c-43','2023-04-19',2837.98,50,'cancelled','1d849b7d-629d-4afc-ad3c-56d32bcbb132','1c985c41-8427-4253-b866-7018d994ce9c'),('4d25fb57-c97c-41','2023-03-25',3286.49,87,'cancelled','4309a251-5637-431b-8bbd-168b4a1588b0','dfc1fd09-0b7a-45bd-9f50-d353ea2e8652'),('4d3a9887-a937-4c','2023-05-14',2734.91,89,'pending','b14e925f-d389-41d1-b88d-4c09b98b6007','dfc1fd09-0b7a-45bd-9f50-d353ea2e8652'),('527b00e1-e718-44','2023-04-02',3931.38,73,'pending','edcbe4f6-7941-480b-9320-baa159deea91','b5c8cf0a-fd59-49cd-a060-1d0727226474'),('52fcb9a2-8141-44','2023-03-30',2831.27,84,'confirmed','b8e3dab2-92ab-4cc8-9dff-6743307466c4','361f8c50-2b99-4003-8c4b-c97abe830549'),('531dcd68-2856-40','2023-05-20',968.42,76,'cancelled','d5ed7516-fabb-4c54-a120-9e77f5ff64f3','2a12ab01-f358-4258-ab49-77487d1a8303'),('551c03b8-692b-44','2023-04-16',1165.47,61,'cancelled','206d9aab-ee2d-4b71-8095-d66afb20a322','4b4e336b-4413-4d05-911f-ecb7f1f69b0d'),('5706f340-c8ed-41','2023-03-27',1211.87,29,'cancelled','6a81f604-c82d-4362-8d58-2acb42ce368d','915e4b91-f60d-4980-8f38-4e02d0e02d78'),('59aaf6ab-5188-4d','2023-04-13',3131.76,4,'cancelled','41d142e2-f0b9-4272-999c-aaca1e5a0ba7','a1a09f7f-0000-4d02-ac4a-16da6065d923'),('5d3c20f2-a2e6-41','2023-05-26',4728.17,85,'cancelled','b8f73ad8-513d-461e-9030-bb242418e3fe','a06a8145-63f5-4509-9156-f0afb30dd767'),('5d88f2d3-e647-4d','2023-04-07',4040.2,11,'confirmed','595095b3-de1e-49ab-aed4-8affbb85be89','b1a54c96-065b-44ba-b201-715a84c99d1f'),('6611ca57-a911-40','2023-05-23',3216.33,90,'confirmed','928cf789-0d14-4054-908c-51c54dc0fb02','28262a7b-42b4-41c9-9610-fa6e5e3c5b1f'),('6845b791-d5f5-42','2023-06-22',963,87,'cancelled','2b0ee874-34f3-4f75-be59-3723d1d4fe80','7755971b-e24f-4d0c-9370-1d85f41d52af'),('6a3f9596-8956-49','2023-05-01',1454.13,73,'cancelled','f39b324e-edf2-4a39-a295-0d437518d50b','f5481f41-7e3b-41a1-9d94-9137d5653b09'),('6b74197e-30c3-4c','2023-04-12',3461.7,70,'pending','8824133e-e928-4779-911f-1e43462fe9b4','9293127c-834c-425e-a265-d147382ea8b8'),('6d9e33c3-7734-4c','2023-03-31',4976.56,9,'cancelled','9ffa28d4-11ff-4c2e-9709-9c592b514b08','2a12ab01-f358-4258-ab49-77487d1a8303'),('70019e76-5c49-4a','2023-04-27',878.57,44,'cancelled','e2ac179d-3f80-4d17-b48e-8ebcdff21199','3d55695c-4f72-4cee-a075-ec6ba0579205'),('73558765-c8bb-4e','2023-04-04',2607.38,45,'cancelled','58abb110-2a33-4c3b-9061-4476463304c7','2c6395c9-ad93-45c9-86a9-6f8a1637082a'),('73dee113-71a7-41','2023-03-20',3097.24,31,'confirmed','823838d9-3147-4928-98c5-46eb911861d7','ef4f8ae2-cce3-11ef-b916-b48c9d6df3cd'),('76e8b488-4ec5-4d','2023-04-09',1772.19,12,'confirmed','18ea85f2-d595-4cd3-bf09-d6e1b7340889','14ff5df9-4353-48e4-82fa-53a74dec71b7'),('78198306-c016-4b','2023-06-14',1116.79,48,'cancelled','421bed54-b425-47c5-8466-068145db6b32','d8a9f88d-a555-4cdf-90ad-2f2c6d25cc11'),('8357fa4c-d004-45','2023-06-17',4943.17,14,'cancelled','c46fdec3-bb5d-4b51-a91f-19b4a105f965','9940866d-431f-4277-8372-572820deb6ce'),('8370c09f-2d33-43','2023-06-12',432.17,18,'cancelled','7c86171f-3ca2-4f51-b428-43fe4b9d7965','6c25255d-2cb6-4b10-8ba9-7c39f77e2df9'),('864019f1-aa12-4a','2023-06-01',1674.83,55,'cancelled','917cf4e6-24e6-4864-bd5c-ec3397108835','9293127c-834c-425e-a265-d147382ea8b8'),('86ddb5a3-02e9-4b','2023-03-17',3618.23,42,'cancelled','81e2d271-c194-43b5-83a7-04a4987d0f98','ef4f8326-cce3-11ef-b916-b48c9d6df3cd'),('8d342b08-ccd9-4d','2023-04-11',4531.03,97,'pending','554f9a62-fc68-443d-b917-0f6535709875','6e570750-6ad3-495e-9a07-7b6a35e1d2b0'),('937aac79-7f0d-49','2023-03-18',634.95,6,'pending','1981fbe0-17b8-4a03-8a5d-3b4502279246','ef4f8568-cce3-11ef-b916-b48c9d6df3cd'),('93e9c20c-f5aa-48','2023-06-09',4218.55,42,'pending','3f4ede57-0104-43d6-8311-1c0b75f133b1','b539bfa5-4d15-4785-8a1a-dc31a59f66a3'),('985ad81b-2323-41','2023-04-24',4403.4,43,'pending','bed09210-c3d9-4c64-b99e-8dad4d37ee9c','83c11f46-15db-4c92-89bd-ab1e85b8ac7e'),('9968f445-e6de-4a','2023-05-16',1832.34,58,'pending','07cee798-75d9-4100-8e6c-3aff2ee4bbdc','915e4b91-f60d-4980-8f38-4e02d0e02d78'),('9b27ba30-56a6-45','2023-06-10',3036.38,60,'pending','1e4f9b99-109f-491e-aa9a-925eced78993','9dccceb9-3877-4ea4-bed7-5e8b2e1e7f8b'),('9b81c747-b39f-46','2023-03-15',4487.7,99,'confirmed','7109d0b0-12c9-4c78-bd9a-461104959777','ef4f7b2e-cce3-11ef-b916-b48c9d6df3cd'),('9d566404-9aad-40','2023-05-05',827.23,21,'pending','fa9b1842-9393-43eb-ad73-90ddd2701ae3','ef4f8184-cce3-11ef-b916-b48c9d6df3cd'),('a559e439-3040-42','2023-04-22',2424.78,75,'confirmed','77dc082a-4d14-450e-bba0-73ccedcf6900','014f5dea-c87c-455a-9a15-8442354be6b3'),('a97bb9a0-e837-4c','2023-05-24',4987.18,93,'cancelled','17a558e3-1cce-4da6-8f82-73a1c36a8df2','2c6395c9-ad93-45c9-86a9-6f8a1637082a'),('aa67cb3c-0583-4e','2023-06-13',734.76,77,'confirmed','5cfab313-be88-41b7-bc55-9395bdfb5d39','83c11f46-15db-4c92-89bd-ab1e85b8ac7e'),('ae254f58-e78c-4e','2023-03-29',3851,75,'pending','60cdcd06-0919-44d3-9882-84967d7d7795','27117cb9-b482-43ac-9c9f-bc91feef4a63'),('b06e76d4-eff7-45','2023-04-18',4726.19,93,'cancelled','d57cac85-b4c5-47de-82aa-662dbc5db366','e2cda31e-cfcd-4f85-88df-96663223eb7f'),('b5ab2ff9-4375-47','2023-05-02',130.8,22,'pending','3a31f931-e4f9-4d73-ac80-491090dcb217','fcbdc2e9-8ca9-4fef-946b-f5b6318d7f61'),('b660b5a4-cea5-44','2023-06-20',2080.89,38,'confirmed','20f68abe-0c97-4467-9941-3538c273ad70','f5481f41-7e3b-41a1-9d94-9137d5653b09'),('b9773b91-af01-43','2023-05-17',296.02,76,'pending','efb25fad-15a0-4b63-b5e1-c51344e57529','dc725f1d-5242-4e11-9f85-bad4a6f2090f'),('ba9bf275-a328-45','2023-06-18',1197.11,74,'pending','3b9bf685-c5a1-46aa-b4f9-114f61afda86','3a8bf641-c5b1-40af-b605-be79a4050a51'),('bceb421f-0dba-4c','2023-04-20',4251.01,9,'confirmed','7870e4e6-55cb-423d-934f-512f35e49ee9','b539bfa5-4d15-4785-8a1a-dc31a59f66a3'),('bd5dedae-0453-49','2023-05-22',656.27,43,'pending','c19cf2a3-08f5-4e62-84d4-33c904c188bd','b5c8cf0a-fd59-49cd-a060-1d0727226474'),('c13f0732-bad0-43','2023-05-25',2242.83,26,'pending','88e7675f-5c39-46a1-afdf-66d9ef62e776','4284cb6b-84a2-489a-942a-e2308540e4e4'),('c36e082a-d55d-4d','2023-04-10',4865.64,18,'cancelled','8dcee758-4fab-446e-b331-cdf771f08c03','8efceda2-4cd5-44c5-bcef-1ecc3f625e1e'),('c70a1a95-acc0-47','2023-03-22',1130.44,17,'confirmed','69cf4631-2e7c-42c3-addd-a45146276334','ef4f8f6a-cce3-11ef-b916-b48c9d6df3cd'),('c9060aa5-aeb2-42','2023-06-11',693.72,49,'pending','c7163d33-384c-4763-8d56-5d4b1b013cae','014f5dea-c87c-455a-9a15-8442354be6b3'),('cefce4d0-bb5b-49','2023-05-13',4461.69,73,'pending','0442a817-fbb2-426f-b5f7-b8ef698bbf3f','ef4f93fe-cce3-11ef-b916-b48c9d6df3cd'),('d084134f-85ee-49','2023-04-30',139.5,88,'confirmed','14819bb1-aa60-43e9-b8f6-09691e26bb44','2621aeae-48bd-4dee-b98e-f078e71fd813'),('d0c18679-a76a-48','2023-04-23',3630.31,4,'cancelled','07cb7fd9-d843-473d-9fac-9c6837b713f6','6c25255d-2cb6-4b10-8ba9-7c39f77e2df9'),('da175d54-1d43-42','2023-04-05',1368.61,75,'confirmed','a1d5dd14-baa1-49c3-8191-f84e4646f32b','4284cb6b-84a2-489a-942a-e2308540e4e4'),('dbc31d6c-d60c-4c','2023-03-23',3155.5,17,'cancelled','d6a59c23-6f03-4c76-b052-b3f9b2803e34','ef4f91c4-cce3-11ef-b916-b48c9d6df3cd'),('dd157b0f-d72d-44','2023-05-10',509.34,20,'cancelled','56055396-5aa7-411f-bd6e-f4451299a312','ef4f8d28-cce3-11ef-b916-b48c9d6df3cd'),('ddbbaa91-0733-43','2023-04-17',4312.81,17,'confirmed','8243dc73-bf5e-4991-a405-8a5ffb91cfe6','ab271eb6-b55e-4274-bffc-29d1d5cf5159'),('e3a9389e-c2c0-4e','2023-05-11',2001.26,9,'pending','60815c41-31c1-4148-8335-ffa6fd77cb25','ef4f8f6a-cce3-11ef-b916-b48c9d6df3cd'),('e4640630-0bf4-4b','2023-03-28',882.33,76,'pending','2c895841-00cb-412e-b394-7784aa57ce9f','dc725f1d-5242-4e11-9f85-bad4a6f2090f'),('e5dac67f-69d5-44','2023-04-06',1533.22,74,'pending','a100ebcd-fbd0-4a5e-9e78-8f8b48d07038','a06a8145-63f5-4509-9156-f0afb30dd767'),('e8b2b667-fbe8-4e','2023-04-25',4111.47,57,'pending','f1da1129-e60c-47cf-aafe-60c7ebbcc605','d8a9f88d-a555-4cdf-90ad-2f2c6d25cc11'),('e9cf2107-e2ee-49','2023-05-15',3769.96,87,'cancelled','73b83605-2bf6-4d3c-aca1-fa829cf89eba','a43443be-eccb-477c-81b4-a79b07c6a22b'),('ed0e0c5a-01b3-4d','2023-05-21',4619.76,26,'confirmed','d2c22e3f-be8e-47e4-bcf5-5f858bc9dcaf','489f8bcd-7a3f-4ef9-942f-2f8d7b573675'),('ed37e051-e205-4c','2023-05-29',4994.12,42,'cancelled','c3817dbd-dc35-4a28-908f-858009adc9dd','14ff5df9-4353-48e4-82fa-53a74dec71b7'),('ef1d2f01-edbe-41','2023-05-07',4280.74,22,'pending','c2d1c7a9-d089-407c-bccd-a118ff08ff8d','ef4f8568-cce3-11ef-b916-b48c9d6df3cd'),('ef45048b-d18d-4d','2023-05-31',3171.58,29,'cancelled','9b140dca-f7ab-4589-8f60-415224e61cfc','6e570750-6ad3-495e-9a07-7b6a35e1d2b0'),('f069d827-5229-4b','2023-03-24',3641.3,20,'pending','b6a80e3a-eaa4-4578-8982-831a4ffaca13','ef4f93fe-cce3-11ef-b916-b48c9d6df3cd'),('f333616c-282c-44','2023-06-07',4833.09,70,'pending','3ed11369-c1ea-4a06-a922-26ac802230b5','e2cda31e-cfcd-4f85-88df-96663223eb7f'),('f55fd1c0-ed3c-4e','2023-06-02',3611.41,6,'cancelled','2643f3fa-b9df-476f-a144-d0effc3bf9d1','a1a09f7f-0000-4d02-ac4a-16da6065d923'),('f6d518d7-8c94-47','2023-05-08',1713.18,5,'pending','6769ad9c-71f6-490d-8018-6a54346ea6c2','ef4f879e-cce3-11ef-b916-b48c9d6df3cd'),('f6dea35f-9dd3-44','2023-05-18',1531.26,96,'confirmed','ea7a53de-b3e9-40cf-bb1c-ba552a25e9cd','27117cb9-b482-43ac-9c9f-bc91feef4a63'),('fb5e7e0a-4273-4f','2023-06-19',2612.01,77,'cancelled','e728e461-e2b1-447e-8b69-bd1eda415222','2621aeae-48bd-4dee-b98e-f078e71fd813'),('ff5bbb45-2742-48','2023-05-12',893.71,72,'pending','ae61f276-89ca-4b1e-a23f-a278fd22122f','ef4f91c4-cce3-11ef-b916-b48c9d6df3cd');

